[27Aug2026 20:09:31.037] [main/INFO] [cpw.mods.modlauncher.Launcher/MODLAUNCHER]: ModLauncher running: args [--launchTarget, forgeserver, --fml.forgeVersion, 47.3.7, --fml.mcVersion, 1.20.1, --fml.forgeGroup, net.minecraftforge, --fml.mcpVersion, 20230612.114412, nogui]
[27Aug2026 20:09:31.041] [main/INFO] [cpw.mods.modlauncher.Launcher/MODLAUNCHER]: ModLauncher 10.0.9+10.0.9+main.dcd20f30 starting: java version 17.0.19 by Ubuntu; OS Linux arch amd64 version 6.8.0-1052-azure
[27Aug2026 20:09:32.571] [main/INFO] [net.minecraftforge.fml.loading.ImmediateWindowHandler/]: ImmediateWindowProvider not loading because launch target is forgeserver
[27Aug2026 20:09:32.631] [main/INFO] [mixin/]: SpongePowered MIXIN Subsystem Version=0.8.5 Source=union:/workspaces/perusito/servidor_minecraft/libraries/org/spongepowered/mixin/0.8.5/mixin-0.8.5.jar%2363!/ Service=ModLauncher Env=SERVER
[27Aug2026 20:09:33.130] [main/WARN] [net.minecraftforge.fml.loading.moddiscovery.ModFileParser/LOADING]: Mod file /workspaces/perusito/servidor_minecraft/libraries/net/minecraftforge/fmlcore/1.20.1-47.3.7/fmlcore-1.20.1-47.3.7.jar is missing mods.toml file
[27Aug2026 20:09:33.131] [main/WARN] [net.minecraftforge.fml.loading.moddiscovery.ModFileParser/LOADING]: Mod file /workspaces/perusito/servidor_minecraft/libraries/net/minecraftforge/javafmllanguage/1.20.1-47.3.7/javafmllanguage-1.20.1-47.3.7.jar is missing mods.toml file
[27Aug2026 20:09:33.133] [main/WARN] [net.minecraftforge.fml.loading.moddiscovery.ModFileParser/LOADING]: Mod file /workspaces/perusito/servidor_minecraft/libraries/net/minecraftforge/lowcodelanguage/1.20.1-47.3.7/lowcodelanguage-1.20.1-47.3.7.jar is missing mods.toml file
[27Aug2026 20:09:33.134] [main/WARN] [net.minecraftforge.fml.loading.moddiscovery.ModFileParser/LOADING]: Mod file /workspaces/perusito/servidor_minecraft/libraries/net/minecraftforge/mclanguage/1.20.1-47.3.7/mclanguage-1.20.1-47.3.7.jar is missing mods.toml file
[27Aug2026 20:09:33.629] [main/INFO] [net.minecraftforge.fml.loading.moddiscovery.JarInJarDependencyLocator/]: Found 17 dependencies adding them to mods collection
[27Aug2026 20:09:36.560] [main/INFO] [mixin/]: Compatibility level set to JAVA_17
[27Aug2026 20:09:36.849] [main/INFO] [mixin/]: Successfully loaded Mixin Connector [com.sonicether.soundphysics.MixinConnector]
[27Aug2026 20:09:36.852] [main/INFO] [cpw.mods.modlauncher.LaunchServiceHandler/MODLAUNCHER]: Launching target 'forgeserver' with arguments [nogui]
[27Aug2026 20:09:36.868] [main/WARN] [mixin/]: Reference map 'trashslot.refmap.json' for trashslot.mixins.json could not be read. If this is a development environment you can ignore this message
[27Aug2026 20:09:37.084] [main/INFO] [ModernFix/]: Loaded configuration file for ModernFix 5.27.66+mc1.20.1: 110 options available, 0 override(s) found
[27Aug2026 20:09:37.086] [main/INFO] [ModernFix/]: Applying Nashorn fix
[27Aug2026 20:09:37.103] [main/INFO] [ModernFix/]: Applied Forge config corruption patch
[27Aug2026 20:09:37.256] [main/WARN] [mixin/]: Reference map 'puzzlesaccessapi.common.refmap.json' for puzzlesaccessapi.common.mixins.json could not be read. If this is a development environment you can ignore this message
[27Aug2026 20:09:37.382] [main/WARN] [mixin/]: Reference map 'coroutil.refmap.json' for coroutil.mixins.json could not be read. If this is a development environment you can ignore this message
[27Aug2026 20:09:37.455] [main/INFO] [Puzzles Lib/]: Loading 87 mods:
	- alexscaves 2.0.2
	- alexsmobs 1.22.9
	- architectury 9.2.14
	- argentinasdelightreborn 0.0.23
	- artifacts 9.5.19
		\-- expandability 9.0.4
	- balm 7.3.42
		\-- kuma_api 20.1.12
	- berries_and_cherries 1.0.9
	- betterbiomeblend 1.4.0
	- biomesoplenty 18.0.0.592
	- blueprint 7.1.3
	- brewinandchewin 1.20.1-3.2.1
	- brewincompatdelight 1.3.8
	- bygonenether 1.3.2
	- carryon 2.1.2.7
	- cataclysm 3.31
	- chunky 1.3.146
	- citadel 2.6.3
	- cloth_config 11.1.136
	- clumps 12.0.0.4
	- corn_delight 1.2.11-1.20.1
	- coroutil 1.20.1-1.3.7
	- creativecore 2.12.39
	- culturaldelights 0.16.6
	- cupboard 1.20.1-3.9
	- curios 5.14.1+1.20.1
	- decocraft 3.0.4-1.20.1
	- delightful 3.8.1
	- displaydelight 1.7.0
	- endergetic 5.0.1
	- endrem 5.3.3-R-1.20.1
	- entityculling 1.10.5
		|-- transition 1.0.21
		\-- trender 1.0.15
	- farmersdelight 1.20.1-1.3.3
	- fastfurnace 8.0.2
	- ferritecore 6.0.1
	- forge 47.3.7
	- framework 0.8.0
	- ftblibrary 2001.2.13
	- ftbultimine 2001.1.5
	- geckolib 4.8.4
	- iceandfire 2.1.13-1.20.1
	- immediatelyfast 1.5.5+1.20.4
	- immersive_paintings 0.6.13+1.20.1
	- ironchest 1.20.1-14.4.4
	- jade 11.13.3+forge
	- jei 15.20.0.112
	- kotlinforforge 4.12.0
	- lionfishapi 3.0
	- littleframes 1.4.3
	- minecraft 1.20.1
	- modernfix 5.27.66+mc1.20.1
	- moonlight 1.20-2.16.34
		\-- mixinsquared 0.1.1
	- mr_dungeons_andtaverns 3.0.3.f
	- mysterious_mountain_lib 1.6.34-1.20.1
	- naturescompass 1.20.1-1.12.0-forge
	- nethersdelight 1.20.1-4.0
	- ntgl 3.1.2
	- patchouli 1.20.1-85-FORGE
	- placebo 8.6.3
	- playeranimator 1.0.2-rc1+1.20
	- polymorph 0.49.10+1.20.1
		\-- spectrelib 0.13.17+1.20.1
	- puzzleslib 8.1.33
		\-- puzzlesaccessapi 20.1.1
	- refurbished_furniture 1.0.20
	- rusticdelight 1.7.0
	- securitycraft 1.9.8
	- skin_changer 0.6.6
	- sophisticatedbackpacks 3.24.62.2017
	- sophisticatedcore 1.3.74.2216
	- sound_physics_remastered 1.20.1-1.5.1
	- stalwart_dungeons 1.2.8
	- structureessentials 1.20.1-5.0
	- supermartijn642configlib 1.1.8
	- supermartijn642corelib 1.1.22
	- terrablender 3.0.1.10
	- tombstone 9.0.9
	- trashslot 15.1.5
	- veggiesdelight 1.9.3
	- waystones 14.1.20
	- xaerominimap 26.4.2
	- xaeroworldmap 1.44.2
		\-- xaerolib 1.7.1
[27Aug2026 20:09:37.747] [main/INFO] [com.cupboard.Cupboard/]: Loaded config for: structureessentials.json
[27Aug2026 20:09:37.883] [main/INFO] [net.minecraftforge.coremod.CoreMod.placebo/COREMODLOG]: Patching IForgeItemStack#getEnchantmentLevel
[27Aug2026 20:09:37.927] [main/INFO] [net.minecraftforge.coremod.CoreMod.placebo/COREMODLOG]: Patching IForgeItemStack#getEnchantmentLevel
[27Aug2026 20:09:39.315] [main/WARN] [mixin/]: Error loading class: me/jellysquid/mods/sodium/client/world/biome/BiomeColorCache (java.lang.ClassNotFoundException: me.jellysquid.mods.sodium.client.world.biome.BiomeColorCache)
[27Aug2026 20:09:39.315] [main/WARN] [mixin/]: @Mixin target me.jellysquid.mods.sodium.client.world.biome.BiomeColorCache was not found betterbiomeblend-embeddium.mixins.json:MixinBiomeColorCache
[27Aug2026 20:09:39.317] [main/WARN] [mixin/]: Error loading class: me/jellysquid/mods/sodium/client/gui/SodiumGameOptionPages (java.lang.ClassNotFoundException: me.jellysquid.mods.sodium.client.gui.SodiumGameOptionPages)
[27Aug2026 20:09:39.317] [main/WARN] [mixin/]: @Mixin target me.jellysquid.mods.sodium.client.gui.SodiumGameOptionPages was not found betterbiomeblend-embeddium.mixins.json:MixinSodiumGameOptionPages
[27Aug2026 20:09:39.711] [main/INFO] [MixinExtras|Service/]: Initializing MixinExtras via com.llamalad7.mixinextras.service.MixinExtrasServiceImpl(version=0.5.3).
[27Aug2026 20:09:40.175] [main/WARN] [net.minecraft.SystemReport/]: Failed retrieving info for group hardware
java.lang.NoClassDefFoundError: com/sun/jna/Platform
	at oshi.SystemInfo.<clinit>(SystemInfo.java:60) ~[oshi-core-6.2.2.jar%2369!/:6.2.2]
	at net.minecraft.SystemReport.m_143564_(SystemReport.java:52) ~[server-1.20.1-20230612.114412-srg.jar%23251!/:?]
	at net.minecraft.SystemReport.m_143516_(SystemReport.java:82) ~[server-1.20.1-20230612.114412-srg.jar%23251!/:?]
	at net.minecraft.SystemReport.<init>(SystemReport.java:52) ~[server-1.20.1-20230612.114412-srg.jar%23251!/:?]
	at net.minecraft.CrashReport.<init>(CrashReport.java:31) ~[server-1.20.1-20230612.114412-srg.jar%23251!/:?]
	at net.minecraft.CrashReport.m_127529_(CrashReport.java:216) ~[server-1.20.1-20230612.114412-srg.jar%23251!/:?]
	at net.minecraft.server.Main.main(Main.java:116) ~[server-1.20.1-20230612.114412-srg.jar%23251!/:?]
	at jdk.internal.reflect.NativeMethodAccessorImpl.invoke0(Native Method) ~[?:?]
	at jdk.internal.reflect.NativeMethodAccessorImpl.invoke(NativeMethodAccessorImpl.java:77) ~[?:?]
	at jdk.internal.reflect.DelegatingMethodAccessorImpl.invoke(DelegatingMethodAccessorImpl.java:43) ~[?:?]
	at java.lang.reflect.Method.invoke(Method.java:569) ~[?:?]
	at net.minecraftforge.fml.loading.targets.CommonLaunchHandler.runTarget(CommonLaunchHandler.java:111) ~[fmlloader-1.20.1-47.3.7.jar%2367!/:?]
	at net.minecraftforge.fml.loading.targets.CommonLaunchHandler.serverService(CommonLaunchHandler.java:103) ~[fmlloader-1.20.1-47.3.7.jar%2367!/:?]
	at net.minecraftforge.fml.loading.targets.CommonServerLaunchHandler.lambda$makeService$0(CommonServerLaunchHandler.java:27) ~[fmlloader-1.20.1-47.3.7.jar%2367!/:?]
	at cpw.mods.modlauncher.LaunchServiceHandlerDecorator.launch(LaunchServiceHandlerDecorator.java:30) ~[modlauncher-10.0.9.jar%2353!/:?]
	at cpw.mods.modlauncher.LaunchServiceHandler.launch(LaunchServiceHandler.java:53) ~[modlauncher-10.0.9.jar%2353!/:?]
	at cpw.mods.modlauncher.LaunchServiceHandler.launch(LaunchServiceHandler.java:71) ~[modlauncher-10.0.9.jar%2353!/:?]
	at cpw.mods.modlauncher.Launcher.run(Launcher.java:108) ~[modlauncher-10.0.9.jar%2353!/:?]
	at cpw.mods.modlauncher.Launcher.main(Launcher.java:78) ~[modlauncher-10.0.9.jar%2353!/:?]
	at cpw.mods.modlauncher.BootstrapLaunchConsumer.accept(BootstrapLaunchConsumer.java:26) ~[modlauncher-10.0.9.jar%2353!/:?]
	at cpw.mods.modlauncher.BootstrapLaunchConsumer.accept(BootstrapLaunchConsumer.java:23) ~[modlauncher-10.0.9.jar%2353!/:?]
	at cpw.mods.bootstraplauncher.BootstrapLauncher.main(BootstrapLauncher.java:141) ~[bootstraplauncher-1.1.2.jar:?]
Caused by: java.lang.ClassNotFoundException: com.sun.jna.Platform
	at jdk.internal.loader.BuiltinClassLoader.loadClass(BuiltinClassLoader.java:641) ~[?:?]
	at java.lang.ClassLoader.loadClass(ClassLoader.java:525) ~[?:?]
	at cpw.mods.cl.ModuleClassLoader.loadClass(ModuleClassLoader.java:137) ~[securejarhandler-2.1.10.jar:?]
	at java.lang.ClassLoader.loadClass(ClassLoader.java:525) ~[?:?]
	... 22 more
[27Aug2026 20:09:40.269] [main/INFO] [net.minecraft.server.Bootstrap/]: ModernFix reached bootstrap stage (11.80 s after launch)
[27Aug2026 20:09:40.505] [main/WARN] [mixin/]: @Final field delegatesByName:Ljava/util/Map; in modernfix-modernfix.mixins.json:perf.forge_registry_alloc.ForgeRegistryMixin should be final
[27Aug2026 20:09:40.506] [main/WARN] [mixin/]: @Final field delegatesByValue:Ljava/util/Map; in modernfix-modernfix.mixins.json:perf.forge_registry_alloc.ForgeRegistryMixin should be final
[27Aug2026 20:09:41.569] [main/INFO] [mixin/]: Mixing PlacePieMixin from delightful.mixins.json into net.minecraft.world.item.Item
[27Aug2026 20:09:41.570] [main/INFO] [mixin/]: Mixing IsPieEdibleMixin from delightful.mixins.json into net.minecraft.world.item.Item
[27Aug2026 20:09:41.575] [main/INFO] [mixin/]: Mixing PieFoodPropertiesMixin from delightful.mixins.json into net.minecraft.world.item.Item
[27Aug2026 20:09:42.057] [main/INFO] [net.minecraft.server.Bootstrap/]: Vanilla bootstrap took 1738 milliseconds
[27Aug2026 20:09:43.197] [main/INFO] [net.minecraftforge.coremod.CoreMod.placebo/COREMODLOG]: Patching IForgeItemStack#getEnchantmentLevel
[27Aug2026 20:09:43.200] [main/INFO] [net.minecraftforge.coremod.CoreMod.placebo/COREMODLOG]: Patching IForgeItemStack#getEnchantmentLevel
[27Aug2026 20:09:43.382] [main/INFO] [net.minecraftforge.coremod.CoreMod.placebo/COREMODLOG]: Patching IForgeItemStack#getEnchantmentLevel
[27Aug2026 20:09:43.382] [main/INFO] [net.minecraftforge.coremod.CoreMod.placebo/COREMODLOG]: Patching IForgeItemStack#getEnchantmentLevel
[27Aug2026 20:09:44.681] [main/WARN] [mixin/]: @Inject(@At("INVOKE_ASSIGN")) Shift.BY=2 on refurbished_furniture.common.mixins.json:LevelChunkMixin::handler$bfc000$refurbishedFurniture$AfterRemoveBlockEntity exceeds the maximum allowed value: 0. Increase the value of maxShiftBy to suppress this warning.
[27Aug2026 20:09:45.618] [main/WARN] [mixin/]: Mixin alexscaves.mixins.json:SwampHutPieceMixin has multiple constructors, (Lnet/minecraft/world/level/levelgen/structure/pieces/StructurePieceType;IIIIIILnet/minecraft/core/Direction;)V was selected

[27Aug2026 20:09:45.770] [main/WARN] [mixin/]: Static binding violation: PRIVATE @Overwrite method m_47505_ in modernfix-modernfix.mixins.json:perf.remove_biome_temperature_cache.BiomeMixin cannot reduce visibiliy of PUBLIC target method, visibility will be upgraded.
[27Aug2026 20:09:46.365] [modloading-worker-0/INFO] [xaero.lib.XaeroLib/]: Registering common data for channel xaerolib:main!
[27Aug2026 20:09:46.377] [modloading-worker-0/INFO] [xaero.lib.XaeroLib/]: Loading primary common config for channel xaerolib:main!
[27Aug2026 20:09:46.383] [modloading-worker-0/INFO] [xaero.lib.XaeroLib/]: Loading server config profiles for channel xaerolib:main!
[27Aug2026 20:09:46.413] [modloading-worker-0/INFO] [net.blay09.mods.balm.forge.config.ForgeBalmConfig/]: Registering config for trashslot:common (COMMON) with 5 properties.
[27Aug2026 20:09:46.527] [modloading-worker-0/INFO] [net.blay09.mods.balm.forge.config.ForgeBalmConfig/]: Registering config for waystones:common (COMMON) with 46 properties.
[27Aug2026 20:09:46.555] [modloading-worker-0/INFO] [xaero.map.WorldMap/]: Registering common data for channel xaeroworldmap:main!
[27Aug2026 20:09:46.585] [modloading-worker-0/INFO] [xaero.map.WorldMap/]: Loading primary common config for channel xaeroworldmap:main!
[27Aug2026 20:09:46.588] [modloading-worker-0/INFO] [xaero.map.WorldMap/]: Loading server config profiles for channel xaeroworldmap:main!
[27Aug2026 20:09:46.786] [modloading-worker-0/INFO] [dev.architectury.networking.forge.NetworkManagerImpl/]: Registering C2S receiver with id architectury:sync_ids
[27Aug2026 20:09:46.788] [modloading-worker-0/INFO] [dev.architectury.networking.forge.NetworkManagerImpl/]: Registering C2S receiver with id artifacts:networking_channel/42a7ad70b1cc371599a0eff744096b8a
[27Aug2026 20:09:46.791] [modloading-worker-0/INFO] [dev.architectury.networking.forge.NetworkManagerImpl/]: Registering C2S receiver with id artifacts:networking_channel/74a5e841822a3a87854ae896a33430d6
[27Aug2026 20:09:46.797] [modloading-worker-0/INFO] [dev.architectury.networking.forge.NetworkManagerImpl/]: Registering C2S receiver with id artifacts:networking_channel/eb3d1e2748533430848cadf0f37c7e9c
[27Aug2026 20:09:46.800] [modloading-worker-0/INFO] [dev.architectury.networking.forge.NetworkManagerImpl/]: Registering C2S receiver with id artifacts:networking_channel/91c8520f19f93b3e8b6a727568e194ab
[27Aug2026 20:09:46.803] [modloading-worker-0/INFO] [dev.architectury.networking.forge.NetworkManagerImpl/]: Registering C2S receiver with id artifacts:networking_channel/8c2784d778293fd482ed84b8aa5fedb9
[27Aug2026 20:09:46.806] [modloading-worker-0/INFO] [dev.architectury.networking.forge.NetworkManagerImpl/]: Registering C2S receiver with id artifacts:networking_channel/ea038224ea783d40b2863f52239e2604
[27Aug2026 20:09:46.807] [modloading-worker-0/INFO] [dev.architectury.networking.forge.NetworkManagerImpl/]: Registering C2S receiver with id artifacts:networking_channel/97ad64b7ecaf33209991c4f031501a58
[27Aug2026 20:09:47.065] [modloading-worker-0/INFO] [net.minecraftforge.common.ForgeMod/FORGEMOD]: Forge mod loading, version 47.3.7, for MC 1.20.1 with MCP 20230612.114412
[27Aug2026 20:09:47.066] [modloading-worker-0/INFO] [net.minecraftforge.common.MinecraftForge/FORGE]: MinecraftForge v47.3.7 Initialized
[27Aug2026 20:09:47.786] [modloading-worker-0/INFO] [com.jkvin114.displaydelight.init.compat.ExpandedDelightDisplayBlocks/]: Expanded delight blocks are loaded
[27Aug2026 20:09:48.292] [modloading-worker-0/INFO] [xaero.common.HudMod/]: Registering common data for channel xaerominimap:main!
[27Aug2026 20:09:48.344] [modloading-worker-0/INFO] [xaero.common.HudMod/]: Loading primary common config for channel xaerominimap:main!
[27Aug2026 20:09:48.347] [modloading-worker-0/INFO] [xaero.common.HudMod/]: Loading server config profiles for channel xaerominimap:main!
[27Aug2026 20:09:48.388] [modloading-worker-0/INFO] [dev.architectury.networking.forge.NetworkManagerImpl/]: Registering C2S receiver with id ftbultimine:key_pressed
[27Aug2026 20:09:48.389] [modloading-worker-0/INFO] [dev.architectury.networking.forge.NetworkManagerImpl/]: Registering C2S receiver with id ftbultimine:mode_changed
[27Aug2026 20:09:48.391] [modloading-worker-0/INFO] [dev.architectury.networking.forge.NetworkManagerImpl/]: Registering C2S receiver with id ftbultimine:sync_config_to_server
[27Aug2026 20:09:48.519] [modloading-worker-0/INFO] [coroutil/]: forge loader environment detected
[27Aug2026 20:09:48.604] [modloading-worker-0/INFO] [dev.architectury.networking.forge.NetworkManagerImpl/]: Registering C2S receiver with id ftblibrary:edit_nbt_response
[27Aug2026 20:09:48.611] [modloading-worker-0/INFO] [com.cupboard.Cupboard/]: Loaded config for: cupboard.json
[27Aug2026 20:09:48.666] [modloading-worker-0/INFO] [Puzzles Lib/]: Constructing common components for puzzleslib:main
[27Aug2026 20:09:48.679] [modloading-worker-0/INFO] [thedarkcolour.kotlinforforge.test.KotlinForForge/]: Kotlin For Forge Enabled!
[27Aug2026 20:09:48.681] [modloading-worker-0/INFO] [be.florens.expandability.ExpandAbility/]: ExpandAbility here, who dis?
[27Aug2026 20:09:50.133] [main/INFO] [STDOUT/]: [com.razz.decocraft.utils.JsonParser:parseFiles:27]: union:/workspaces/perusito/servidor_minecraft/mods/decocraft-3.0.4-1.20.1-slim.jar%23198!/assets/decocraft/decocraft.json
[27Aug2026 20:10:07.979] [main/INFO] [Moonlight/]: Initialized block sets in 21ms
[27Aug2026 20:10:08.265] [main/INFO] [ModernFix/]: Bypassed Mojang DFU
[27Aug2026 20:10:08.265] [main/INFO] [ModernFix/]: Instantiating Mojang DFU
[27Aug2026 20:10:09.145] [main/WARN] [net.minecraft.network.syncher.SynchedEntityData/]: defineId called for: class com.github.alexmodguy.alexscaves.server.entity.living.TremorzillaEntity from class com.github.alexmodguy.alexscaves.server.entity.living.LicowitchEntity
[27Aug2026 20:10:09.690] [modloading-worker-0/INFO] [xaero.lib.XaeroLib/]: Loading XaeroLib common 1/2!
[27Aug2026 20:10:09.693] [modloading-worker-0/INFO] [com.structureessentials.StructureEssentials/]: structureessentials mod initialized
[27Aug2026 20:10:09.764] [modloading-worker-0/INFO] [cn.mcmod_mmf.mmlib.Main/]: Presented by Zaia
[27Aug2026 20:10:09.769] [modloading-worker-0/INFO] [com.jkvin114.displaydelight.DisplayDelight/]: HELLO FROM COMMON SETUP
[27Aug2026 20:10:09.785] [modloading-worker-0/INFO] [com.draconicarcher.brewincompatdelight.Brewincompatdelight/]: HELLO FROM COMMON SETUP
[27Aug2026 20:10:09.865] [modloading-worker-0/INFO] [dev.architectury.networking.forge.NetworkManagerImpl/]: Registering C2S receiver with id skin_changer:mbechannel/c6416779da663f62836ae72f0509aa3e
[27Aug2026 20:10:09.867] [modloading-worker-0/INFO] [dev.architectury.networking.forge.NetworkManagerImpl/]: Registering C2S receiver with id skin_changer:mbechannel/8489ea5ae87e3a6199b65ea21ca8f8c8
[27Aug2026 20:10:09.975] [Forge Version Check/INFO] [net.minecraftforge.fml.VersionChecker/]: [clumps] Starting version check at https://updates.blamejared.com/get?n=clumps&gv=1.20.1
[27Aug2026 20:10:10.158] [Thread-0/INFO] [ModernFix/]: Please use /mfsrc to reload any changed mod config files
[27Aug2026 20:10:10.422] [main/INFO] [Moonlight/]: Initialized color sets in 89ms
[27Aug2026 20:10:10.426] [main/INFO] [terrablender/]: Registered region minecraft:overworld to index 0 for type OVERWORLD
[27Aug2026 20:10:10.427] [main/INFO] [terrablender/]: Registered region minecraft:nether to index 0 for type NETHER
[27Aug2026 20:10:10.427] [main/INFO] [terrablender/]: Registered region biomesoplenty:overworld_primary to index 1 for type OVERWORLD
[27Aug2026 20:10:10.427] [main/INFO] [terrablender/]: Registered region biomesoplenty:overworld_secondary to index 2 for type OVERWORLD
[27Aug2026 20:10:10.428] [main/INFO] [terrablender/]: Registered region biomesoplenty:overworld_rare to index 3 for type OVERWORLD
[27Aug2026 20:10:10.428] [main/INFO] [terrablender/]: Registered region biomesoplenty:nether_common to index 1 for type NETHER
[27Aug2026 20:10:10.428] [main/INFO] [terrablender/]: Registered region biomesoplenty:nether_rare to index 2 for type NETHER
[27Aug2026 20:10:10.577] [main/INFO] [Framework/SYNCED_ENTITY_DATA]: Registered synced data key refurbished_furniture:lock_yaw for refurbished_furniture:seat
[27Aug2026 20:10:10.601] [Forge Version Check/INFO] [net.minecraftforge.fml.VersionChecker/]: [clumps] Found status: BETA Current: 12.0.0.4 Target: 12.0.0.4
[27Aug2026 20:10:10.602] [Forge Version Check/INFO] [net.minecraftforge.fml.VersionChecker/]: [puzzlesaccessapi] Starting version check at https://raw.githubusercontent.com/Fuzss/modresources/main/update/puzzlesaccessapi.json
[27Aug2026 20:10:10.634] [Forge Version Check/INFO] [net.minecraftforge.fml.VersionChecker/]: [puzzlesaccessapi] Found status: BETA Current: 20.1.1 Target: null
[27Aug2026 20:10:10.635] [Forge Version Check/INFO] [net.minecraftforge.fml.VersionChecker/]: [sound_physics_remastered] Starting version check at https://update.maxhenkel.de/forge/sound_physics_remastered
[27Aug2026 20:10:10.687] [modloading-worker-0/INFO] [xaero.lib.XaeroLib/]: Loading XaeroLib server 1/2!
[27Aug2026 20:10:10.688] [modloading-worker-0/INFO] [xaero.map.server.WorldMapServer/]: Loading Xaero's World Map - Stage 1/2 (Server)
[27Aug2026 20:10:10.689] [modloading-worker-0/INFO] [xaero.minimap.XaeroMinimap/]: Loading Xaero's Minimap - Stage 1/2 (Server)
[27Aug2026 20:10:10.714] [main/INFO] [xaero.lib.XaeroLib/]: Loading XaeroLib common 2/2!
[27Aug2026 20:10:10.714] [main/INFO] [xaero.lib.XaeroLib/]: Loading XaeroLib server 2/2!
[27Aug2026 20:10:10.714] [main/INFO] [xaero.map.server.WorldMapServer/]: Loading Xaero's World Map - Stage 2/2 (Server)
[27Aug2026 20:10:10.715] [main/INFO] [xaero.minimap.XaeroMinimap/]: Loading Xaero's Minimap - Stage 2/2 (Server)
[27Aug2026 20:10:11.050] [modloading-worker-0/INFO] [Jade/]: Start loading plugin at net.blay09.mods.waystones.compat.JadeIntegration
[27Aug2026 20:10:11.059] [modloading-worker-0/INFO] [Jade/]: Start loading plugin at net.blay09.mods.balm.forge.compat.hudinfo.ForgeJadeModCompat
[27Aug2026 20:10:11.060] [modloading-worker-0/INFO] [Jade/]: Start loading plugin at snownee.jade.addon.vanilla.VanillaPlugin
[27Aug2026 20:10:11.072] [modloading-worker-0/INFO] [Jade/]: Start loading plugin at snownee.jade.addon.universal.UniversalPlugin
[27Aug2026 20:10:11.076] [modloading-worker-0/INFO] [Jade/]: Start loading plugin at snownee.jade.addon.core.CorePlugin
[27Aug2026 20:10:11.078] [modloading-worker-0/INFO] [Jade/]: Start loading plugin at net.geforcemods.securitycraft.compat.waila.JadeDataProvider
[27Aug2026 20:10:11.080] [modloading-worker-0/INFO] [Jade/]: Start loading plugin at ovh.corail.tombstone.compatibility.IntegrationJade
[27Aug2026 20:10:11.080] [modloading-worker-0/INFO] [Jade/]: Start loading plugin at net.brnbrd.delightful.compat.jade.DelightfulJadePlugin
[27Aug2026 20:10:11.100] [main/INFO] [citadel/]: adding citadel surface rules via terrablender...
[27Aug2026 20:10:11.101] [main/INFO] [citadel/]: Added 0 vanilla biome surface rule types via terrablender
[27Aug2026 20:10:11.102] [main/INFO] [citadel/]: Added 1 modded biome surface rule types via terrablender
[27Aug2026 20:10:11.234] [Forge Version Check/INFO] [net.minecraftforge.fml.VersionChecker/]: [sound_physics_remastered] Found status: AHEAD Current: 1.20.1-1.5.1 Target: null
[27Aug2026 20:10:11.236] [Forge Version Check/INFO] [net.minecraftforge.fml.VersionChecker/]: [forge] Starting version check at https://files.minecraftforge.net/net/minecraftforge/forge/promotions_slim.json
[27Aug2026 20:10:11.378] [Forge Version Check/INFO] [net.minecraftforge.fml.VersionChecker/]: [forge] Found status: OUTDATED Current: 47.3.7 Target: 47.4.10
[27Aug2026 20:10:11.378] [Forge Version Check/INFO] [net.minecraftforge.fml.VersionChecker/]: [securitycraft] Starting version check at https://www.github.com/Geforce132/SecurityCraft/raw/master/Updates/Forge.json
[27Aug2026 20:10:11.526] [Forge Version Check/INFO] [net.minecraftforge.fml.VersionChecker/]: [securitycraft] Found status: OUTDATED Current: 1.9.8 Target: 1.10.2.1
[27Aug2026 20:10:11.526] [Forge Version Check/INFO] [net.minecraftforge.fml.VersionChecker/]: [mr_dungeons_andtaverns] Starting version check at https://api.modrinth.com/updates/tpehi7ww/forge_updates.json
[27Aug2026 20:10:11.702] [Forge Version Check/INFO] [net.minecraftforge.fml.VersionChecker/]: [mr_dungeons_andtaverns] Found status: OUTDATED Current: 3.0.3.f Target: 3.0.3.f+mod
[27Aug2026 20:10:11.702] [Forge Version Check/INFO] [net.minecraftforge.fml.VersionChecker/]: [tombstone] Starting version check at https://raw.githubusercontent.com/Corail31/tombstone_lite/master/update.json
[27Aug2026 20:10:11.711] [Forge Version Check/INFO] [net.minecraftforge.fml.VersionChecker/]: [tombstone] Found status: OUTDATED Current: 9.0.9 Target: 9.1.4
[27Aug2026 20:10:11.712] [Forge Version Check/INFO] [net.minecraftforge.fml.VersionChecker/]: [puzzleslib] Starting version check at https://raw.githubusercontent.com/Fuzss/modresources/main/update/puzzleslib.json
[27Aug2026 20:10:11.723] [Forge Version Check/INFO] [net.minecraftforge.fml.VersionChecker/]: [puzzleslib] Found status: UP_TO_DATE Current: 8.1.33 Target: null
[27Aug2026 20:10:11.723] [Forge Version Check/INFO] [net.minecraftforge.fml.VersionChecker/]: [delightful] Starting version check at https://raw.githubusercontent.com/brnbrd/Delightful/1.20.1/update/update.json
[27Aug2026 20:10:11.736] [Forge Version Check/INFO] [net.minecraftforge.fml.VersionChecker/]: [delightful] Found status: UP_TO_DATE Current: 3.8.1 Target: null
[27Aug2026 20:10:11.854] [main/INFO] [com.mojang.authlib.yggdrasil.YggdrasilAuthenticationService/]: Environment: authHost='https://authserver.mojang.com', accountsHost='https://api.mojang.com', sessionHost='https://sessionserver.mojang.com', servicesHost='https://api.minecraftservices.com', name='PROD'
[27Aug2026 20:10:12.442] [main/INFO] [com.mojang.datafixers.DataFixerBuilder/]: 0 Datafixer optimizations took 0 milliseconds
[27Aug2026 20:10:12.457] [main/WARN] [net.minecraft.server.packs.VanillaPackResourcesBuilder/]: Assets URL 'union:/workspaces/perusito/servidor_minecraft/libraries/net/minecraft/server/1.20.1-20230612.114412/server-1.20.1-20230612.114412-srg.jar%23251!/assets/.mcassetsroot' uses unexpected schema
[27Aug2026 20:10:12.457] [main/WARN] [net.minecraft.server.packs.VanillaPackResourcesBuilder/]: Assets URL 'union:/workspaces/perusito/servidor_minecraft/libraries/net/minecraft/server/1.20.1-20230612.114412/server-1.20.1-20230612.114412-srg.jar%23251!/data/.mcassetsroot' uses unexpected schema
[27Aug2026 20:10:13.169] [main/INFO] [com.teamabnormals.blueprint.core.Blueprint/]: Successfully loaded 0 data remolders!
[27Aug2026 20:10:14.357] [main/INFO] [com.github.alexthe666.alexsmobs.AlexsMobs/]: Adding datapack listener capsid_recipes
[27Aug2026 20:10:14.651] [Worker-Main-3/WARN] [artifacts.Artifacts/]: Tag entries for curios:tags/items/magic_book.json cleared by tombstone-1.20.1-9.0.9.jar
[27Aug2026 20:10:14.654] [Worker-Main-2/ERROR] [net.minecraft.tags.TagLoader/]: Couldn't load tag quark:wraith_spawnable as it is missing following references: quark:soul_stone (from bygonenether-1.3.2-1.20.x.jar)
[27Aug2026 20:10:14.655] [Worker-Main-2/ERROR] [net.minecraft.tags.TagLoader/]: Couldn't load tag quark:vertical_slab as it is missing following references: bygonenether:withered_blackstone_vertical_slab (from bygonenether-1.3.2-1.20.x.jar), 
	bygonenether:cracked_withered_blackstone_vertical_slab (from bygonenether-1.3.2-1.20.x.jar), 
	bygonenether:warped_nether_brick_vertical_slab (from bygonenether-1.3.2-1.20.x.jar)
[27Aug2026 20:10:14.858] [Worker-Main-3/ERROR] [net.minecraft.tags.TagLoader/]: Couldn't load tag quark:vertical_slab as it is missing following references: bygonenether:withered_blackstone_vertical_slab (from bygonenether-1.3.2-1.20.x.jar), 
	bygonenether:cracked_withered_blackstone_vertical_slab (from bygonenether-1.3.2-1.20.x.jar), 
	bygonenether:warped_nether_brick_vertical_slab (from bygonenether-1.3.2-1.20.x.jar)
[27Aug2026 20:10:15.644] [Worker-Main-1/ERROR] [net.minecraftforge.common.ForgeHooks/]: Couldn't parse element loot_tables:decocraft:blocks/school_desk_open_magenta
com.google.gson.JsonSyntaxException: Expected name to be an item, was unknown string 'decocraft:school_desk_open_magenta'
	at net.minecraft.util.GsonHelper.m_13866_(GsonHelper.java:145) ~[server-1.20.1-20230612.114412-srg.jar%23251!/:?]
	at java.util.Optional.orElseThrow(Optional.java:403) ~[?:?]
	at net.minecraft.util.GsonHelper.m_13874_(GsonHelper.java:145) ~[server-1.20.1-20230612.114412-srg.jar%23251!/:?]
	at net.minecraft.util.GsonHelper.m_13909_(GsonHelper.java:153) ~[server-1.20.1-20230612.114412-srg.jar%23251!/:?]
	at net.minecraft.world.level.storage.loot.entries.LootItem$Serializer.m_7267_(LootItem.java:55) ~[server-1.20.1-20230612.114412-srg.jar%23251!/:?]
	at net.minecraft.world.level.storage.loot.entries.LootItem$Serializer.m_7267_(LootItem.java:40) ~[server-1.20.1-20230612.114412-srg.jar%23251!/:?]
	at net.minecraft.world.level.storage.loot.entries.LootPoolSingletonContainer$Serializer.m_5921_(LootPoolSingletonContainer.java:151) ~[server-1.20.1-20230612.114412-srg.jar%23251!/:?]
	at net.minecraft.world.level.storage.loot.entries.LootPoolSingletonContainer$Serializer.m_5921_(LootPoolSingletonContainer.java:129) ~[server-1.20.1-20230612.114412-srg.jar%23251!/:?]
	at net.minecraft.world.level.storage.loot.entries.LootPoolEntryContainer$Serializer.m_7561_(LootPoolEntryContainer.java:86) ~[server-1.20.1-20230612.114412-srg.jar%23251!/:?]
	at net.minecraft.world.level.storage.loot.entries.LootPoolEntryContainer$Serializer.m_7561_(LootPoolEntryContainer.java:74) ~[server-1.20.1-20230612.114412-srg.jar%23251!/:?]
	at net.minecraft.world.level.storage.loot.GsonAdapterFactory$JsonAdapter.deserialize(GsonAdapterFactory.java:102) ~[server-1.20.1-20230612.114412-srg.jar%23251!/:?]
	at com.google.gson.internal.bind.TreeTypeAdapter.read(TreeTypeAdapter.java:76) ~[gson-2.10.jar%2370!/:?]
	at com.google.gson.internal.bind.TypeAdapterRuntimeTypeWrapper.read(TypeAdapterRuntimeTypeWrapper.java:40) ~[gson-2.10.jar%2370!/:?]
	at com.google.gson.internal.bind.ArrayTypeAdapter.read(ArrayTypeAdapter.java:72) ~[gson-2.10.jar%2370!/:?]
	at com.google.gson.Gson.fromJson(Gson.java:1214) ~[gson-2.10.jar%2370!/:?]
	at com.google.gson.Gson.fromJson(Gson.java:1319) ~[gson-2.10.jar%2370!/:?]
	at com.google.gson.Gson.fromJson(Gson.java:1290) ~[gson-2.10.jar%2370!/:?]
	at com.google.gson.internal.bind.TreeTypeAdapter$GsonContextImpl.deserialize(TreeTypeAdapter.java:179) ~[gson-2.10.jar%2370!/:?]
	at net.minecraft.util.GsonHelper.m_13808_(GsonHelper.java:463) ~[server-1.20.1-20230612.114412-srg.jar%23251!/:?]
	at net.minecraft.util.GsonHelper.m_13836_(GsonHelper.java:471) ~[server-1.20.1-20230612.114412-srg.jar%23251!/:?]
	at net.minecraft.world.level.storage.loot.LootPool$Serializer.deserialize(LootPool.java:192) ~[server-1.20.1-20230612.114412-srg.jar%23251!/:?]
	at net.minecraft.world.level.storage.loot.LootPool$Serializer.deserialize(LootPool.java:189) ~[server-1.20.1-20230612.114412-srg.jar%23251!/:?]
	at com.google.gson.internal.bind.TreeTypeAdapter.read(TreeTypeAdapter.java:76) ~[gson-2.10.jar%2370!/:?]
	at com.google.gson.internal.bind.TypeAdapterRuntimeTypeWrapper.read(TypeAdapterRuntimeTypeWrapper.java:40) ~[gson-2.10.jar%2370!/:?]
	at com.google.gson.internal.bind.ArrayTypeAdapter.read(ArrayTypeAdapter.java:72) ~[gson-2.10.jar%2370!/:?]
	at com.google.gson.Gson.fromJson(Gson.java:1214) ~[gson-2.10.jar%2370!/:?]
	at com.google.gson.Gson.fromJson(Gson.java:1319) ~[gson-2.10.jar%2370!/:?]
	at com.google.gson.Gson.fromJson(Gson.java:1290) ~[gson-2.10.jar%2370!/:?]
	at com.google.gson.internal.bind.TreeTypeAdapter$GsonContextImpl.deserialize(TreeTypeAdapter.java:179) ~[gson-2.10.jar%2370!/:?]
	at net.minecraft.util.GsonHelper.m_13808_(GsonHelper.java:463) ~[server-1.20.1-20230612.114412-srg.jar%23251!/:?]
	at net.minecraft.util.GsonHelper.m_13845_(GsonHelper.java:481) ~[server-1.20.1-20230612.114412-srg.jar%23251!/:?]
	at net.minecraft.world.level.storage.loot.LootTable$Serializer.deserialize(LootTable.java:294) ~[server-1.20.1-20230612.114412-srg.jar%23251!/:?]
	at net.minecraft.world.level.storage.loot.LootTable$Serializer.deserialize(LootTable.java:291) ~[server-1.20.1-20230612.114412-srg.jar%23251!/:?]
	at com.google.gson.internal.bind.TreeTypeAdapter.read(TreeTypeAdapter.java:76) ~[gson-2.10.jar%2370!/:?]
	at com.google.gson.Gson.fromJson(Gson.java:1214) ~[gson-2.10.jar%2370!/:?]
	at com.google.gson.Gson.fromJson(Gson.java:1319) ~[gson-2.10.jar%2370!/:?]
	at com.google.gson.Gson.fromJson(Gson.java:1261) ~[gson-2.10.jar%2370!/:?]
	at net.minecraftforge.common.ForgeHooks.loadLootTable(ForgeHooks.java:871) ~[forge-1.20.1-47.3.7-universal.jar%23256!/:?]
	at net.minecraftforge.common.ForgeHooks.lambda$getLootTableDeserializer$3(ForgeHooks.java:848) ~[forge-1.20.1-47.3.7-universal.jar%23256!/:?]
	at net.minecraft.world.level.storage.loot.LootDataType.deserialize(LootDataType.java:45) ~[server-1.20.1-20230612.114412-srg.jar%23251!/:?]
	at net.minecraft.world.level.storage.loot.LootDataManager.lambda$scheduleElementParse$4(LootDataManager.java:56) ~[server-1.20.1-20230612.114412-srg.jar%23251!/:?]
	at java.util.HashMap.forEach(HashMap.java:1421) ~[?:?]
	at net.minecraft.world.level.storage.loot.LootDataManager.m_278660_(LootDataManager.java:55) ~[server-1.20.1-20230612.114412-srg.jar%23251!/:?]
	at java.util.concurrent.CompletableFuture$AsyncRun.run(CompletableFuture.java:1804) ~[?:?]
	at java.util.concurrent.CompletableFuture$AsyncRun.exec(CompletableFuture.java:1796) ~[?:?]
	at java.util.concurrent.ForkJoinTask.doExec(ForkJoinTask.java:373) ~[?:?]
	at java.util.concurrent.ForkJoinPool$WorkQueue.topLevelExec(ForkJoinPool.java:1182) ~[?:?]
	at java.util.concurrent.ForkJoinPool.scan(ForkJoinPool.java:1655) ~[?:?]
	at java.util.concurrent.ForkJoinPool.runWorker(ForkJoinPool.java:1622) ~[?:?]
	at java.util.concurrent.ForkJoinWorkerThread.run(ForkJoinWorkerThread.java:165) ~[?:?]
[27Aug2026 20:10:15.708] [Worker-Main-1/ERROR] [net.minecraftforge.common.ForgeHooks/]: Couldn't parse element loot_tables:culturaldelights:blocks/exotic_roll_medley_block
com.google.gson.JsonSyntaxException: Expected name to be an item, was unknown string 'culturaldelights:exotic_roll_medley_block'
	at net.minecraft.util.GsonHelper.m_13866_(GsonHelper.java:145) ~[server-1.20.1-20230612.114412-srg.jar%23251!/:?]
	at java.util.Optional.orElseThrow(Optional.java:403) ~[?:?]
	at net.minecraft.util.GsonHelper.m_13874_(GsonHelper.java:145) ~[server-1.20.1-20230612.114412-srg.jar%23251!/:?]
	at net.minecraft.util.GsonHelper.m_13909_(GsonHelper.java:153) ~[server-1.20.1-20230612.114412-srg.jar%23251!/:?]
	at net.minecraft.world.level.storage.loot.entries.LootItem$Serializer.m_7267_(LootItem.java:55) ~[server-1.20.1-20230612.114412-srg.jar%23251!/:?]
	at net.minecraft.world.level.storage.loot.entries.LootItem$Serializer.m_7267_(LootItem.java:40) ~[server-1.20.1-20230612.114412-srg.jar%23251!/:?]
	at net.minecraft.world.level.storage.loot.entries.LootPoolSingletonContainer$Serializer.m_5921_(LootPoolSingletonContainer.java:151) ~[server-1.20.1-20230612.114412-srg.jar%23251!/:?]
	at net.minecraft.world.level.storage.loot.entries.LootPoolSingletonContainer$Serializer.m_5921_(LootPoolSingletonContainer.java:129) ~[server-1.20.1-20230612.114412-srg.jar%23251!/:?]
	at net.minecraft.world.level.storage.loot.entries.LootPoolEntryContainer$Serializer.m_7561_(LootPoolEntryContainer.java:86) ~[server-1.20.1-20230612.114412-srg.jar%23251!/:?]
	at net.minecraft.world.level.storage.loot.entries.LootPoolEntryContainer$Serializer.m_7561_(LootPoolEntryContainer.java:74) ~[server-1.20.1-20230612.114412-srg.jar%23251!/:?]
	at net.minecraft.world.level.storage.loot.GsonAdapterFactory$JsonAdapter.deserialize(GsonAdapterFactory.java:102) ~[server-1.20.1-20230612.114412-srg.jar%23251!/:?]
	at com.google.gson.internal.bind.TreeTypeAdapter.read(TreeTypeAdapter.java:76) ~[gson-2.10.jar%2370!/:?]
	at com.google.gson.internal.bind.TypeAdapterRuntimeTypeWrapper.read(TypeAdapterRuntimeTypeWrapper.java:40) ~[gson-2.10.jar%2370!/:?]
	at com.google.gson.internal.bind.ArrayTypeAdapter.read(ArrayTypeAdapter.java:72) ~[gson-2.10.jar%2370!/:?]
	at com.google.gson.Gson.fromJson(Gson.java:1214) ~[gson-2.10.jar%2370!/:?]
	at com.google.gson.Gson.fromJson(Gson.java:1319) ~[gson-2.10.jar%2370!/:?]
	at com.google.gson.Gson.fromJson(Gson.java:1290) ~[gson-2.10.jar%2370!/:?]
	at com.google.gson.internal.bind.TreeTypeAdapter$GsonContextImpl.deserialize(TreeTypeAdapter.java:179) ~[gson-2.10.jar%2370!/:?]
	at net.minecraft.util.GsonHelper.m_13808_(GsonHelper.java:463) ~[server-1.20.1-20230612.114412-srg.jar%23251!/:?]
	at net.minecraft.util.GsonHelper.m_13836_(GsonHelper.java:471) ~[server-1.20.1-20230612.114412-srg.jar%23251!/:?]
	at net.minecraft.world.level.storage.loot.LootPool$Serializer.deserialize(LootPool.java:192) ~[server-1.20.1-20230612.114412-srg.jar%23251!/:?]
	at net.minecraft.world.level.storage.loot.LootPool$Serializer.deserialize(LootPool.java:189) ~[server-1.20.1-20230612.114412-srg.jar%23251!/:?]
	at com.google.gson.internal.bind.TreeTypeAdapter.read(TreeTypeAdapter.java:76) ~[gson-2.10.jar%2370!/:?]
	at com.google.gson.internal.bind.TypeAdapterRuntimeTypeWrapper.read(TypeAdapterRuntimeTypeWrapper.java:40) ~[gson-2.10.jar%2370!/:?]
	at com.google.gson.internal.bind.ArrayTypeAdapter.read(ArrayTypeAdapter.java:72) ~[gson-2.10.jar%2370!/:?]
	at com.google.gson.Gson.fromJson(Gson.java:1214) ~[gson-2.10.jar%2370!/:?]
	at com.google.gson.Gson.fromJson(Gson.java:1319) ~[gson-2.10.jar%2370!/:?]
	at com.google.gson.Gson.fromJson(Gson.java:1290) ~[gson-2.10.jar%2370!/:?]
	at com.google.gson.internal.bind.TreeTypeAdapter$GsonContextImpl.deserialize(TreeTypeAdapter.java:179) ~[gson-2.10.jar%2370!/:?]
	at net.minecraft.util.GsonHelper.m_13808_(GsonHelper.java:463) ~[server-1.20.1-20230612.114412-srg.jar%23251!/:?]
	at net.minecraft.util.GsonHelper.m_13845_(GsonHelper.java:481) ~[server-1.20.1-20230612.114412-srg.jar%23251!/:?]
	at net.minecraft.world.level.storage.loot.LootTable$Serializer.deserialize(LootTable.java:294) ~[server-1.20.1-20230612.114412-srg.jar%23251!/:?]
	at net.minecraft.world.level.storage.loot.LootTable$Serializer.deserialize(LootTable.java:291) ~[server-1.20.1-20230612.114412-srg.jar%23251!/:?]
	at com.google.gson.internal.bind.TreeTypeAdapter.read(TreeTypeAdapter.java:76) ~[gson-2.10.jar%2370!/:?]
	at com.google.gson.Gson.fromJson(Gson.java:1214) ~[gson-2.10.jar%2370!/:?]
	at com.google.gson.Gson.fromJson(Gson.java:1319) ~[gson-2.10.jar%2370!/:?]
	at com.google.gson.Gson.fromJson(Gson.java:1261) ~[gson-2.10.jar%2370!/:?]
	at net.minecraftforge.common.ForgeHooks.loadLootTable(ForgeHooks.java:871) ~[forge-1.20.1-47.3.7-universal.jar%23256!/:?]
	at net.minecraftforge.common.ForgeHooks.lambda$getLootTableDeserializer$3(ForgeHooks.java:848) ~[forge-1.20.1-47.3.7-universal.jar%23256!/:?]
	at net.minecraft.world.level.storage.loot.LootDataType.deserialize(LootDataType.java:45) ~[server-1.20.1-20230612.114412-srg.jar%23251!/:?]
	at net.minecraft.world.level.storage.loot.LootDataManager.lambda$scheduleElementParse$4(LootDataManager.java:56) ~[server-1.20.1-20230612.114412-srg.jar%23251!/:?]
	at java.util.HashMap.forEach(HashMap.java:1421) ~[?:?]
	at net.minecraft.world.level.storage.loot.LootDataManager.m_278660_(LootDataManager.java:55) ~[server-1.20.1-20230612.114412-srg.jar%23251!/:?]
	at java.util.concurrent.CompletableFuture$AsyncRun.run(CompletableFuture.java:1804) ~[?:?]
	at java.util.concurrent.CompletableFuture$AsyncRun.exec(CompletableFuture.java:1796) ~[?:?]
	at java.util.concurrent.ForkJoinTask.doExec(ForkJoinTask.java:373) ~[?:?]
	at java.util.concurrent.ForkJoinPool$WorkQueue.topLevelExec(ForkJoinPool.java:1182) ~[?:?]
	at java.util.concurrent.ForkJoinPool.scan(ForkJoinPool.java:1655) ~[?:?]
	at java.util.concurrent.ForkJoinPool.runWorker(ForkJoinPool.java:1622) ~[?:?]
	at java.util.concurrent.ForkJoinWorkerThread.run(ForkJoinWorkerThread.java:165) ~[?:?]
[27Aug2026 20:10:15.816] [Worker-Main-1/ERROR] [net.minecraftforge.common.ForgeHooks/]: Couldn't parse element loot_tables:decocraft:blocks/china_cabinet_open_black
com.google.gson.JsonSyntaxException: Expected name to be an item, was unknown string 'decocraft:china_cabinet_open_black'
	at net.minecraft.util.GsonHelper.m_13866_(GsonHelper.java:145) ~[server-1.20.1-20230612.114412-srg.jar%23251!/:?]
	at java.util.Optional.orElseThrow(Optional.java:403) ~[?:?]
	at net.minecraft.util.GsonHelper.m_13874_(GsonHelper.java:145) ~[server-1.20.1-20230612.114412-srg.jar%23251!/:?]
	at net.minecraft.util.GsonHelper.m_13909_(GsonHelper.java:153) ~[server-1.20.1-20230612.114412-srg.jar%23251!/:?]
	at net.minecraft.world.level.storage.loot.entries.LootItem$Serializer.m_7267_(LootItem.java:55) ~[server-1.20.1-20230612.114412-srg.jar%23251!/:?]
	at net.minecraft.world.level.storage.loot.entries.LootItem$Serializer.m_7267_(LootItem.java:40) ~[server-1.20.1-20230612.114412-srg.jar%23251!/:?]
	at net.minecraft.world.level.storage.loot.entries.LootPoolSingletonContainer$Serializer.m_5921_(LootPoolSingletonContainer.java:151) ~[server-1.20.1-20230612.114412-srg.jar%23251!/:?]
	at net.minecraft.world.level.storage.loot.entries.LootPoolSingletonContainer$Serializer.m_5921_(LootPoolSingletonContainer.java:129) ~[server-1.20.1-20230612.114412-srg.jar%23251!/:?]
	at net.minecraft.world.level.storage.loot.entries.LootPoolEntryContainer$Serializer.m_7561_(LootPoolEntryContainer.java:86) ~[server-1.20.1-20230612.114412-srg.jar%23251!/:?]
	at net.minecraft.world.level.storage.loot.entries.LootPoolEntryContainer$Serializer.m_7561_(LootPoolEntryContainer.java:74) ~[server-1.20.1-20230612.114412-srg.jar%23251!/:?]
	at net.minecraft.world.level.storage.loot.GsonAdapterFactory$JsonAdapter.deserialize(GsonAdapterFactory.java:102) ~[server-1.20.1-20230612.114412-srg.jar%23251!/:?]
	at com.google.gson.internal.bind.TreeTypeAdapter.read(TreeTypeAdapter.java:76) ~[gson-2.10.jar%2370!/:?]
	at com.google.gson.internal.bind.TypeAdapterRuntimeTypeWrapper.read(TypeAdapterRuntimeTypeWrapper.java:40) ~[gson-2.10.jar%2370!/:?]
	at com.google.gson.internal.bind.ArrayTypeAdapter.read(ArrayTypeAdapter.java:72) ~[gson-2.10.jar%2370!/:?]
	at com.google.gson.Gson.fromJson(Gson.java:1214) ~[gson-2.10.jar%2370!/:?]
	at com.google.gson.Gson.fromJson(Gson.java:1319) ~[gson-2.10.jar%2370!/:?]
	at com.google.gson.Gson.fromJson(Gson.java:1290) ~[gson-2.10.jar%2370!/:?]
	at com.google.gson.internal.bind.TreeTypeAdapter$GsonContextImpl.deserialize(TreeTypeAdapter.java:179) ~[gson-2.10.jar%2370!/:?]
	at net.minecraft.util.GsonHelper.m_13808_(GsonHelper.java:463) ~[server-1.20.1-20230612.114412-srg.jar%23251!/:?]
	at net.minecraft.util.GsonHelper.m_13836_(GsonHelper.java:471) ~[server-1.20.1-20230612.114412-srg.jar%23251!/:?]
	at net.minecraft.world.level.storage.loot.LootPool$Serializer.deserialize(LootPool.java:192) ~[server-1.20.1-20230612.114412-srg.jar%23251!/:?]
	at net.minecraft.world.level.storage.loot.LootPool$Serializer.deserialize(LootPool.java:189) ~[server-1.20.1-20230612.114412-srg.jar%23251!/:?]
	at com.google.gson.internal.bind.TreeTypeAdapter.read(TreeTypeAdapter.java:76) ~[gson-2.10.jar%2370!/:?]
	at com.google.gson.internal.bind.TypeAdapterRuntimeTypeWrapper.read(TypeAdapterRuntimeTypeWrapper.java:40) ~[gson-2.10.jar%2370!/:?]
	at com.google.gson.internal.bind.ArrayTypeAdapter.read(ArrayTypeAdapter.java:72) ~[gson-2.10.jar%2370!/:?]
	at com.google.gson.Gson.fromJson(Gson.java:1214) ~[gson-2.10.jar%2370!/:?]
	at com.google.gson.Gson.fromJson(Gson.java:1319) ~[gson-2.10.jar%2370!/:?]
	at com.google.gson.Gson.fromJson(Gson.java:1290) ~[gson-2.10.jar%2370!/:?]
	at com.google.gson.internal.bind.TreeTypeAdapter$GsonContextImpl.deserialize(TreeTypeAdapter.java:179) ~[gson-2.10.jar%2370!/:?]
	at net.minecraft.util.GsonHelper.m_13808_(GsonHelper.java:463) ~[server-1.20.1-20230612.114412-srg.jar%23251!/:?]
	at net.minecraft.util.GsonHelper.m_13845_(GsonHelper.java:481) ~[server-1.20.1-20230612.114412-srg.jar%23251!/:?]
	at net.minecraft.world.level.storage.loot.LootTable$Serializer.deserialize(LootTable.java:294) ~[server-1.20.1-20230612.114412-srg.jar%23251!/:?]
	at net.minecraft.world.level.storage.loot.LootTable$Serializer.deserialize(LootTable.java:291) ~[server-1.20.1-20230612.114412-srg.jar%23251!/:?]
	at com.google.gson.internal.bind.TreeTypeAdapter.read(TreeTypeAdapter.java:76) ~[gson-2.10.jar%2370!/:?]
	at com.google.gson.Gson.fromJson(Gson.java:1214) ~[gson-2.10.jar%2370!/:?]
	at com.google.gson.Gson.fromJson(Gson.java:1319) ~[gson-2.10.jar%2370!/:?]
	at com.google.gson.Gson.fromJson(Gson.java:1261) ~[gson-2.10.jar%2370!/:?]
	at net.minecraftforge.common.ForgeHooks.loadLootTable(ForgeHooks.java:871) ~[forge-1.20.1-47.3.7-universal.jar%23256!/:?]
	at net.minecraftforge.common.ForgeHooks.lambda$getLootTableDeserializer$3(ForgeHooks.java:848) ~[forge-1.20.1-47.3.7-universal.jar%23256!/:?]
	at net.minecraft.world.level.storage.loot.LootDataType.deserialize(LootDataType.java:45) ~[server-1.20.1-20230612.114412-srg.jar%23251!/:?]
	at net.minecraft.world.level.storage.loot.LootDataManager.lambda$scheduleElementParse$4(LootDataManager.java:56) ~[server-1.20.1-20230612.114412-srg.jar%23251!/:?]
	at java.util.HashMap.forEach(HashMap.java:1421) ~[?:?]
	at net.minecraft.world.level.storage.loot.LootDataManager.m_278660_(LootDataManager.java:55) ~[server-1.20.1-20230612.114412-srg.jar%23251!/:?]
	at java.util.concurrent.CompletableFuture$AsyncRun.run(CompletableFuture.java:1804) ~[?:?]
	at java.util.concurrent.CompletableFuture$AsyncRun.exec(CompletableFuture.java:1796) ~[?:?]
	at java.util.concurrent.ForkJoinTask.doExec(ForkJoinTask.java:373) ~[?:?]
	at java.util.concurrent.ForkJoinPool$WorkQueue.topLevelExec(ForkJoinPool.java:1182) ~[?:?]
	at java.util.concurrent.ForkJoinPool.scan(ForkJoinPool.java:1655) ~[?:?]
	at java.util.concurrent.ForkJoinPool.runWorker(ForkJoinPool.java:1622) ~[?:?]
	at java.util.concurrent.ForkJoinWorkerThread.run(ForkJoinWorkerThread.java:165) ~[?:?]
[27Aug2026 20:10:15.850] [Worker-Main-1/ERROR] [net.minecraftforge.common.ForgeHooks/]: Couldn't parse element loot_tables:decocraft:blocks/school_desk_open_pink
com.google.gson.JsonSyntaxException: Expected name to be an item, was unknown string 'decocraft:school_desk_open_pink'
	at net.minecraft.util.GsonHelper.m_13866_(GsonHelper.java:145) ~[server-1.20.1-20230612.114412-srg.jar%23251!/:?]
	at java.util.Optional.orElseThrow(Optional.java:403) ~[?:?]
	at net.minecraft.util.GsonHelper.m_13874_(GsonHelper.java:145) ~[server-1.20.1-20230612.114412-srg.jar%23251!/:?]
	at net.minecraft.util.GsonHelper.m_13909_(GsonHelper.java:153) ~[server-1.20.1-20230612.114412-srg.jar%23251!/:?]
	at net.minecraft.world.level.storage.loot.entries.LootItem$Serializer.m_7267_(LootItem.java:55) ~[server-1.20.1-20230612.114412-srg.jar%23251!/:?]
	at net.minecraft.world.level.storage.loot.entries.LootItem$Serializer.m_7267_(LootItem.java:40) ~[server-1.20.1-20230612.114412-srg.jar%23251!/:?]
	at net.minecraft.world.level.storage.loot.entries.LootPoolSingletonContainer$Serializer.m_5921_(LootPoolSingletonContainer.java:151) ~[server-1.20.1-20230612.114412-srg.jar%23251!/:?]
	at net.minecraft.world.level.storage.loot.entries.LootPoolSingletonContainer$Serializer.m_5921_(LootPoolSingletonContainer.java:129) ~[server-1.20.1-20230612.114412-srg.jar%23251!/:?]
	at net.minecraft.world.level.storage.loot.entries.LootPoolEntryContainer$Serializer.m_7561_(LootPoolEntryContainer.java:86) ~[server-1.20.1-20230612.114412-srg.jar%23251!/:?]
	at net.minecraft.world.level.storage.loot.entries.LootPoolEntryContainer$Serializer.m_7561_(LootPoolEntryContainer.java:74) ~[server-1.20.1-20230612.114412-srg.jar%23251!/:?]
	at net.minecraft.world.level.storage.loot.GsonAdapterFactory$JsonAdapter.deserialize(GsonAdapterFactory.java:102) ~[server-1.20.1-20230612.114412-srg.jar%23251!/:?]
	at com.google.gson.internal.bind.TreeTypeAdapter.read(TreeTypeAdapter.java:76) ~[gson-2.10.jar%2370!/:?]
	at com.google.gson.internal.bind.TypeAdapterRuntimeTypeWrapper.read(TypeAdapterRuntimeTypeWrapper.java:40) ~[gson-2.10.jar%2370!/:?]
	at com.google.gson.internal.bind.ArrayTypeAdapter.read(ArrayTypeAdapter.java:72) ~[gson-2.10.jar%2370!/:?]
	at com.google.gson.Gson.fromJson(Gson.java:1214) ~[gson-2.10.jar%2370!/:?]
	at com.google.gson.Gson.fromJson(Gson.java:1319) ~[gson-2.10.jar%2370!/:?]
	at com.google.gson.Gson.fromJson(Gson.java:1290) ~[gson-2.10.jar%2370!/:?]
	at com.google.gson.internal.bind.TreeTypeAdapter$GsonContextImpl.deserialize(TreeTypeAdapter.java:179) ~[gson-2.10.jar%2370!/:?]
	at net.minecraft.util.GsonHelper.m_13808_(GsonHelper.java:463) ~[server-1.20.1-20230612.114412-srg.jar%23251!/:?]
	at net.minecraft.util.GsonHelper.m_13836_(GsonHelper.java:471) ~[server-1.20.1-20230612.114412-srg.jar%23251!/:?]
	at net.minecraft.world.level.storage.loot.LootPool$Serializer.deserialize(LootPool.java:192) ~[server-1.20.1-20230612.114412-srg.jar%23251!/:?]
	at net.minecraft.world.level.storage.loot.LootPool$Serializer.deserialize(LootPool.java:189) ~[server-1.20.1-20230612.114412-srg.jar%23251!/:?]
	at com.google.gson.internal.bind.TreeTypeAdapter.read(TreeTypeAdapter.java:76) ~[gson-2.10.jar%2370!/:?]
	at com.google.gson.internal.bind.TypeAdapterRuntimeTypeWrapper.read(TypeAdapterRuntimeTypeWrapper.java:40) ~[gson-2.10.jar%2370!/:?]
	at com.google.gson.internal.bind.ArrayTypeAdapter.read(ArrayTypeAdapter.java:72) ~[gson-2.10.jar%2370!/:?]
	at com.google.gson.Gson.fromJson(Gson.java:1214) ~[gson-2.10.jar%2370!/:?]
	at com.google.gson.Gson.fromJson(Gson.java:1319) ~[gson-2.10.jar%2370!/:?]
	at com.google.gson.Gson.fromJson(Gson.java:1290) ~[gson-2.10.jar%2370!/:?]
	at com.google.gson.internal.bind.TreeTypeAdapter$GsonContextImpl.deserialize(TreeTypeAdapter.java:179) ~[gson-2.10.jar%2370!/:?]
	at net.minecraft.util.GsonHelper.m_13808_(GsonHelper.java:463) ~[server-1.20.1-20230612.114412-srg.jar%23251!/:?]
	at net.minecraft.util.GsonHelper.m_13845_(GsonHelper.java:481) ~[server-1.20.1-20230612.114412-srg.jar%23251!/:?]
	at net.minecraft.world.level.storage.loot.LootTable$Serializer.deserialize(LootTable.java:294) ~[server-1.20.1-20230612.114412-srg.jar%23251!/:?]
	at net.minecraft.world.level.storage.loot.LootTable$Serializer.deserialize(LootTable.java:291) ~[server-1.20.1-20230612.114412-srg.jar%23251!/:?]
	at com.google.gson.internal.bind.TreeTypeAdapter.read(TreeTypeAdapter.java:76) ~[gson-2.10.jar%2370!/:?]
	at com.google.gson.Gson.fromJson(Gson.java:1214) ~[gson-2.10.jar%2370!/:?]
	at com.google.gson.Gson.fromJson(Gson.java:1319) ~[gson-2.10.jar%2370!/:?]
	at com.google.gson.Gson.fromJson(Gson.java:1261) ~[gson-2.10.jar%2370!/:?]
	at net.minecraftforge.common.ForgeHooks.loadLootTable(ForgeHooks.java:871) ~[forge-1.20.1-47.3.7-universal.jar%23256!/:?]
	at net.minecraftforge.common.ForgeHooks.lambda$getLootTableDeserializer$3(ForgeHooks.java:848) ~[forge-1.20.1-47.3.7-universal.jar%23256!/:?]
	at net.minecraft.world.level.storage.loot.LootDataType.deserialize(LootDataType.java:45) ~[server-1.20.1-20230612.114412-srg.jar%23251!/:?]
	at net.minecraft.world.level.storage.loot.LootDataManager.lambda$scheduleElementParse$4(LootDataManager.java:56) ~[server-1.20.1-20230612.114412-srg.jar%23251!/:?]
	at java.util.HashMap.forEach(HashMap.java:1421) ~[?:?]
	at net.minecraft.world.level.storage.loot.LootDataManager.m_278660_(LootDataManager.java:55) ~[server-1.20.1-20230612.114412-srg.jar%23251!/:?]
	at java.util.concurrent.CompletableFuture$AsyncRun.run(CompletableFuture.java:1804) ~[?:?]
	at java.util.concurrent.CompletableFuture$AsyncRun.exec(CompletableFuture.java:1796) ~[?:?]
	at java.util.concurrent.ForkJoinTask.doExec(ForkJoinTask.java:373) ~[?:?]
	at java.util.concurrent.ForkJoinPool$WorkQueue.topLevelExec(ForkJoinPool.java:1182) ~[?:?]
	at java.util.concurrent.ForkJoinPool.scan(ForkJoinPool.java:1655) ~[?:?]
	at java.util.concurrent.ForkJoinPool.runWorker(ForkJoinPool.java:1622) ~[?:?]
	at java.util.concurrent.ForkJoinWorkerThread.run(ForkJoinWorkerThread.java:165) ~[?:?]
[27Aug2026 20:10:15.860] [Worker-Main-1/ERROR] [net.minecraftforge.common.ForgeHooks/]: Couldn't parse element loot_tables:decocraft:blocks/laptop_closed_pink
com.google.gson.JsonSyntaxException: Expected name to be an item, was unknown string 'decocraft:laptop_closed_pink'
	at net.minecraft.util.GsonHelper.m_13866_(GsonHelper.java:145) ~[server-1.20.1-20230612.114412-srg.jar%23251!/:?]
	at java.util.Optional.orElseThrow(Optional.java:403) ~[?:?]
	at net.minecraft.util.GsonHelper.m_13874_(GsonHelper.java:145) ~[server-1.20.1-20230612.114412-srg.jar%23251!/:?]
	at net.minecraft.util.GsonHelper.m_13909_(GsonHelper.java:153) ~[server-1.20.1-20230612.114412-srg.jar%23251!/:?]
	at net.minecraft.world.level.storage.loot.entries.LootItem$Serializer.m_7267_(LootItem.java:55) ~[server-1.20.1-20230612.114412-srg.jar%23251!/:?]
	at net.minecraft.world.level.storage.loot.entries.LootItem$Serializer.m_7267_(LootItem.java:40) ~[server-1.20.1-20230612.114412-srg.jar%23251!/:?]
	at net.minecraft.world.level.storage.loot.entries.LootPoolSingletonContainer$Serializer.m_5921_(LootPoolSingletonContainer.java:151) ~[server-1.20.1-20230612.114412-srg.jar%23251!/:?]
	at net.minecraft.world.level.storage.loot.entries.LootPoolSingletonContainer$Serializer.m_5921_(LootPoolSingletonContainer.java:129) ~[server-1.20.1-20230612.114412-srg.jar%23251!/:?]
	at net.minecraft.world.level.storage.loot.entries.LootPoolEntryContainer$Serializer.m_7561_(LootPoolEntryContainer.java:86) ~[server-1.20.1-20230612.114412-srg.jar%23251!/:?]
	at net.minecraft.world.level.storage.loot.entries.LootPoolEntryContainer$Serializer.m_7561_(LootPoolEntryContainer.java:74) ~[server-1.20.1-20230612.114412-srg.jar%23251!/:?]
	at net.minecraft.world.level.storage.loot.GsonAdapterFactory$JsonAdapter.deserialize(GsonAdapterFactory.java:102) ~[server-1.20.1-20230612.114412-srg.jar%23251!/:?]
	at com.google.gson.internal.bind.TreeTypeAdapter.read(TreeTypeAdapter.java:76) ~[gson-2.10.jar%2370!/:?]
	at com.google.gson.internal.bind.TypeAdapterRuntimeTypeWrapper.read(TypeAdapterRuntimeTypeWrapper.java:40) ~[gson-2.10.jar%2370!/:?]
	at com.google.gson.internal.bind.ArrayTypeAdapter.read(ArrayTypeAdapter.java:72) ~[gson-2.10.jar%2370!/:?]
	at com.google.gson.Gson.fromJson(Gson.java:1214) ~[gson-2.10.jar%2370!/:?]
	at com.google.gson.Gson.fromJson(Gson.java:1319) ~[gson-2.10.jar%2370!/:?]
	at com.google.gson.Gson.fromJson(Gson.java:1290) ~[gson-2.10.jar%2370!/:?]
	at com.google.gson.internal.bind.TreeTypeAdapter$GsonContextImpl.deserialize(TreeTypeAdapter.java:179) ~[gson-2.10.jar%2370!/:?]
	at net.minecraft.util.GsonHelper.m_13808_(GsonHelper.java:463) ~[server-1.20.1-20230612.114412-srg.jar%23251!/:?]
	at net.minecraft.util.GsonHelper.m_13836_(GsonHelper.java:471) ~[server-1.20.1-20230612.114412-srg.jar%23251!/:?]
	at net.minecraft.world.level.storage.loot.LootPool$Serializer.deserialize(LootPool.java:192) ~[server-1.20.1-20230612.114412-srg.jar%23251!/:?]
	at net.minecraft.world.level.storage.loot.LootPool$Serializer.deserialize(LootPool.java:189) ~[server-1.20.1-20230612.114412-srg.jar%23251!/:?]
	at com.google.gson.internal.bind.TreeTypeAdapter.read(TreeTypeAdapter.java:76) ~[gson-2.10.jar%2370!/:?]
	at com.google.gson.internal.bind.TypeAdapterRuntimeTypeWrapper.read(TypeAdapterRuntimeTypeWrapper.java:40) ~[gson-2.10.jar%2370!/:?]
	at com.google.gson.internal.bind.ArrayTypeAdapter.read(ArrayTypeAdapter.java:72) ~[gson-2.10.jar%2370!/:?]
	at com.google.gson.Gson.fromJson(Gson.java:1214) ~[gson-2.10.jar%2370!/:?]
	at com.google.gson.Gson.fromJson(Gson.java:1319) ~[gson-2.10.jar%2370!/:?]
	at com.google.gson.Gson.fromJson(Gson.java:1290) ~[gson-2.10.jar%2370!/:?]
	at com.google.gson.internal.bind.TreeTypeAdapter$GsonContextImpl.deserialize(TreeTypeAdapter.java:179) ~[gson-2.10.jar%2370!/:?]
	at net.minecraft.util.GsonHelper.m_13808_(GsonHelper.java:463) ~[server-1.20.1-20230612.114412-srg.jar%23251!/:?]
	at net.minecraft.util.GsonHelper.m_13845_(GsonHelper.java:481) ~[server-1.20.1-20230612.114412-srg.jar%23251!/:?]
	at net.minecraft.world.level.storage.loot.LootTable$Serializer.deserialize(LootTable.java:294) ~[server-1.20.1-20230612.114412-srg.jar%23251!/:?]
	at net.minecraft.world.level.storage.loot.LootTable$Serializer.deserialize(LootTable.java:291) ~[server-1.20.1-20230612.114412-srg.jar%23251!/:?]
	at com.google.gson.internal.bind.TreeTypeAdapter.read(TreeTypeAdapter.java:76) ~[gson-2.10.jar%2370!/:?]
	at com.google.gson.Gson.fromJson(Gson.java:1214) ~[gson-2.10.jar%2370!/:?]
	at com.google.gson.Gson.fromJson(Gson.java:1319) ~[gson-2.10.jar%2370!/:?]
	at com.google.gson.Gson.fromJson(Gson.java:1261) ~[gson-2.10.jar%2370!/:?]
	at net.minecraftforge.common.ForgeHooks.loadLootTable(ForgeHooks.java:871) ~[forge-1.20.1-47.3.7-universal.jar%23256!/:?]
	at net.minecraftforge.common.ForgeHooks.lambda$getLootTableDeserializer$3(ForgeHooks.java:848) ~[forge-1.20.1-47.3.7-universal.jar%23256!/:?]
	at net.minecraft.world.level.storage.loot.LootDataType.deserialize(LootDataType.java:45) ~[server-1.20.1-20230612.114412-srg.jar%23251!/:?]
	at net.minecraft.world.level.storage.loot.LootDataManager.lambda$scheduleElementParse$4(LootDataManager.java:56) ~[server-1.20.1-20230612.114412-srg.jar%23251!/:?]
	at java.util.HashMap.forEach(HashMap.java:1421) ~[?:?]
	at net.minecraft.world.level.storage.loot.LootDataManager.m_278660_(LootDataManager.java:55) ~[server-1.20.1-20230612.114412-srg.jar%23251!/:?]
	at java.util.concurrent.CompletableFuture$AsyncRun.run(CompletableFuture.java:1804) ~[?:?]
	at java.util.concurrent.CompletableFuture$AsyncRun.exec(CompletableFuture.java:1796) ~[?:?]
	at java.util.concurrent.ForkJoinTask.doExec(ForkJoinTask.java:373) ~[?:?]
	at java.util.concurrent.ForkJoinPool$WorkQueue.topLevelExec(ForkJoinPool.java:1182) ~[?:?]
	at java.util.concurrent.ForkJoinPool.scan(ForkJoinPool.java:1655) ~[?:?]
	at java.util.concurrent.ForkJoinPool.runWorker(ForkJoinPool.java:1622) ~[?:?]
	at java.util.concurrent.ForkJoinWorkerThread.run(ForkJoinWorkerThread.java:165) ~[?:?]
[27Aug2026 20:10:16.017] [Worker-Main-1/ERROR] [net.minecraftforge.common.ForgeHooks/]: Couldn't parse element loot_tables:decocraft:blocks/school_desk_open_light_gray
com.google.gson.JsonSyntaxException: Expected name to be an item, was unknown string 'decocraft:school_desk_open_light_gray'
	at net.minecraft.util.GsonHelper.m_13866_(GsonHelper.java:145) ~[server-1.20.1-20230612.114412-srg.jar%23251!/:?]
	at java.util.Optional.orElseThrow(Optional.java:403) ~[?:?]
	at net.minecraft.util.GsonHelper.m_13874_(GsonHelper.java:145) ~[server-1.20.1-20230612.114412-srg.jar%23251!/:?]
	at net.minecraft.util.GsonHelper.m_13909_(GsonHelper.java:153) ~[server-1.20.1-20230612.114412-srg.jar%23251!/:?]
	at net.minecraft.world.level.storage.loot.entries.LootItem$Serializer.m_7267_(LootItem.java:55) ~[server-1.20.1-20230612.114412-srg.jar%23251!/:?]
	at net.minecraft.world.level.storage.loot.entries.LootItem$Serializer.m_7267_(LootItem.java:40) ~[server-1.20.1-20230612.114412-srg.jar%23251!/:?]
	at net.minecraft.world.level.storage.loot.entries.LootPoolSingletonContainer$Serializer.m_5921_(LootPoolSingletonContainer.java:151) ~[server-1.20.1-20230612.114412-srg.jar%23251!/:?]
	at net.minecraft.world.level.storage.loot.entries.LootPoolSingletonContainer$Serializer.m_5921_(LootPoolSingletonContainer.java:129) ~[server-1.20.1-20230612.114412-srg.jar%23251!/:?]
	at net.minecraft.world.level.storage.loot.entries.LootPoolEntryContainer$Serializer.m_7561_(LootPoolEntryContainer.java:86) ~[server-1.20.1-20230612.114412-srg.jar%23251!/:?]
	at net.minecraft.world.level.storage.loot.entries.LootPoolEntryContainer$Serializer.m_7561_(LootPoolEntryContainer.java:74) ~[server-1.20.1-20230612.114412-srg.jar%23251!/:?]
	at net.minecraft.world.level.storage.loot.GsonAdapterFactory$JsonAdapter.deserialize(GsonAdapterFactory.java:102) ~[server-1.20.1-20230612.114412-srg.jar%23251!/:?]
	at com.google.gson.internal.bind.TreeTypeAdapter.read(TreeTypeAdapter.java:76) ~[gson-2.10.jar%2370!/:?]
	at com.google.gson.internal.bind.TypeAdapterRuntimeTypeWrapper.read(TypeAdapterRuntimeTypeWrapper.java:40) ~[gson-2.10.jar%2370!/:?]
	at com.google.gson.internal.bind.ArrayTypeAdapter.read(ArrayTypeAdapter.java:72) ~[gson-2.10.jar%2370!/:?]
	at com.google.gson.Gson.fromJson(Gson.java:1214) ~[gson-2.10.jar%2370!/:?]
	at com.google.gson.Gson.fromJson(Gson.java:1319) ~[gson-2.10.jar%2370!/:?]
	at com.google.gson.Gson.fromJson(Gson.java:1290) ~[gson-2.10.jar%2370!/:?]
	at com.google.gson.internal.bind.TreeTypeAdapter$GsonContextImpl.deserialize(TreeTypeAdapter.java:179) ~[gson-2.10.jar%2370!/:?]
	at net.minecraft.util.GsonHelper.m_13808_(GsonHelper.java:463) ~[server-1.20.1-20230612.114412-srg.jar%23251!/:?]
	at net.minecraft.util.GsonHelper.m_13836_(GsonHelper.java:471) ~[server-1.20.1-20230612.114412-srg.jar%23251!/:?]
	at net.minecraft.world.level.storage.loot.LootPool$Serializer.deserialize(LootPool.java:192) ~[server-1.20.1-20230612.114412-srg.jar%23251!/:?]
	at net.minecraft.world.level.storage.loot.LootPool$Serializer.deserialize(LootPool.java:189) ~[server-1.20.1-20230612.114412-srg.jar%23251!/:?]
	at com.google.gson.internal.bind.TreeTypeAdapter.read(TreeTypeAdapter.java:76) ~[gson-2.10.jar%2370!/:?]
	at com.google.gson.internal.bind.TypeAdapterRuntimeTypeWrapper.read(TypeAdapterRuntimeTypeWrapper.java:40) ~[gson-2.10.jar%2370!/:?]
	at com.google.gson.internal.bind.ArrayTypeAdapter.read(ArrayTypeAdapter.java:72) ~[gson-2.10.jar%2370!/:?]
	at com.google.gson.Gson.fromJson(Gson.java:1214) ~[gson-2.10.jar%2370!/:?]
	at com.google.gson.Gson.fromJson(Gson.java:1319) ~[gson-2.10.jar%2370!/:?]
	at com.google.gson.Gson.fromJson(Gson.java:1290) ~[gson-2.10.jar%2370!/:?]
	at com.google.gson.internal.bind.TreeTypeAdapter$GsonContextImpl.deserialize(TreeTypeAdapter.java:179) ~[gson-2.10.jar%2370!/:?]
	at net.minecraft.util.GsonHelper.m_13808_(GsonHelper.java:463) ~[server-1.20.1-20230612.114412-srg.jar%23251!/:?]
	at net.minecraft.util.GsonHelper.m_13845_(GsonHelper.java:481) ~[server-1.20.1-20230612.114412-srg.jar%23251!/:?]
	at net.minecraft.world.level.storage.loot.LootTable$Serializer.deserialize(LootTable.java:294) ~[server-1.20.1-20230612.114412-srg.jar%23251!/:?]
	at net.minecraft.world.level.storage.loot.LootTable$Serializer.deserialize(LootTable.java:291) ~[server-1.20.1-20230612.114412-srg.jar%23251!/:?]
	at com.google.gson.internal.bind.TreeTypeAdapter.read(TreeTypeAdapter.java:76) ~[gson-2.10.jar%2370!/:?]
	at com.google.gson.Gson.fromJson(Gson.java:1214) ~[gson-2.10.jar%2370!/:?]
	at com.google.gson.Gson.fromJson(Gson.java:1319) ~[gson-2.10.jar%2370!/:?]
	at com.google.gson.Gson.fromJson(Gson.java:1261) ~[gson-2.10.jar%2370!/:?]
	at net.minecraftforge.common.ForgeHooks.loadLootTable(ForgeHooks.java:871) ~[forge-1.20.1-47.3.7-universal.jar%23256!/:?]
	at net.minecraftforge.common.ForgeHooks.lambda$getLootTableDeserializer$3(ForgeHooks.java:848) ~[forge-1.20.1-47.3.7-universal.jar%23256!/:?]
	at net.minecraft.world.level.storage.loot.LootDataType.deserialize(LootDataType.java:45) ~[server-1.20.1-20230612.114412-srg.jar%23251!/:?]
	at net.minecraft.world.level.storage.loot.LootDataManager.lambda$scheduleElementParse$4(LootDataManager.java:56) ~[server-1.20.1-20230612.114412-srg.jar%23251!/:?]
	at java.util.HashMap.forEach(HashMap.java:1421) ~[?:?]
	at net.minecraft.world.level.storage.loot.LootDataManager.m_278660_(LootDataManager.java:55) ~[server-1.20.1-20230612.114412-srg.jar%23251!/:?]
	at java.util.concurrent.CompletableFuture$AsyncRun.run(CompletableFuture.java:1804) ~[?:?]
	at java.util.concurrent.CompletableFuture$AsyncRun.exec(CompletableFuture.java:1796) ~[?:?]
	at java.util.concurrent.ForkJoinTask.doExec(ForkJoinTask.java:373) ~[?:?]
	at java.util.concurrent.ForkJoinPool$WorkQueue.topLevelExec(ForkJoinPool.java:1182) ~[?:?]
	at java.util.concurrent.ForkJoinPool.scan(ForkJoinPool.java:1655) ~[?:?]
	at java.util.concurrent.ForkJoinPool.runWorker(ForkJoinPool.java:1622) ~[?:?]
	at java.util.concurrent.ForkJoinWorkerThread.run(ForkJoinWorkerThread.java:165) ~[?:?]
[27Aug2026 20:10:16.033] [Worker-Main-1/ERROR] [net.minecraftforge.common.ForgeHooks/]: Couldn't parse element loot_tables:decocraft:blocks/school_desk_open_purple
com.google.gson.JsonSyntaxException: Expected name to be an item, was unknown string 'decocraft:school_desk_open_purple'
	at net.minecraft.util.GsonHelper.m_13866_(GsonHelper.java:145) ~[server-1.20.1-20230612.114412-srg.jar%23251!/:?]
	at java.util.Optional.orElseThrow(Optional.java:403) ~[?:?]
	at net.minecraft.util.GsonHelper.m_13874_(GsonHelper.java:145) ~[server-1.20.1-20230612.114412-srg.jar%23251!/:?]
	at net.minecraft.util.GsonHelper.m_13909_(GsonHelper.java:153) ~[server-1.20.1-20230612.114412-srg.jar%23251!/:?]
	at net.minecraft.world.level.storage.loot.entries.LootItem$Serializer.m_7267_(LootItem.java:55) ~[server-1.20.1-20230612.114412-srg.jar%23251!/:?]
	at net.minecraft.world.level.storage.loot.entries.LootItem$Serializer.m_7267_(LootItem.java:40) ~[server-1.20.1-20230612.114412-srg.jar%23251!/:?]
	at net.minecraft.world.level.storage.loot.entries.LootPoolSingletonContainer$Serializer.m_5921_(LootPoolSingletonContainer.java:151) ~[server-1.20.1-20230612.114412-srg.jar%23251!/:?]
	at net.minecraft.world.level.storage.loot.entries.LootPoolSingletonContainer$Serializer.m_5921_(LootPoolSingletonContainer.java:129) ~[server-1.20.1-20230612.114412-srg.jar%23251!/:?]
	at net.minecraft.world.level.storage.loot.entries.LootPoolEntryContainer$Serializer.m_7561_(LootPoolEntryContainer.java:86) ~[server-1.20.1-20230612.114412-srg.jar%23251!/:?]
	at net.minecraft.world.level.storage.loot.entries.LootPoolEntryContainer$Serializer.m_7561_(LootPoolEntryContainer.java:74) ~[server-1.20.1-20230612.114412-srg.jar%23251!/:?]
	at net.minecraft.world.level.storage.loot.GsonAdapterFactory$JsonAdapter.deserialize(GsonAdapterFactory.java:102) ~[server-1.20.1-20230612.114412-srg.jar%23251!/:?]
	at com.google.gson.internal.bind.TreeTypeAdapter.read(TreeTypeAdapter.java:76) ~[gson-2.10.jar%2370!/:?]
	at com.google.gson.internal.bind.TypeAdapterRuntimeTypeWrapper.read(TypeAdapterRuntimeTypeWrapper.java:40) ~[gson-2.10.jar%2370!/:?]
	at com.google.gson.internal.bind.ArrayTypeAdapter.read(ArrayTypeAdapter.java:72) ~[gson-2.10.jar%2370!/:?]
	at com.google.gson.Gson.fromJson(Gson.java:1214) ~[gson-2.10.jar%2370!/:?]
	at com.google.gson.Gson.fromJson(Gson.java:1319) ~[gson-2.10.jar%2370!/:?]
	at com.google.gson.Gson.fromJson(Gson.java:1290) ~[gson-2.10.jar%2370!/:?]
	at com.google.gson.internal.bind.TreeTypeAdapter$GsonContextImpl.deserialize(TreeTypeAdapter.java:179) ~[gson-2.10.jar%2370!/:?]
	at net.minecraft.util.GsonHelper.m_13808_(GsonHelper.java:463) ~[server-1.20.1-20230612.114412-srg.jar%23251!/:?]
	at net.minecraft.util.GsonHelper.m_13836_(GsonHelper.java:471) ~[server-1.20.1-20230612.114412-srg.jar%23251!/:?]
	at net.minecraft.world.level.storage.loot.LootPool$Serializer.deserialize(LootPool.java:192) ~[server-1.20.1-20230612.114412-srg.jar%23251!/:?]
	at net.minecraft.world.level.storage.loot.LootPool$Serializer.deserialize(LootPool.java:189) ~[server-1.20.1-20230612.114412-srg.jar%23251!/:?]
	at com.google.gson.internal.bind.TreeTypeAdapter.read(TreeTypeAdapter.java:76) ~[gson-2.10.jar%2370!/:?]
	at com.google.gson.internal.bind.TypeAdapterRuntimeTypeWrapper.read(TypeAdapterRuntimeTypeWrapper.java:40) ~[gson-2.10.jar%2370!/:?]
	at com.google.gson.internal.bind.ArrayTypeAdapter.read(ArrayTypeAdapter.java:72) ~[gson-2.10.jar%2370!/:?]
	at com.google.gson.Gson.fromJson(Gson.java:1214) ~[gson-2.10.jar%2370!/:?]
	at com.google.gson.Gson.fromJson(Gson.java:1319) ~[gson-2.10.jar%2370!/:?]
	at com.google.gson.Gson.fromJson(Gson.java:1290) ~[gson-2.10.jar%2370!/:?]
	at com.google.gson.internal.bind.TreeTypeAdapter$GsonContextImpl.deserialize(TreeTypeAdapter.java:179) ~[gson-2.10.jar%2370!/:?]
	at net.minecraft.util.GsonHelper.m_13808_(GsonHelper.java:463) ~[server-1.20.1-20230612.114412-srg.jar%23251!/:?]
	at net.minecraft.util.GsonHelper.m_13845_(GsonHelper.java:481) ~[server-1.20.1-20230612.114412-srg.jar%23251!/:?]
	at net.minecraft.world.level.storage.loot.LootTable$Serializer.deserialize(LootTable.java:294) ~[server-1.20.1-20230612.114412-srg.jar%23251!/:?]
	at net.minecraft.world.level.storage.loot.LootTable$Serializer.deserialize(LootTable.java:291) ~[server-1.20.1-20230612.114412-srg.jar%23251!/:?]
	at com.google.gson.internal.bind.TreeTypeAdapter.read(TreeTypeAdapter.java:76) ~[gson-2.10.jar%2370!/:?]
	at com.google.gson.Gson.fromJson(Gson.java:1214) ~[gson-2.10.jar%2370!/:?]
	at com.google.gson.Gson.fromJson(Gson.java:1319) ~[gson-2.10.jar%2370!/:?]
	at com.google.gson.Gson.fromJson(Gson.java:1261) ~[gson-2.10.jar%2370!/:?]
	at net.minecraftforge.common.ForgeHooks.loadLootTable(ForgeHooks.java:871) ~[forge-1.20.1-47.3.7-universal.jar%23256!/:?]
	at net.minecraftforge.common.ForgeHooks.lambda$getLootTableDeserializer$3(ForgeHooks.java:848) ~[forge-1.20.1-47.3.7-universal.jar%23256!/:?]
	at net.minecraft.world.level.storage.loot.LootDataType.deserialize(LootDataType.java:45) ~[server-1.20.1-20230612.114412-srg.jar%23251!/:?]
	at net.minecraft.world.level.storage.loot.LootDataManager.lambda$scheduleElementParse$4(LootDataManager.java:56) ~[server-1.20.1-20230612.114412-srg.jar%23251!/:?]
	at java.util.HashMap.forEach(HashMap.java:1421) ~[?:?]
	at net.minecraft.world.level.storage.loot.LootDataManager.m_278660_(LootDataManager.java:55) ~[server-1.20.1-20230612.114412-srg.jar%23251!/:?]
	at java.util.concurrent.CompletableFuture$AsyncRun.run(CompletableFuture.java:1804) ~[?:?]
	at java.util.concurrent.CompletableFuture$AsyncRun.exec(CompletableFuture.java:1796) ~[?:?]
	at java.util.concurrent.ForkJoinTask.doExec(ForkJoinTask.java:373) ~[?:?]
	at java.util.concurrent.ForkJoinPool$WorkQueue.topLevelExec(ForkJoinPool.java:1182) ~[?:?]
	at java.util.concurrent.ForkJoinPool.scan(ForkJoinPool.java:1655) ~[?:?]
	at java.util.concurrent.ForkJoinPool.runWorker(ForkJoinPool.java:1622) ~[?:?]
	at java.util.concurrent.ForkJoinWorkerThread.run(ForkJoinWorkerThread.java:165) ~[?:?]
[27Aug2026 20:10:16.040] [Worker-Main-1/ERROR] [net.minecraftforge.common.ForgeHooks/]: Couldn't parse element loot_tables:decocraft:blocks/picnic_basket
com.google.gson.JsonSyntaxException: Expected name to be an item, was unknown string 'decocraft:picnic_basket_closed'
	at net.minecraft.util.GsonHelper.m_13866_(GsonHelper.java:145) ~[server-1.20.1-20230612.114412-srg.jar%23251!/:?]
	at java.util.Optional.orElseThrow(Optional.java:403) ~[?:?]
	at net.minecraft.util.GsonHelper.m_13874_(GsonHelper.java:145) ~[server-1.20.1-20230612.114412-srg.jar%23251!/:?]
	at net.minecraft.util.GsonHelper.m_13909_(GsonHelper.java:153) ~[server-1.20.1-20230612.114412-srg.jar%23251!/:?]
	at net.minecraft.world.level.storage.loot.entries.LootItem$Serializer.m_7267_(LootItem.java:55) ~[server-1.20.1-20230612.114412-srg.jar%23251!/:?]
	at net.minecraft.world.level.storage.loot.entries.LootItem$Serializer.m_7267_(LootItem.java:40) ~[server-1.20.1-20230612.114412-srg.jar%23251!/:?]
	at net.minecraft.world.level.storage.loot.entries.LootPoolSingletonContainer$Serializer.m_5921_(LootPoolSingletonContainer.java:151) ~[server-1.20.1-20230612.114412-srg.jar%23251!/:?]
	at net.minecraft.world.level.storage.loot.entries.LootPoolSingletonContainer$Serializer.m_5921_(LootPoolSingletonContainer.java:129) ~[server-1.20.1-20230612.114412-srg.jar%23251!/:?]
	at net.minecraft.world.level.storage.loot.entries.LootPoolEntryContainer$Serializer.m_7561_(LootPoolEntryContainer.java:86) ~[server-1.20.1-20230612.114412-srg.jar%23251!/:?]
	at net.minecraft.world.level.storage.loot.entries.LootPoolEntryContainer$Serializer.m_7561_(LootPoolEntryContainer.java:74) ~[server-1.20.1-20230612.114412-srg.jar%23251!/:?]
	at net.minecraft.world.level.storage.loot.GsonAdapterFactory$JsonAdapter.deserialize(GsonAdapterFactory.java:102) ~[server-1.20.1-20230612.114412-srg.jar%23251!/:?]
	at com.google.gson.internal.bind.TreeTypeAdapter.read(TreeTypeAdapter.java:76) ~[gson-2.10.jar%2370!/:?]
	at com.google.gson.internal.bind.TypeAdapterRuntimeTypeWrapper.read(TypeAdapterRuntimeTypeWrapper.java:40) ~[gson-2.10.jar%2370!/:?]
	at com.google.gson.internal.bind.ArrayTypeAdapter.read(ArrayTypeAdapter.java:72) ~[gson-2.10.jar%2370!/:?]
	at com.google.gson.Gson.fromJson(Gson.java:1214) ~[gson-2.10.jar%2370!/:?]
	at com.google.gson.Gson.fromJson(Gson.java:1319) ~[gson-2.10.jar%2370!/:?]
	at com.google.gson.Gson.fromJson(Gson.java:1290) ~[gson-2.10.jar%2370!/:?]
	at com.google.gson.internal.bind.TreeTypeAdapter$GsonContextImpl.deserialize(TreeTypeAdapter.java:179) ~[gson-2.10.jar%2370!/:?]
	at net.minecraft.util.GsonHelper.m_13808_(GsonHelper.java:463) ~[server-1.20.1-20230612.114412-srg.jar%23251!/:?]
	at net.minecraft.util.GsonHelper.m_13836_(GsonHelper.java:471) ~[server-1.20.1-20230612.114412-srg.jar%23251!/:?]
	at net.minecraft.world.level.storage.loot.LootPool$Serializer.deserialize(LootPool.java:192) ~[server-1.20.1-20230612.114412-srg.jar%23251!/:?]
	at net.minecraft.world.level.storage.loot.LootPool$Serializer.deserialize(LootPool.java:189) ~[server-1.20.1-20230612.114412-srg.jar%23251!/:?]
	at com.google.gson.internal.bind.TreeTypeAdapter.read(TreeTypeAdapter.java:76) ~[gson-2.10.jar%2370!/:?]
	at com.google.gson.internal.bind.TypeAdapterRuntimeTypeWrapper.read(TypeAdapterRuntimeTypeWrapper.java:40) ~[gson-2.10.jar%2370!/:?]
	at com.google.gson.internal.bind.ArrayTypeAdapter.read(ArrayTypeAdapter.java:72) ~[gson-2.10.jar%2370!/:?]
	at com.google.gson.Gson.fromJson(Gson.java:1214) ~[gson-2.10.jar%2370!/:?]
	at com.google.gson.Gson.fromJson(Gson.java:1319) ~[gson-2.10.jar%2370!/:?]
	at com.google.gson.Gson.fromJson(Gson.java:1290) ~[gson-2.10.jar%2370!/:?]
	at com.google.gson.internal.bind.TreeTypeAdapter$GsonContextImpl.deserialize(TreeTypeAdapter.java:179) ~[gson-2.10.jar%2370!/:?]
	at net.minecraft.util.GsonHelper.m_13808_(GsonHelper.java:463) ~[server-1.20.1-20230612.114412-srg.jar%23251!/:?]
	at net.minecraft.util.GsonHelper.m_13845_(GsonHelper.java:481) ~[server-1.20.1-20230612.114412-srg.jar%23251!/:?]
	at net.minecraft.world.level.storage.loot.LootTable$Serializer.deserialize(LootTable.java:294) ~[server-1.20.1-20230612.114412-srg.jar%23251!/:?]
	at net.minecraft.world.level.storage.loot.LootTable$Serializer.deserialize(LootTable.java:291) ~[server-1.20.1-20230612.114412-srg.jar%23251!/:?]
	at com.google.gson.internal.bind.TreeTypeAdapter.read(TreeTypeAdapter.java:76) ~[gson-2.10.jar%2370!/:?]
	at com.google.gson.Gson.fromJson(Gson.java:1214) ~[gson-2.10.jar%2370!/:?]
	at com.google.gson.Gson.fromJson(Gson.java:1319) ~[gson-2.10.jar%2370!/:?]
	at com.google.gson.Gson.fromJson(Gson.java:1261) ~[gson-2.10.jar%2370!/:?]
	at net.minecraftforge.common.ForgeHooks.loadLootTable(ForgeHooks.java:871) ~[forge-1.20.1-47.3.7-universal.jar%23256!/:?]
	at net.minecraftforge.common.ForgeHooks.lambda$getLootTableDeserializer$3(ForgeHooks.java:848) ~[forge-1.20.1-47.3.7-universal.jar%23256!/:?]
	at net.minecraft.world.level.storage.loot.LootDataType.deserialize(LootDataType.java:45) ~[server-1.20.1-20230612.114412-srg.jar%23251!/:?]
	at net.minecraft.world.level.storage.loot.LootDataManager.lambda$scheduleElementParse$4(LootDataManager.java:56) ~[server-1.20.1-20230612.114412-srg.jar%23251!/:?]
	at java.util.HashMap.forEach(HashMap.java:1421) ~[?:?]
	at net.minecraft.world.level.storage.loot.LootDataManager.m_278660_(LootDataManager.java:55) ~[server-1.20.1-20230612.114412-srg.jar%23251!/:?]
	at java.util.concurrent.CompletableFuture$AsyncRun.run(CompletableFuture.java:1804) ~[?:?]
	at java.util.concurrent.CompletableFuture$AsyncRun.exec(CompletableFuture.java:1796) ~[?:?]
	at java.util.concurrent.ForkJoinTask.doExec(ForkJoinTask.java:373) ~[?:?]
	at java.util.concurrent.ForkJoinPool$WorkQueue.topLevelExec(ForkJoinPool.java:1182) ~[?:?]
	at java.util.concurrent.ForkJoinPool.scan(ForkJoinPool.java:1655) ~[?:?]
	at java.util.concurrent.ForkJoinPool.runWorker(ForkJoinPool.java:1622) ~[?:?]
	at java.util.concurrent.ForkJoinWorkerThread.run(ForkJoinWorkerThread.java:165) ~[?:?]
[27Aug2026 20:10:16.077] [Worker-Main-1/ERROR] [net.minecraftforge.common.ForgeHooks/]: Couldn't parse element loot_tables:bygonenether:blocks/withered_blackstone_vertical_slab
java.lang.IllegalArgumentException: Can't find block bygonenether:withered_blackstone_vertical_slab
	at net.minecraft.world.level.storage.loot.predicates.LootItemBlockStatePropertyCondition$Serializer.m_81802_(LootItemBlockStatePropertyCondition.java:79) ~[server-1.20.1-20230612.114412-srg.jar%23251!/:?]
	at java.util.Optional.orElseThrow(Optional.java:403) ~[?:?]
	at net.minecraft.world.level.storage.loot.predicates.LootItemBlockStatePropertyCondition$Serializer.m_7561_(LootItemBlockStatePropertyCondition.java:79) ~[server-1.20.1-20230612.114412-srg.jar%23251!/:?]
	at net.minecraft.world.level.storage.loot.predicates.LootItemBlockStatePropertyCondition$Serializer.m_7561_(LootItemBlockStatePropertyCondition.java:68) ~[server-1.20.1-20230612.114412-srg.jar%23251!/:?]
	at net.minecraft.world.level.storage.loot.GsonAdapterFactory$JsonAdapter.deserialize(GsonAdapterFactory.java:102) ~[server-1.20.1-20230612.114412-srg.jar%23251!/:?]
	at com.google.gson.internal.bind.TreeTypeAdapter.read(TreeTypeAdapter.java:76) ~[gson-2.10.jar%2370!/:?]
	at com.google.gson.internal.bind.TypeAdapterRuntimeTypeWrapper.read(TypeAdapterRuntimeTypeWrapper.java:40) ~[gson-2.10.jar%2370!/:?]
	at com.google.gson.internal.bind.ArrayTypeAdapter.read(ArrayTypeAdapter.java:72) ~[gson-2.10.jar%2370!/:?]
	at com.google.gson.Gson.fromJson(Gson.java:1214) ~[gson-2.10.jar%2370!/:?]
	at com.google.gson.Gson.fromJson(Gson.java:1319) ~[gson-2.10.jar%2370!/:?]
	at com.google.gson.Gson.fromJson(Gson.java:1290) ~[gson-2.10.jar%2370!/:?]
	at com.google.gson.internal.bind.TreeTypeAdapter$GsonContextImpl.deserialize(TreeTypeAdapter.java:179) ~[gson-2.10.jar%2370!/:?]
	at net.minecraft.util.GsonHelper.m_13808_(GsonHelper.java:463) ~[server-1.20.1-20230612.114412-srg.jar%23251!/:?]
	at net.minecraft.util.GsonHelper.m_13845_(GsonHelper.java:481) ~[server-1.20.1-20230612.114412-srg.jar%23251!/:?]
	at net.minecraft.world.level.storage.loot.functions.LootItemConditionalFunction$Serializer.m_7561_(LootItemConditionalFunction.java:98) ~[server-1.20.1-20230612.114412-srg.jar%23251!/:?]
	at net.minecraft.world.level.storage.loot.functions.LootItemConditionalFunction$Serializer.m_7561_(LootItemConditionalFunction.java:88) ~[server-1.20.1-20230612.114412-srg.jar%23251!/:?]
	at net.minecraft.world.level.storage.loot.GsonAdapterFactory$JsonAdapter.deserialize(GsonAdapterFactory.java:102) ~[server-1.20.1-20230612.114412-srg.jar%23251!/:?]
	at com.google.gson.internal.bind.TreeTypeAdapter.read(TreeTypeAdapter.java:76) ~[gson-2.10.jar%2370!/:?]
	at com.google.gson.internal.bind.TypeAdapterRuntimeTypeWrapper.read(TypeAdapterRuntimeTypeWrapper.java:40) ~[gson-2.10.jar%2370!/:?]
	at com.google.gson.internal.bind.ArrayTypeAdapter.read(ArrayTypeAdapter.java:72) ~[gson-2.10.jar%2370!/:?]
	at com.google.gson.Gson.fromJson(Gson.java:1214) ~[gson-2.10.jar%2370!/:?]
	at com.google.gson.Gson.fromJson(Gson.java:1319) ~[gson-2.10.jar%2370!/:?]
	at com.google.gson.Gson.fromJson(Gson.java:1290) ~[gson-2.10.jar%2370!/:?]
	at com.google.gson.internal.bind.TreeTypeAdapter$GsonContextImpl.deserialize(TreeTypeAdapter.java:179) ~[gson-2.10.jar%2370!/:?]
	at net.minecraft.util.GsonHelper.m_13808_(GsonHelper.java:463) ~[server-1.20.1-20230612.114412-srg.jar%23251!/:?]
	at net.minecraft.util.GsonHelper.m_13845_(GsonHelper.java:481) ~[server-1.20.1-20230612.114412-srg.jar%23251!/:?]
	at net.minecraft.world.level.storage.loot.entries.LootPoolSingletonContainer$Serializer.m_5921_(LootPoolSingletonContainer.java:149) ~[server-1.20.1-20230612.114412-srg.jar%23251!/:?]
	at net.minecraft.world.level.storage.loot.entries.LootPoolSingletonContainer$Serializer.m_5921_(LootPoolSingletonContainer.java:129) ~[server-1.20.1-20230612.114412-srg.jar%23251!/:?]
	at net.minecraft.world.level.storage.loot.entries.LootPoolEntryContainer$Serializer.m_7561_(LootPoolEntryContainer.java:86) ~[server-1.20.1-20230612.114412-srg.jar%23251!/:?]
	at net.minecraft.world.level.storage.loot.entries.LootPoolEntryContainer$Serializer.m_7561_(LootPoolEntryContainer.java:74) ~[server-1.20.1-20230612.114412-srg.jar%23251!/:?]
	at net.minecraft.world.level.storage.loot.GsonAdapterFactory$JsonAdapter.deserialize(GsonAdapterFactory.java:102) ~[server-1.20.1-20230612.114412-srg.jar%23251!/:?]
	at com.google.gson.internal.bind.TreeTypeAdapter.read(TreeTypeAdapter.java:76) ~[gson-2.10.jar%2370!/:?]
	at com.google.gson.internal.bind.TypeAdapterRuntimeTypeWrapper.read(TypeAdapterRuntimeTypeWrapper.java:40) ~[gson-2.10.jar%2370!/:?]
	at com.google.gson.internal.bind.ArrayTypeAdapter.read(ArrayTypeAdapter.java:72) ~[gson-2.10.jar%2370!/:?]
	at com.google.gson.Gson.fromJson(Gson.java:1214) ~[gson-2.10.jar%2370!/:?]
	at com.google.gson.Gson.fromJson(Gson.java:1319) ~[gson-2.10.jar%2370!/:?]
	at com.google.gson.Gson.fromJson(Gson.java:1290) ~[gson-2.10.jar%2370!/:?]
	at com.google.gson.internal.bind.TreeTypeAdapter$GsonContextImpl.deserialize(TreeTypeAdapter.java:179) ~[gson-2.10.jar%2370!/:?]
	at net.minecraft.util.GsonHelper.m_13808_(GsonHelper.java:463) ~[server-1.20.1-20230612.114412-srg.jar%23251!/:?]
	at net.minecraft.util.GsonHelper.m_13836_(GsonHelper.java:471) ~[server-1.20.1-20230612.114412-srg.jar%23251!/:?]
	at net.minecraft.world.level.storage.loot.LootPool$Serializer.deserialize(LootPool.java:192) ~[server-1.20.1-20230612.114412-srg.jar%23251!/:?]
	at net.minecraft.world.level.storage.loot.LootPool$Serializer.deserialize(LootPool.java:189) ~[server-1.20.1-20230612.114412-srg.jar%23251!/:?]
	at com.google.gson.internal.bind.TreeTypeAdapter.read(TreeTypeAdapter.java:76) ~[gson-2.10.jar%2370!/:?]
	at com.google.gson.internal.bind.TypeAdapterRuntimeTypeWrapper.read(TypeAdapterRuntimeTypeWrapper.java:40) ~[gson-2.10.jar%2370!/:?]
	at com.google.gson.internal.bind.ArrayTypeAdapter.read(ArrayTypeAdapter.java:72) ~[gson-2.10.jar%2370!/:?]
	at com.google.gson.Gson.fromJson(Gson.java:1214) ~[gson-2.10.jar%2370!/:?]
	at com.google.gson.Gson.fromJson(Gson.java:1319) ~[gson-2.10.jar%2370!/:?]
	at com.google.gson.Gson.fromJson(Gson.java:1290) ~[gson-2.10.jar%2370!/:?]
	at com.google.gson.internal.bind.TreeTypeAdapter$GsonContextImpl.deserialize(TreeTypeAdapter.java:179) ~[gson-2.10.jar%2370!/:?]
	at net.minecraft.util.GsonHelper.m_13808_(GsonHelper.java:463) ~[server-1.20.1-20230612.114412-srg.jar%23251!/:?]
	at net.minecraft.util.GsonHelper.m_13845_(GsonHelper.java:481) ~[server-1.20.1-20230612.114412-srg.jar%23251!/:?]
	at net.minecraft.world.level.storage.loot.LootTable$Serializer.deserialize(LootTable.java:294) ~[server-1.20.1-20230612.114412-srg.jar%23251!/:?]
	at net.minecraft.world.level.storage.loot.LootTable$Serializer.deserialize(LootTable.java:291) ~[server-1.20.1-20230612.114412-srg.jar%23251!/:?]
	at com.google.gson.internal.bind.TreeTypeAdapter.read(TreeTypeAdapter.java:76) ~[gson-2.10.jar%2370!/:?]
	at com.google.gson.Gson.fromJson(Gson.java:1214) ~[gson-2.10.jar%2370!/:?]
	at com.google.gson.Gson.fromJson(Gson.java:1319) ~[gson-2.10.jar%2370!/:?]
	at com.google.gson.Gson.fromJson(Gson.java:1261) ~[gson-2.10.jar%2370!/:?]
	at net.minecraftforge.common.ForgeHooks.loadLootTable(ForgeHooks.java:871) ~[forge-1.20.1-47.3.7-universal.jar%23256!/:?]
	at net.minecraftforge.common.ForgeHooks.lambda$getLootTableDeserializer$3(ForgeHooks.java:848) ~[forge-1.20.1-47.3.7-universal.jar%23256!/:?]
	at net.minecraft.world.level.storage.loot.LootDataType.deserialize(LootDataType.java:45) ~[server-1.20.1-20230612.114412-srg.jar%23251!/:?]
	at net.minecraft.world.level.storage.loot.LootDataManager.lambda$scheduleElementParse$4(LootDataManager.java:56) ~[server-1.20.1-20230612.114412-srg.jar%23251!/:?]
	at java.util.HashMap.forEach(HashMap.java:1421) ~[?:?]
	at net.minecraft.world.level.storage.loot.LootDataManager.m_278660_(LootDataManager.java:55) ~[server-1.20.1-20230612.114412-srg.jar%23251!/:?]
	at java.util.concurrent.CompletableFuture$AsyncRun.run(CompletableFuture.java:1804) ~[?:?]
	at java.util.concurrent.CompletableFuture$AsyncRun.exec(CompletableFuture.java:1796) ~[?:?]
	at java.util.concurrent.ForkJoinTask.doExec(ForkJoinTask.java:373) ~[?:?]
	at java.util.concurrent.ForkJoinPool$WorkQueue.topLevelExec(ForkJoinPool.java:1182) ~[?:?]
	at java.util.concurrent.ForkJoinPool.scan(ForkJoinPool.java:1655) ~[?:?]
	at java.util.concurrent.ForkJoinPool.runWorker(ForkJoinPool.java:1622) ~[?:?]
	at java.util.concurrent.ForkJoinWorkerThread.run(ForkJoinWorkerThread.java:165) ~[?:?]
[27Aug2026 20:10:16.114] [Worker-Main-1/ERROR] [net.minecraftforge.common.ForgeHooks/]: Couldn't parse element loot_tables:decocraft:blocks/school_desk_open_gray
com.google.gson.JsonSyntaxException: Expected name to be an item, was unknown string 'decocraft:school_desk_open_gray'
	at net.minecraft.util.GsonHelper.m_13866_(GsonHelper.java:145) ~[server-1.20.1-20230612.114412-srg.jar%23251!/:?]
	at java.util.Optional.orElseThrow(Optional.java:403) ~[?:?]
	at net.minecraft.util.GsonHelper.m_13874_(GsonHelper.java:145) ~[server-1.20.1-20230612.114412-srg.jar%23251!/:?]
	at net.minecraft.util.GsonHelper.m_13909_(GsonHelper.java:153) ~[server-1.20.1-20230612.114412-srg.jar%23251!/:?]
	at net.minecraft.world.level.storage.loot.entries.LootItem$Serializer.m_7267_(LootItem.java:55) ~[server-1.20.1-20230612.114412-srg.jar%23251!/:?]
	at net.minecraft.world.level.storage.loot.entries.LootItem$Serializer.m_7267_(LootItem.java:40) ~[server-1.20.1-20230612.114412-srg.jar%23251!/:?]
	at net.minecraft.world.level.storage.loot.entries.LootPoolSingletonContainer$Serializer.m_5921_(LootPoolSingletonContainer.java:151) ~[server-1.20.1-20230612.114412-srg.jar%23251!/:?]
	at net.minecraft.world.level.storage.loot.entries.LootPoolSingletonContainer$Serializer.m_5921_(LootPoolSingletonContainer.java:129) ~[server-1.20.1-20230612.114412-srg.jar%23251!/:?]
	at net.minecraft.world.level.storage.loot.entries.LootPoolEntryContainer$Serializer.m_7561_(LootPoolEntryContainer.java:86) ~[server-1.20.1-20230612.114412-srg.jar%23251!/:?]
	at net.minecraft.world.level.storage.loot.entries.LootPoolEntryContainer$Serializer.m_7561_(LootPoolEntryContainer.java:74) ~[server-1.20.1-20230612.114412-srg.jar%23251!/:?]
	at net.minecraft.world.level.storage.loot.GsonAdapterFactory$JsonAdapter.deserialize(GsonAdapterFactory.java:102) ~[server-1.20.1-20230612.114412-srg.jar%23251!/:?]
	at com.google.gson.internal.bind.TreeTypeAdapter.read(TreeTypeAdapter.java:76) ~[gson-2.10.jar%2370!/:?]
	at com.google.gson.internal.bind.TypeAdapterRuntimeTypeWrapper.read(TypeAdapterRuntimeTypeWrapper.java:40) ~[gson-2.10.jar%2370!/:?]
	at com.google.gson.internal.bind.ArrayTypeAdapter.read(ArrayTypeAdapter.java:72) ~[gson-2.10.jar%2370!/:?]
	at com.google.gson.Gson.fromJson(Gson.java:1214) ~[gson-2.10.jar%2370!/:?]
	at com.google.gson.Gson.fromJson(Gson.java:1319) ~[gson-2.10.jar%2370!/:?]
	at com.google.gson.Gson.fromJson(Gson.java:1290) ~[gson-2.10.jar%2370!/:?]
	at com.google.gson.internal.bind.TreeTypeAdapter$GsonContextImpl.deserialize(TreeTypeAdapter.java:179) ~[gson-2.10.jar%2370!/:?]
	at net.minecraft.util.GsonHelper.m_13808_(GsonHelper.java:463) ~[server-1.20.1-20230612.114412-srg.jar%23251!/:?]
	at net.minecraft.util.GsonHelper.m_13836_(GsonHelper.java:471) ~[server-1.20.1-20230612.114412-srg.jar%23251!/:?]
	at net.minecraft.world.level.storage.loot.LootPool$Serializer.deserialize(LootPool.java:192) ~[server-1.20.1-20230612.114412-srg.jar%23251!/:?]
	at net.minecraft.world.level.storage.loot.LootPool$Serializer.deserialize(LootPool.java:189) ~[server-1.20.1-20230612.114412-srg.jar%23251!/:?]
	at com.google.gson.internal.bind.TreeTypeAdapter.read(TreeTypeAdapter.java:76) ~[gson-2.10.jar%2370!/:?]
	at com.google.gson.internal.bind.TypeAdapterRuntimeTypeWrapper.read(TypeAdapterRuntimeTypeWrapper.java:40) ~[gson-2.10.jar%2370!/:?]
	at com.google.gson.internal.bind.ArrayTypeAdapter.read(ArrayTypeAdapter.java:72) ~[gson-2.10.jar%2370!/:?]
	at com.google.gson.Gson.fromJson(Gson.java:1214) ~[gson-2.10.jar%2370!/:?]
	at com.google.gson.Gson.fromJson(Gson.java:1319) ~[gson-2.10.jar%2370!/:?]
	at com.google.gson.Gson.fromJson(Gson.java:1290) ~[gson-2.10.jar%2370!/:?]
	at com.google.gson.internal.bind.TreeTypeAdapter$GsonContextImpl.deserialize(TreeTypeAdapter.java:179) ~[gson-2.10.jar%2370!/:?]
	at net.minecraft.util.GsonHelper.m_13808_(GsonHelper.java:463) ~[server-1.20.1-20230612.114412-srg.jar%23251!/:?]
	at net.minecraft.util.GsonHelper.m_13845_(GsonHelper.java:481) ~[server-1.20.1-20230612.114412-srg.jar%23251!/:?]
	at net.minecraft.world.level.storage.loot.LootTable$Serializer.deserialize(LootTable.java:294) ~[server-1.20.1-20230612.114412-srg.jar%23251!/:?]
	at net.minecraft.world.level.storage.loot.LootTable$Serializer.deserialize(LootTable.java:291) ~[server-1.20.1-20230612.114412-srg.jar%23251!/:?]
	at com.google.gson.internal.bind.TreeTypeAdapter.read(TreeTypeAdapter.java:76) ~[gson-2.10.jar%2370!/:?]
	at com.google.gson.Gson.fromJson(Gson.java:1214) ~[gson-2.10.jar%2370!/:?]
	at com.google.gson.Gson.fromJson(Gson.java:1319) ~[gson-2.10.jar%2370!/:?]
	at com.google.gson.Gson.fromJson(Gson.java:1261) ~[gson-2.10.jar%2370!/:?]
	at net.minecraftforge.common.ForgeHooks.loadLootTable(ForgeHooks.java:871) ~[forge-1.20.1-47.3.7-universal.jar%23256!/:?]
	at net.minecraftforge.common.ForgeHooks.lambda$getLootTableDeserializer$3(ForgeHooks.java:848) ~[forge-1.20.1-47.3.7-universal.jar%23256!/:?]
	at net.minecraft.world.level.storage.loot.LootDataType.deserialize(LootDataType.java:45) ~[server-1.20.1-20230612.114412-srg.jar%23251!/:?]
	at net.minecraft.world.level.storage.loot.LootDataManager.lambda$scheduleElementParse$4(LootDataManager.java:56) ~[server-1.20.1-20230612.114412-srg.jar%23251!/:?]
	at java.util.HashMap.forEach(HashMap.java:1421) ~[?:?]
	at net.minecraft.world.level.storage.loot.LootDataManager.m_278660_(LootDataManager.java:55) ~[server-1.20.1-20230612.114412-srg.jar%23251!/:?]
	at java.util.concurrent.CompletableFuture$AsyncRun.run(CompletableFuture.java:1804) ~[?:?]
	at java.util.concurrent.CompletableFuture$AsyncRun.exec(CompletableFuture.java:1796) ~[?:?]
	at java.util.concurrent.ForkJoinTask.doExec(ForkJoinTask.java:373) ~[?:?]
	at java.util.concurrent.ForkJoinPool$WorkQueue.topLevelExec(ForkJoinPool.java:1182) ~[?:?]
	at java.util.concurrent.ForkJoinPool.scan(ForkJoinPool.java:1655) ~[?:?]
	at java.util.concurrent.ForkJoinPool.runWorker(ForkJoinPool.java:1622) ~[?:?]
	at java.util.concurrent.ForkJoinWorkerThread.run(ForkJoinWorkerThread.java:165) ~[?:?]
[27Aug2026 20:10:16.146] [Worker-Main-1/ERROR] [net.minecraftforge.common.ForgeHooks/]: Couldn't parse element loot_tables:decocraft:blocks/china_cabinet_open_ebony
com.google.gson.JsonSyntaxException: Expected name to be an item, was unknown string 'decocraft:china_cabinet_open_ebony'
	at net.minecraft.util.GsonHelper.m_13866_(GsonHelper.java:145) ~[server-1.20.1-20230612.114412-srg.jar%23251!/:?]
	at java.util.Optional.orElseThrow(Optional.java:403) ~[?:?]
	at net.minecraft.util.GsonHelper.m_13874_(GsonHelper.java:145) ~[server-1.20.1-20230612.114412-srg.jar%23251!/:?]
	at net.minecraft.util.GsonHelper.m_13909_(GsonHelper.java:153) ~[server-1.20.1-20230612.114412-srg.jar%23251!/:?]
	at net.minecraft.world.level.storage.loot.entries.LootItem$Serializer.m_7267_(LootItem.java:55) ~[server-1.20.1-20230612.114412-srg.jar%23251!/:?]
	at net.minecraft.world.level.storage.loot.entries.LootItem$Serializer.m_7267_(LootItem.java:40) ~[server-1.20.1-20230612.114412-srg.jar%23251!/:?]
	at net.minecraft.world.level.storage.loot.entries.LootPoolSingletonContainer$Serializer.m_5921_(LootPoolSingletonContainer.java:151) ~[server-1.20.1-20230612.114412-srg.jar%23251!/:?]
	at net.minecraft.world.level.storage.loot.entries.LootPoolSingletonContainer$Serializer.m_5921_(LootPoolSingletonContainer.java:129) ~[server-1.20.1-20230612.114412-srg.jar%23251!/:?]
	at net.minecraft.world.level.storage.loot.entries.LootPoolEntryContainer$Serializer.m_7561_(LootPoolEntryContainer.java:86) ~[server-1.20.1-20230612.114412-srg.jar%23251!/:?]
	at net.minecraft.world.level.storage.loot.entries.LootPoolEntryContainer$Serializer.m_7561_(LootPoolEntryContainer.java:74) ~[server-1.20.1-20230612.114412-srg.jar%23251!/:?]
	at net.minecraft.world.level.storage.loot.GsonAdapterFactory$JsonAdapter.deserialize(GsonAdapterFactory.java:102) ~[server-1.20.1-20230612.114412-srg.jar%23251!/:?]
	at com.google.gson.internal.bind.TreeTypeAdapter.read(TreeTypeAdapter.java:76) ~[gson-2.10.jar%2370!/:?]
	at com.google.gson.internal.bind.TypeAdapterRuntimeTypeWrapper.read(TypeAdapterRuntimeTypeWrapper.java:40) ~[gson-2.10.jar%2370!/:?]
	at com.google.gson.internal.bind.ArrayTypeAdapter.read(ArrayTypeAdapter.java:72) ~[gson-2.10.jar%2370!/:?]
	at com.google.gson.Gson.fromJson(Gson.java:1214) ~[gson-2.10.jar%2370!/:?]
	at com.google.gson.Gson.fromJson(Gson.java:1319) ~[gson-2.10.jar%2370!/:?]
	at com.google.gson.Gson.fromJson(Gson.java:1290) ~[gson-2.10.jar%2370!/:?]
	at com.google.gson.internal.bind.TreeTypeAdapter$GsonContextImpl.deserialize(TreeTypeAdapter.java:179) ~[gson-2.10.jar%2370!/:?]
	at net.minecraft.util.GsonHelper.m_13808_(GsonHelper.java:463) ~[server-1.20.1-20230612.114412-srg.jar%23251!/:?]
	at net.minecraft.util.GsonHelper.m_13836_(GsonHelper.java:471) ~[server-1.20.1-20230612.114412-srg.jar%23251!/:?]
	at net.minecraft.world.level.storage.loot.LootPool$Serializer.deserialize(LootPool.java:192) ~[server-1.20.1-20230612.114412-srg.jar%23251!/:?]
	at net.minecraft.world.level.storage.loot.LootPool$Serializer.deserialize(LootPool.java:189) ~[server-1.20.1-20230612.114412-srg.jar%23251!/:?]
	at com.google.gson.internal.bind.TreeTypeAdapter.read(TreeTypeAdapter.java:76) ~[gson-2.10.jar%2370!/:?]
	at com.google.gson.internal.bind.TypeAdapterRuntimeTypeWrapper.read(TypeAdapterRuntimeTypeWrapper.java:40) ~[gson-2.10.jar%2370!/:?]
	at com.google.gson.internal.bind.ArrayTypeAdapter.read(ArrayTypeAdapter.java:72) ~[gson-2.10.jar%2370!/:?]
	at com.google.gson.Gson.fromJson(Gson.java:1214) ~[gson-2.10.jar%2370!/:?]
	at com.google.gson.Gson.fromJson(Gson.java:1319) ~[gson-2.10.jar%2370!/:?]
	at com.google.gson.Gson.fromJson(Gson.java:1290) ~[gson-2.10.jar%2370!/:?]
	at com.google.gson.internal.bind.TreeTypeAdapter$GsonContextImpl.deserialize(TreeTypeAdapter.java:179) ~[gson-2.10.jar%2370!/:?]
	at net.minecraft.util.GsonHelper.m_13808_(GsonHelper.java:463) ~[server-1.20.1-20230612.114412-srg.jar%23251!/:?]
	at net.minecraft.util.GsonHelper.m_13845_(GsonHelper.java:481) ~[server-1.20.1-20230612.114412-srg.jar%23251!/:?]
	at net.minecraft.world.level.storage.loot.LootTable$Serializer.deserialize(LootTable.java:294) ~[server-1.20.1-20230612.114412-srg.jar%23251!/:?]
	at net.minecraft.world.level.storage.loot.LootTable$Serializer.deserialize(LootTable.java:291) ~[server-1.20.1-20230612.114412-srg.jar%23251!/:?]
	at com.google.gson.internal.bind.TreeTypeAdapter.read(TreeTypeAdapter.java:76) ~[gson-2.10.jar%2370!/:?]
	at com.google.gson.Gson.fromJson(Gson.java:1214) ~[gson-2.10.jar%2370!/:?]
	at com.google.gson.Gson.fromJson(Gson.java:1319) ~[gson-2.10.jar%2370!/:?]
	at com.google.gson.Gson.fromJson(Gson.java:1261) ~[gson-2.10.jar%2370!/:?]
	at net.minecraftforge.common.ForgeHooks.loadLootTable(ForgeHooks.java:871) ~[forge-1.20.1-47.3.7-universal.jar%23256!/:?]
	at net.minecraftforge.common.ForgeHooks.lambda$getLootTableDeserializer$3(ForgeHooks.java:848) ~[forge-1.20.1-47.3.7-universal.jar%23256!/:?]
	at net.minecraft.world.level.storage.loot.LootDataType.deserialize(LootDataType.java:45) ~[server-1.20.1-20230612.114412-srg.jar%23251!/:?]
	at net.minecraft.world.level.storage.loot.LootDataManager.lambda$scheduleElementParse$4(LootDataManager.java:56) ~[server-1.20.1-20230612.114412-srg.jar%23251!/:?]
	at java.util.HashMap.forEach(HashMap.java:1421) ~[?:?]
	at net.minecraft.world.level.storage.loot.LootDataManager.m_278660_(LootDataManager.java:55) ~[server-1.20.1-20230612.114412-srg.jar%23251!/:?]
	at java.util.concurrent.CompletableFuture$AsyncRun.run(CompletableFuture.java:1804) ~[?:?]
	at java.util.concurrent.CompletableFuture$AsyncRun.exec(CompletableFuture.java:1796) ~[?:?]
	at java.util.concurrent.ForkJoinTask.doExec(ForkJoinTask.java:373) ~[?:?]
	at java.util.concurrent.ForkJoinPool$WorkQueue.topLevelExec(ForkJoinPool.java:1182) ~[?:?]
	at java.util.concurrent.ForkJoinPool.scan(ForkJoinPool.java:1655) ~[?:?]
	at java.util.concurrent.ForkJoinPool.runWorker(ForkJoinPool.java:1622) ~[?:?]
	at java.util.concurrent.ForkJoinWorkerThread.run(ForkJoinWorkerThread.java:165) ~[?:?]
[27Aug2026 20:10:16.151] [Worker-Main-1/ERROR] [net.minecraftforge.common.ForgeHooks/]: Couldn't parse element loot_tables:bygonenether:blocks/cracked_withered_blackstone_vertical_slab
com.google.gson.JsonSyntaxException: Expected name to be an item, was unknown string 'bygonenether:cracked_withered_blackstone_vertical_slab'
	at net.minecraft.util.GsonHelper.m_13866_(GsonHelper.java:145) ~[server-1.20.1-20230612.114412-srg.jar%23251!/:?]
	at java.util.Optional.orElseThrow(Optional.java:403) ~[?:?]
	at net.minecraft.util.GsonHelper.m_13874_(GsonHelper.java:145) ~[server-1.20.1-20230612.114412-srg.jar%23251!/:?]
	at net.minecraft.util.GsonHelper.m_13909_(GsonHelper.java:153) ~[server-1.20.1-20230612.114412-srg.jar%23251!/:?]
	at net.minecraft.world.level.storage.loot.entries.LootItem$Serializer.m_7267_(LootItem.java:55) ~[server-1.20.1-20230612.114412-srg.jar%23251!/:?]
	at net.minecraft.world.level.storage.loot.entries.LootItem$Serializer.m_7267_(LootItem.java:40) ~[server-1.20.1-20230612.114412-srg.jar%23251!/:?]
	at net.minecraft.world.level.storage.loot.entries.LootPoolSingletonContainer$Serializer.m_5921_(LootPoolSingletonContainer.java:151) ~[server-1.20.1-20230612.114412-srg.jar%23251!/:?]
	at net.minecraft.world.level.storage.loot.entries.LootPoolSingletonContainer$Serializer.m_5921_(LootPoolSingletonContainer.java:129) ~[server-1.20.1-20230612.114412-srg.jar%23251!/:?]
	at net.minecraft.world.level.storage.loot.entries.LootPoolEntryContainer$Serializer.m_7561_(LootPoolEntryContainer.java:86) ~[server-1.20.1-20230612.114412-srg.jar%23251!/:?]
	at net.minecraft.world.level.storage.loot.entries.LootPoolEntryContainer$Serializer.m_7561_(LootPoolEntryContainer.java:74) ~[server-1.20.1-20230612.114412-srg.jar%23251!/:?]
	at net.minecraft.world.level.storage.loot.GsonAdapterFactory$JsonAdapter.deserialize(GsonAdapterFactory.java:102) ~[server-1.20.1-20230612.114412-srg.jar%23251!/:?]
	at com.google.gson.internal.bind.TreeTypeAdapter.read(TreeTypeAdapter.java:76) ~[gson-2.10.jar%2370!/:?]
	at com.google.gson.internal.bind.TypeAdapterRuntimeTypeWrapper.read(TypeAdapterRuntimeTypeWrapper.java:40) ~[gson-2.10.jar%2370!/:?]
	at com.google.gson.internal.bind.ArrayTypeAdapter.read(ArrayTypeAdapter.java:72) ~[gson-2.10.jar%2370!/:?]
	at com.google.gson.Gson.fromJson(Gson.java:1214) ~[gson-2.10.jar%2370!/:?]
	at com.google.gson.Gson.fromJson(Gson.java:1319) ~[gson-2.10.jar%2370!/:?]
	at com.google.gson.Gson.fromJson(Gson.java:1290) ~[gson-2.10.jar%2370!/:?]
	at com.google.gson.internal.bind.TreeTypeAdapter$GsonContextImpl.deserialize(TreeTypeAdapter.java:179) ~[gson-2.10.jar%2370!/:?]
	at net.minecraft.util.GsonHelper.m_13808_(GsonHelper.java:463) ~[server-1.20.1-20230612.114412-srg.jar%23251!/:?]
	at net.minecraft.util.GsonHelper.m_13836_(GsonHelper.java:471) ~[server-1.20.1-20230612.114412-srg.jar%23251!/:?]
	at net.minecraft.world.level.storage.loot.LootPool$Serializer.deserialize(LootPool.java:192) ~[server-1.20.1-20230612.114412-srg.jar%23251!/:?]
	at net.minecraft.world.level.storage.loot.LootPool$Serializer.deserialize(LootPool.java:189) ~[server-1.20.1-20230612.114412-srg.jar%23251!/:?]
	at com.google.gson.internal.bind.TreeTypeAdapter.read(TreeTypeAdapter.java:76) ~[gson-2.10.jar%2370!/:?]
	at com.google.gson.internal.bind.TypeAdapterRuntimeTypeWrapper.read(TypeAdapterRuntimeTypeWrapper.java:40) ~[gson-2.10.jar%2370!/:?]
	at com.google.gson.internal.bind.ArrayTypeAdapter.read(ArrayTypeAdapter.java:72) ~[gson-2.10.jar%2370!/:?]
	at com.google.gson.Gson.fromJson(Gson.java:1214) ~[gson-2.10.jar%2370!/:?]
	at com.google.gson.Gson.fromJson(Gson.java:1319) ~[gson-2.10.jar%2370!/:?]
	at com.google.gson.Gson.fromJson(Gson.java:1290) ~[gson-2.10.jar%2370!/:?]
	at com.google.gson.internal.bind.TreeTypeAdapter$GsonContextImpl.deserialize(TreeTypeAdapter.java:179) ~[gson-2.10.jar%2370!/:?]
	at net.minecraft.util.GsonHelper.m_13808_(GsonHelper.java:463) ~[server-1.20.1-20230612.114412-srg.jar%23251!/:?]
	at net.minecraft.util.GsonHelper.m_13845_(GsonHelper.java:481) ~[server-1.20.1-20230612.114412-srg.jar%23251!/:?]
	at net.minecraft.world.level.storage.loot.LootTable$Serializer.deserialize(LootTable.java:294) ~[server-1.20.1-20230612.114412-srg.jar%23251!/:?]
	at net.minecraft.world.level.storage.loot.LootTable$Serializer.deserialize(LootTable.java:291) ~[server-1.20.1-20230612.114412-srg.jar%23251!/:?]
	at com.google.gson.internal.bind.TreeTypeAdapter.read(TreeTypeAdapter.java:76) ~[gson-2.10.jar%2370!/:?]
	at com.google.gson.Gson.fromJson(Gson.java:1214) ~[gson-2.10.jar%2370!/:?]
	at com.google.gson.Gson.fromJson(Gson.java:1319) ~[gson-2.10.jar%2370!/:?]
	at com.google.gson.Gson.fromJson(Gson.java:1261) ~[gson-2.10.jar%2370!/:?]
	at net.minecraftforge.common.ForgeHooks.loadLootTable(ForgeHooks.java:871) ~[forge-1.20.1-47.3.7-universal.jar%23256!/:?]
	at net.minecraftforge.common.ForgeHooks.lambda$getLootTableDeserializer$3(ForgeHooks.java:848) ~[forge-1.20.1-47.3.7-universal.jar%23256!/:?]
	at net.minecraft.world.level.storage.loot.LootDataType.deserialize(LootDataType.java:45) ~[server-1.20.1-20230612.114412-srg.jar%23251!/:?]
	at net.minecraft.world.level.storage.loot.LootDataManager.lambda$scheduleElementParse$4(LootDataManager.java:56) ~[server-1.20.1-20230612.114412-srg.jar%23251!/:?]
	at java.util.HashMap.forEach(HashMap.java:1421) ~[?:?]
	at net.minecraft.world.level.storage.loot.LootDataManager.m_278660_(LootDataManager.java:55) ~[server-1.20.1-20230612.114412-srg.jar%23251!/:?]
	at java.util.concurrent.CompletableFuture$AsyncRun.run(CompletableFuture.java:1804) ~[?:?]
	at java.util.concurrent.CompletableFuture$AsyncRun.exec(CompletableFuture.java:1796) ~[?:?]
	at java.util.concurrent.ForkJoinTask.doExec(ForkJoinTask.java:373) ~[?:?]
	at java.util.concurrent.ForkJoinPool$WorkQueue.topLevelExec(ForkJoinPool.java:1182) ~[?:?]
	at java.util.concurrent.ForkJoinPool.scan(ForkJoinPool.java:1655) ~[?:?]
	at java.util.concurrent.ForkJoinPool.runWorker(ForkJoinPool.java:1622) ~[?:?]
	at java.util.concurrent.ForkJoinWorkerThread.run(ForkJoinWorkerThread.java:165) ~[?:?]
[27Aug2026 20:10:16.172] [Worker-Main-1/ERROR] [net.minecraftforge.common.ForgeHooks/]: Couldn't parse element loot_tables:decocraft:blocks/china_cabinet_open_white
com.google.gson.JsonSyntaxException: Expected name to be an item, was unknown string 'decocraft:china_cabinet_open_white'
	at net.minecraft.util.GsonHelper.m_13866_(GsonHelper.java:145) ~[server-1.20.1-20230612.114412-srg.jar%23251!/:?]
	at java.util.Optional.orElseThrow(Optional.java:403) ~[?:?]
	at net.minecraft.util.GsonHelper.m_13874_(GsonHelper.java:145) ~[server-1.20.1-20230612.114412-srg.jar%23251!/:?]
	at net.minecraft.util.GsonHelper.m_13909_(GsonHelper.java:153) ~[server-1.20.1-20230612.114412-srg.jar%23251!/:?]
	at net.minecraft.world.level.storage.loot.entries.LootItem$Serializer.m_7267_(LootItem.java:55) ~[server-1.20.1-20230612.114412-srg.jar%23251!/:?]
	at net.minecraft.world.level.storage.loot.entries.LootItem$Serializer.m_7267_(LootItem.java:40) ~[server-1.20.1-20230612.114412-srg.jar%23251!/:?]
	at net.minecraft.world.level.storage.loot.entries.LootPoolSingletonContainer$Serializer.m_5921_(LootPoolSingletonContainer.java:151) ~[server-1.20.1-20230612.114412-srg.jar%23251!/:?]
	at net.minecraft.world.level.storage.loot.entries.LootPoolSingletonContainer$Serializer.m_5921_(LootPoolSingletonContainer.java:129) ~[server-1.20.1-20230612.114412-srg.jar%23251!/:?]
	at net.minecraft.world.level.storage.loot.entries.LootPoolEntryContainer$Serializer.m_7561_(LootPoolEntryContainer.java:86) ~[server-1.20.1-20230612.114412-srg.jar%23251!/:?]
	at net.minecraft.world.level.storage.loot.entries.LootPoolEntryContainer$Serializer.m_7561_(LootPoolEntryContainer.java:74) ~[server-1.20.1-20230612.114412-srg.jar%23251!/:?]
	at net.minecraft.world.level.storage.loot.GsonAdapterFactory$JsonAdapter.deserialize(GsonAdapterFactory.java:102) ~[server-1.20.1-20230612.114412-srg.jar%23251!/:?]
	at com.google.gson.internal.bind.TreeTypeAdapter.read(TreeTypeAdapter.java:76) ~[gson-2.10.jar%2370!/:?]
	at com.google.gson.internal.bind.TypeAdapterRuntimeTypeWrapper.read(TypeAdapterRuntimeTypeWrapper.java:40) ~[gson-2.10.jar%2370!/:?]
	at com.google.gson.internal.bind.ArrayTypeAdapter.read(ArrayTypeAdapter.java:72) ~[gson-2.10.jar%2370!/:?]
	at com.google.gson.Gson.fromJson(Gson.java:1214) ~[gson-2.10.jar%2370!/:?]
	at com.google.gson.Gson.fromJson(Gson.java:1319) ~[gson-2.10.jar%2370!/:?]
	at com.google.gson.Gson.fromJson(Gson.java:1290) ~[gson-2.10.jar%2370!/:?]
	at com.google.gson.internal.bind.TreeTypeAdapter$GsonContextImpl.deserialize(TreeTypeAdapter.java:179) ~[gson-2.10.jar%2370!/:?]
	at net.minecraft.util.GsonHelper.m_13808_(GsonHelper.java:463) ~[server-1.20.1-20230612.114412-srg.jar%23251!/:?]
	at net.minecraft.util.GsonHelper.m_13836_(GsonHelper.java:471) ~[server-1.20.1-20230612.114412-srg.jar%23251!/:?]
	at net.minecraft.world.level.storage.loot.LootPool$Serializer.deserialize(LootPool.java:192) ~[server-1.20.1-20230612.114412-srg.jar%23251!/:?]
	at net.minecraft.world.level.storage.loot.LootPool$Serializer.deserialize(LootPool.java:189) ~[server-1.20.1-20230612.114412-srg.jar%23251!/:?]
	at com.google.gson.internal.bind.TreeTypeAdapter.read(TreeTypeAdapter.java:76) ~[gson-2.10.jar%2370!/:?]
	at com.google.gson.internal.bind.TypeAdapterRuntimeTypeWrapper.read(TypeAdapterRuntimeTypeWrapper.java:40) ~[gson-2.10.jar%2370!/:?]
	at com.google.gson.internal.bind.ArrayTypeAdapter.read(ArrayTypeAdapter.java:72) ~[gson-2.10.jar%2370!/:?]
	at com.google.gson.Gson.fromJson(Gson.java:1214) ~[gson-2.10.jar%2370!/:?]
	at com.google.gson.Gson.fromJson(Gson.java:1319) ~[gson-2.10.jar%2370!/:?]
	at com.google.gson.Gson.fromJson(Gson.java:1290) ~[gson-2.10.jar%2370!/:?]
	at com.google.gson.internal.bind.TreeTypeAdapter$GsonContextImpl.deserialize(TreeTypeAdapter.java:179) ~[gson-2.10.jar%2370!/:?]
	at net.minecraft.util.GsonHelper.m_13808_(GsonHelper.java:463) ~[server-1.20.1-20230612.114412-srg.jar%23251!/:?]
	at net.minecraft.util.GsonHelper.m_13845_(GsonHelper.java:481) ~[server-1.20.1-20230612.114412-srg.jar%23251!/:?]
	at net.minecraft.world.level.storage.loot.LootTable$Serializer.deserialize(LootTable.java:294) ~[server-1.20.1-20230612.114412-srg.jar%23251!/:?]
	at net.minecraft.world.level.storage.loot.LootTable$Serializer.deserialize(LootTable.java:291) ~[server-1.20.1-20230612.114412-srg.jar%23251!/:?]
	at com.google.gson.internal.bind.TreeTypeAdapter.read(TreeTypeAdapter.java:76) ~[gson-2.10.jar%2370!/:?]
	at com.google.gson.Gson.fromJson(Gson.java:1214) ~[gson-2.10.jar%2370!/:?]
	at com.google.gson.Gson.fromJson(Gson.java:1319) ~[gson-2.10.jar%2370!/:?]
	at com.google.gson.Gson.fromJson(Gson.java:1261) ~[gson-2.10.jar%2370!/:?]
	at net.minecraftforge.common.ForgeHooks.loadLootTable(ForgeHooks.java:871) ~[forge-1.20.1-47.3.7-universal.jar%23256!/:?]
	at net.minecraftforge.common.ForgeHooks.lambda$getLootTableDeserializer$3(ForgeHooks.java:848) ~[forge-1.20.1-47.3.7-universal.jar%23256!/:?]
	at net.minecraft.world.level.storage.loot.LootDataType.deserialize(LootDataType.java:45) ~[server-1.20.1-20230612.114412-srg.jar%23251!/:?]
	at net.minecraft.world.level.storage.loot.LootDataManager.lambda$scheduleElementParse$4(LootDataManager.java:56) ~[server-1.20.1-20230612.114412-srg.jar%23251!/:?]
	at java.util.HashMap.forEach(HashMap.java:1421) ~[?:?]
	at net.minecraft.world.level.storage.loot.LootDataManager.m_278660_(LootDataManager.java:55) ~[server-1.20.1-20230612.114412-srg.jar%23251!/:?]
	at java.util.concurrent.CompletableFuture$AsyncRun.run(CompletableFuture.java:1804) ~[?:?]
	at java.util.concurrent.CompletableFuture$AsyncRun.exec(CompletableFuture.java:1796) ~[?:?]
	at java.util.concurrent.ForkJoinTask.doExec(ForkJoinTask.java:373) ~[?:?]
	at java.util.concurrent.ForkJoinPool$WorkQueue.topLevelExec(ForkJoinPool.java:1182) ~[?:?]
	at java.util.concurrent.ForkJoinPool.scan(ForkJoinPool.java:1655) ~[?:?]
	at java.util.concurrent.ForkJoinPool.runWorker(ForkJoinPool.java:1622) ~[?:?]
	at java.util.concurrent.ForkJoinWorkerThread.run(ForkJoinWorkerThread.java:165) ~[?:?]
[27Aug2026 20:10:16.184] [Worker-Main-1/ERROR] [net.minecraftforge.common.ForgeHooks/]: Couldn't parse element loot_tables:decocraft:blocks/school_desk_open_white
com.google.gson.JsonSyntaxException: Expected name to be an item, was unknown string 'decocraft:school_desk_open_white'
	at net.minecraft.util.GsonHelper.m_13866_(GsonHelper.java:145) ~[server-1.20.1-20230612.114412-srg.jar%23251!/:?]
	at java.util.Optional.orElseThrow(Optional.java:403) ~[?:?]
	at net.minecraft.util.GsonHelper.m_13874_(GsonHelper.java:145) ~[server-1.20.1-20230612.114412-srg.jar%23251!/:?]
	at net.minecraft.util.GsonHelper.m_13909_(GsonHelper.java:153) ~[server-1.20.1-20230612.114412-srg.jar%23251!/:?]
	at net.minecraft.world.level.storage.loot.entries.LootItem$Serializer.m_7267_(LootItem.java:55) ~[server-1.20.1-20230612.114412-srg.jar%23251!/:?]
	at net.minecraft.world.level.storage.loot.entries.LootItem$Serializer.m_7267_(LootItem.java:40) ~[server-1.20.1-20230612.114412-srg.jar%23251!/:?]
	at net.minecraft.world.level.storage.loot.entries.LootPoolSingletonContainer$Serializer.m_5921_(LootPoolSingletonContainer.java:151) ~[server-1.20.1-20230612.114412-srg.jar%23251!/:?]
	at net.minecraft.world.level.storage.loot.entries.LootPoolSingletonContainer$Serializer.m_5921_(LootPoolSingletonContainer.java:129) ~[server-1.20.1-20230612.114412-srg.jar%23251!/:?]
	at net.minecraft.world.level.storage.loot.entries.LootPoolEntryContainer$Serializer.m_7561_(LootPoolEntryContainer.java:86) ~[server-1.20.1-20230612.114412-srg.jar%23251!/:?]
	at net.minecraft.world.level.storage.loot.entries.LootPoolEntryContainer$Serializer.m_7561_(LootPoolEntryContainer.java:74) ~[server-1.20.1-20230612.114412-srg.jar%23251!/:?]
	at net.minecraft.world.level.storage.loot.GsonAdapterFactory$JsonAdapter.deserialize(GsonAdapterFactory.java:102) ~[server-1.20.1-20230612.114412-srg.jar%23251!/:?]
	at com.google.gson.internal.bind.TreeTypeAdapter.read(TreeTypeAdapter.java:76) ~[gson-2.10.jar%2370!/:?]
	at com.google.gson.internal.bind.TypeAdapterRuntimeTypeWrapper.read(TypeAdapterRuntimeTypeWrapper.java:40) ~[gson-2.10.jar%2370!/:?]
	at com.google.gson.internal.bind.ArrayTypeAdapter.read(ArrayTypeAdapter.java:72) ~[gson-2.10.jar%2370!/:?]
	at com.google.gson.Gson.fromJson(Gson.java:1214) ~[gson-2.10.jar%2370!/:?]
	at com.google.gson.Gson.fromJson(Gson.java:1319) ~[gson-2.10.jar%2370!/:?]
	at com.google.gson.Gson.fromJson(Gson.java:1290) ~[gson-2.10.jar%2370!/:?]
	at com.google.gson.internal.bind.TreeTypeAdapter$GsonContextImpl.deserialize(TreeTypeAdapter.java:179) ~[gson-2.10.jar%2370!/:?]
	at net.minecraft.util.GsonHelper.m_13808_(GsonHelper.java:463) ~[server-1.20.1-20230612.114412-srg.jar%23251!/:?]
	at net.minecraft.util.GsonHelper.m_13836_(GsonHelper.java:471) ~[server-1.20.1-20230612.114412-srg.jar%23251!/:?]
	at net.minecraft.world.level.storage.loot.LootPool$Serializer.deserialize(LootPool.java:192) ~[server-1.20.1-20230612.114412-srg.jar%23251!/:?]
	at net.minecraft.world.level.storage.loot.LootPool$Serializer.deserialize(LootPool.java:189) ~[server-1.20.1-20230612.114412-srg.jar%23251!/:?]
	at com.google.gson.internal.bind.TreeTypeAdapter.read(TreeTypeAdapter.java:76) ~[gson-2.10.jar%2370!/:?]
	at com.google.gson.internal.bind.TypeAdapterRuntimeTypeWrapper.read(TypeAdapterRuntimeTypeWrapper.java:40) ~[gson-2.10.jar%2370!/:?]
	at com.google.gson.internal.bind.ArrayTypeAdapter.read(ArrayTypeAdapter.java:72) ~[gson-2.10.jar%2370!/:?]
	at com.google.gson.Gson.fromJson(Gson.java:1214) ~[gson-2.10.jar%2370!/:?]
	at com.google.gson.Gson.fromJson(Gson.java:1319) ~[gson-2.10.jar%2370!/:?]
	at com.google.gson.Gson.fromJson(Gson.java:1290) ~[gson-2.10.jar%2370!/:?]
	at com.google.gson.internal.bind.TreeTypeAdapter$GsonContextImpl.deserialize(TreeTypeAdapter.java:179) ~[gson-2.10.jar%2370!/:?]
	at net.minecraft.util.GsonHelper.m_13808_(GsonHelper.java:463) ~[server-1.20.1-20230612.114412-srg.jar%23251!/:?]
	at net.minecraft.util.GsonHelper.m_13845_(GsonHelper.java:481) ~[server-1.20.1-20230612.114412-srg.jar%23251!/:?]
	at net.minecraft.world.level.storage.loot.LootTable$Serializer.deserialize(LootTable.java:294) ~[server-1.20.1-20230612.114412-srg.jar%23251!/:?]
	at net.minecraft.world.level.storage.loot.LootTable$Serializer.deserialize(LootTable.java:291) ~[server-1.20.1-20230612.114412-srg.jar%23251!/:?]
	at com.google.gson.internal.bind.TreeTypeAdapter.read(TreeTypeAdapter.java:76) ~[gson-2.10.jar%2370!/:?]
	at com.google.gson.Gson.fromJson(Gson.java:1214) ~[gson-2.10.jar%2370!/:?]
	at com.google.gson.Gson.fromJson(Gson.java:1319) ~[gson-2.10.jar%2370!/:?]
	at com.google.gson.Gson.fromJson(Gson.java:1261) ~[gson-2.10.jar%2370!/:?]
	at net.minecraftforge.common.ForgeHooks.loadLootTable(ForgeHooks.java:871) ~[forge-1.20.1-47.3.7-universal.jar%23256!/:?]
	at net.minecraftforge.common.ForgeHooks.lambda$getLootTableDeserializer$3(ForgeHooks.java:848) ~[forge-1.20.1-47.3.7-universal.jar%23256!/:?]
	at net.minecraft.world.level.storage.loot.LootDataType.deserialize(LootDataType.java:45) ~[server-1.20.1-20230612.114412-srg.jar%23251!/:?]
	at net.minecraft.world.level.storage.loot.LootDataManager.lambda$scheduleElementParse$4(LootDataManager.java:56) ~[server-1.20.1-20230612.114412-srg.jar%23251!/:?]
	at java.util.HashMap.forEach(HashMap.java:1421) ~[?:?]
	at net.minecraft.world.level.storage.loot.LootDataManager.m_278660_(LootDataManager.java:55) ~[server-1.20.1-20230612.114412-srg.jar%23251!/:?]
	at java.util.concurrent.CompletableFuture$AsyncRun.run(CompletableFuture.java:1804) ~[?:?]
	at java.util.concurrent.CompletableFuture$AsyncRun.exec(CompletableFuture.java:1796) ~[?:?]
	at java.util.concurrent.ForkJoinTask.doExec(ForkJoinTask.java:373) ~[?:?]
	at java.util.concurrent.ForkJoinPool$WorkQueue.topLevelExec(ForkJoinPool.java:1182) ~[?:?]
	at java.util.concurrent.ForkJoinPool.scan(ForkJoinPool.java:1655) ~[?:?]
	at java.util.concurrent.ForkJoinPool.runWorker(ForkJoinPool.java:1622) ~[?:?]
	at java.util.concurrent.ForkJoinWorkerThread.run(ForkJoinWorkerThread.java:165) ~[?:?]
[27Aug2026 20:10:16.189] [Worker-Main-1/ERROR] [net.minecraftforge.common.ForgeHooks/]: Couldn't parse element loot_tables:culturaldelights:blocks/avocado_leaf_carpet
com.google.gson.JsonSyntaxException: Expected name to be an item, was unknown string 'culturaldelights:avocado_leaf_carpet'
	at net.minecraft.util.GsonHelper.m_13866_(GsonHelper.java:145) ~[server-1.20.1-20230612.114412-srg.jar%23251!/:?]
	at java.util.Optional.orElseThrow(Optional.java:403) ~[?:?]
	at net.minecraft.util.GsonHelper.m_13874_(GsonHelper.java:145) ~[server-1.20.1-20230612.114412-srg.jar%23251!/:?]
	at net.minecraft.util.GsonHelper.m_13909_(GsonHelper.java:153) ~[server-1.20.1-20230612.114412-srg.jar%23251!/:?]
	at net.minecraft.world.level.storage.loot.entries.LootItem$Serializer.m_7267_(LootItem.java:55) ~[server-1.20.1-20230612.114412-srg.jar%23251!/:?]
	at net.minecraft.world.level.storage.loot.entries.LootItem$Serializer.m_7267_(LootItem.java:40) ~[server-1.20.1-20230612.114412-srg.jar%23251!/:?]
	at net.minecraft.world.level.storage.loot.entries.LootPoolSingletonContainer$Serializer.m_5921_(LootPoolSingletonContainer.java:151) ~[server-1.20.1-20230612.114412-srg.jar%23251!/:?]
	at net.minecraft.world.level.storage.loot.entries.LootPoolSingletonContainer$Serializer.m_5921_(LootPoolSingletonContainer.java:129) ~[server-1.20.1-20230612.114412-srg.jar%23251!/:?]
	at net.minecraft.world.level.storage.loot.entries.LootPoolEntryContainer$Serializer.m_7561_(LootPoolEntryContainer.java:86) ~[server-1.20.1-20230612.114412-srg.jar%23251!/:?]
	at net.minecraft.world.level.storage.loot.entries.LootPoolEntryContainer$Serializer.m_7561_(LootPoolEntryContainer.java:74) ~[server-1.20.1-20230612.114412-srg.jar%23251!/:?]
	at net.minecraft.world.level.storage.loot.GsonAdapterFactory$JsonAdapter.deserialize(GsonAdapterFactory.java:102) ~[server-1.20.1-20230612.114412-srg.jar%23251!/:?]
	at com.google.gson.internal.bind.TreeTypeAdapter.read(TreeTypeAdapter.java:76) ~[gson-2.10.jar%2370!/:?]
	at com.google.gson.internal.bind.TypeAdapterRuntimeTypeWrapper.read(TypeAdapterRuntimeTypeWrapper.java:40) ~[gson-2.10.jar%2370!/:?]
	at com.google.gson.internal.bind.ArrayTypeAdapter.read(ArrayTypeAdapter.java:72) ~[gson-2.10.jar%2370!/:?]
	at com.google.gson.Gson.fromJson(Gson.java:1214) ~[gson-2.10.jar%2370!/:?]
	at com.google.gson.Gson.fromJson(Gson.java:1319) ~[gson-2.10.jar%2370!/:?]
	at com.google.gson.Gson.fromJson(Gson.java:1290) ~[gson-2.10.jar%2370!/:?]
	at com.google.gson.internal.bind.TreeTypeAdapter$GsonContextImpl.deserialize(TreeTypeAdapter.java:179) ~[gson-2.10.jar%2370!/:?]
	at net.minecraft.util.GsonHelper.m_13808_(GsonHelper.java:463) ~[server-1.20.1-20230612.114412-srg.jar%23251!/:?]
	at net.minecraft.util.GsonHelper.m_13836_(GsonHelper.java:471) ~[server-1.20.1-20230612.114412-srg.jar%23251!/:?]
	at net.minecraft.world.level.storage.loot.LootPool$Serializer.deserialize(LootPool.java:192) ~[server-1.20.1-20230612.114412-srg.jar%23251!/:?]
	at net.minecraft.world.level.storage.loot.LootPool$Serializer.deserialize(LootPool.java:189) ~[server-1.20.1-20230612.114412-srg.jar%23251!/:?]
	at com.google.gson.internal.bind.TreeTypeAdapter.read(TreeTypeAdapter.java:76) ~[gson-2.10.jar%2370!/:?]
	at com.google.gson.internal.bind.TypeAdapterRuntimeTypeWrapper.read(TypeAdapterRuntimeTypeWrapper.java:40) ~[gson-2.10.jar%2370!/:?]
	at com.google.gson.internal.bind.ArrayTypeAdapter.read(ArrayTypeAdapter.java:72) ~[gson-2.10.jar%2370!/:?]
	at com.google.gson.Gson.fromJson(Gson.java:1214) ~[gson-2.10.jar%2370!/:?]
	at com.google.gson.Gson.fromJson(Gson.java:1319) ~[gson-2.10.jar%2370!/:?]
	at com.google.gson.Gson.fromJson(Gson.java:1290) ~[gson-2.10.jar%2370!/:?]
	at com.google.gson.internal.bind.TreeTypeAdapter$GsonContextImpl.deserialize(TreeTypeAdapter.java:179) ~[gson-2.10.jar%2370!/:?]
	at net.minecraft.util.GsonHelper.m_13808_(GsonHelper.java:463) ~[server-1.20.1-20230612.114412-srg.jar%23251!/:?]
	at net.minecraft.util.GsonHelper.m_13845_(GsonHelper.java:481) ~[server-1.20.1-20230612.114412-srg.jar%23251!/:?]
	at net.minecraft.world.level.storage.loot.LootTable$Serializer.deserialize(LootTable.java:294) ~[server-1.20.1-20230612.114412-srg.jar%23251!/:?]
	at net.minecraft.world.level.storage.loot.LootTable$Serializer.deserialize(LootTable.java:291) ~[server-1.20.1-20230612.114412-srg.jar%23251!/:?]
	at com.google.gson.internal.bind.TreeTypeAdapter.read(TreeTypeAdapter.java:76) ~[gson-2.10.jar%2370!/:?]
	at com.google.gson.Gson.fromJson(Gson.java:1214) ~[gson-2.10.jar%2370!/:?]
	at com.google.gson.Gson.fromJson(Gson.java:1319) ~[gson-2.10.jar%2370!/:?]
	at com.google.gson.Gson.fromJson(Gson.java:1261) ~[gson-2.10.jar%2370!/:?]
	at net.minecraftforge.common.ForgeHooks.loadLootTable(ForgeHooks.java:871) ~[forge-1.20.1-47.3.7-universal.jar%23256!/:?]
	at net.minecraftforge.common.ForgeHooks.lambda$getLootTableDeserializer$3(ForgeHooks.java:848) ~[forge-1.20.1-47.3.7-universal.jar%23256!/:?]
	at net.minecraft.world.level.storage.loot.LootDataType.deserialize(LootDataType.java:45) ~[server-1.20.1-20230612.114412-srg.jar%23251!/:?]
	at net.minecraft.world.level.storage.loot.LootDataManager.lambda$scheduleElementParse$4(LootDataManager.java:56) ~[server-1.20.1-20230612.114412-srg.jar%23251!/:?]
	at java.util.HashMap.forEach(HashMap.java:1421) ~[?:?]
	at net.minecraft.world.level.storage.loot.LootDataManager.m_278660_(LootDataManager.java:55) ~[server-1.20.1-20230612.114412-srg.jar%23251!/:?]
	at java.util.concurrent.CompletableFuture$AsyncRun.run(CompletableFuture.java:1804) ~[?:?]
	at java.util.concurrent.CompletableFuture$AsyncRun.exec(CompletableFuture.java:1796) ~[?:?]
	at java.util.concurrent.ForkJoinTask.doExec(ForkJoinTask.java:373) ~[?:?]
	at java.util.concurrent.ForkJoinPool$WorkQueue.topLevelExec(ForkJoinPool.java:1182) ~[?:?]
	at java.util.concurrent.ForkJoinPool.scan(ForkJoinPool.java:1655) ~[?:?]
	at java.util.concurrent.ForkJoinPool.runWorker(ForkJoinPool.java:1622) ~[?:?]
	at java.util.concurrent.ForkJoinWorkerThread.run(ForkJoinWorkerThread.java:165) ~[?:?]
[27Aug2026 20:10:16.191] [Worker-Main-1/ERROR] [net.minecraftforge.common.ForgeHooks/]: Couldn't parse element loot_tables:decocraft:blocks/school_desk_open_cyan
com.google.gson.JsonSyntaxException: Expected name to be an item, was unknown string 'decocraft:school_desk_open_cyan'
	at net.minecraft.util.GsonHelper.m_13866_(GsonHelper.java:145) ~[server-1.20.1-20230612.114412-srg.jar%23251!/:?]
	at java.util.Optional.orElseThrow(Optional.java:403) ~[?:?]
	at net.minecraft.util.GsonHelper.m_13874_(GsonHelper.java:145) ~[server-1.20.1-20230612.114412-srg.jar%23251!/:?]
	at net.minecraft.util.GsonHelper.m_13909_(GsonHelper.java:153) ~[server-1.20.1-20230612.114412-srg.jar%23251!/:?]
	at net.minecraft.world.level.storage.loot.entries.LootItem$Serializer.m_7267_(LootItem.java:55) ~[server-1.20.1-20230612.114412-srg.jar%23251!/:?]
	at net.minecraft.world.level.storage.loot.entries.LootItem$Serializer.m_7267_(LootItem.java:40) ~[server-1.20.1-20230612.114412-srg.jar%23251!/:?]
	at net.minecraft.world.level.storage.loot.entries.LootPoolSingletonContainer$Serializer.m_5921_(LootPoolSingletonContainer.java:151) ~[server-1.20.1-20230612.114412-srg.jar%23251!/:?]
	at net.minecraft.world.level.storage.loot.entries.LootPoolSingletonContainer$Serializer.m_5921_(LootPoolSingletonContainer.java:129) ~[server-1.20.1-20230612.114412-srg.jar%23251!/:?]
	at net.minecraft.world.level.storage.loot.entries.LootPoolEntryContainer$Serializer.m_7561_(LootPoolEntryContainer.java:86) ~[server-1.20.1-20230612.114412-srg.jar%23251!/:?]
	at net.minecraft.world.level.storage.loot.entries.LootPoolEntryContainer$Serializer.m_7561_(LootPoolEntryContainer.java:74) ~[server-1.20.1-20230612.114412-srg.jar%23251!/:?]
	at net.minecraft.world.level.storage.loot.GsonAdapterFactory$JsonAdapter.deserialize(GsonAdapterFactory.java:102) ~[server-1.20.1-20230612.114412-srg.jar%23251!/:?]
	at com.google.gson.internal.bind.TreeTypeAdapter.read(TreeTypeAdapter.java:76) ~[gson-2.10.jar%2370!/:?]
	at com.google.gson.internal.bind.TypeAdapterRuntimeTypeWrapper.read(TypeAdapterRuntimeTypeWrapper.java:40) ~[gson-2.10.jar%2370!/:?]
	at com.google.gson.internal.bind.ArrayTypeAdapter.read(ArrayTypeAdapter.java:72) ~[gson-2.10.jar%2370!/:?]
	at com.google.gson.Gson.fromJson(Gson.java:1214) ~[gson-2.10.jar%2370!/:?]
	at com.google.gson.Gson.fromJson(Gson.java:1319) ~[gson-2.10.jar%2370!/:?]
	at com.google.gson.Gson.fromJson(Gson.java:1290) ~[gson-2.10.jar%2370!/:?]
	at com.google.gson.internal.bind.TreeTypeAdapter$GsonContextImpl.deserialize(TreeTypeAdapter.java:179) ~[gson-2.10.jar%2370!/:?]
	at net.minecraft.util.GsonHelper.m_13808_(GsonHelper.java:463) ~[server-1.20.1-20230612.114412-srg.jar%23251!/:?]
	at net.minecraft.util.GsonHelper.m_13836_(GsonHelper.java:471) ~[server-1.20.1-20230612.114412-srg.jar%23251!/:?]
	at net.minecraft.world.level.storage.loot.LootPool$Serializer.deserialize(LootPool.java:192) ~[server-1.20.1-20230612.114412-srg.jar%23251!/:?]
	at net.minecraft.world.level.storage.loot.LootPool$Serializer.deserialize(LootPool.java:189) ~[server-1.20.1-20230612.114412-srg.jar%23251!/:?]
	at com.google.gson.internal.bind.TreeTypeAdapter.read(TreeTypeAdapter.java:76) ~[gson-2.10.jar%2370!/:?]
	at com.google.gson.internal.bind.TypeAdapterRuntimeTypeWrapper.read(TypeAdapterRuntimeTypeWrapper.java:40) ~[gson-2.10.jar%2370!/:?]
	at com.google.gson.internal.bind.ArrayTypeAdapter.read(ArrayTypeAdapter.java:72) ~[gson-2.10.jar%2370!/:?]
	at com.google.gson.Gson.fromJson(Gson.java:1214) ~[gson-2.10.jar%2370!/:?]
	at com.google.gson.Gson.fromJson(Gson.java:1319) ~[gson-2.10.jar%2370!/:?]
	at com.google.gson.Gson.fromJson(Gson.java:1290) ~[gson-2.10.jar%2370!/:?]
	at com.google.gson.internal.bind.TreeTypeAdapter$GsonContextImpl.deserialize(TreeTypeAdapter.java:179) ~[gson-2.10.jar%2370!/:?]
	at net.minecraft.util.GsonHelper.m_13808_(GsonHelper.java:463) ~[server-1.20.1-20230612.114412-srg.jar%23251!/:?]
	at net.minecraft.util.GsonHelper.m_13845_(GsonHelper.java:481) ~[server-1.20.1-20230612.114412-srg.jar%23251!/:?]
	at net.minecraft.world.level.storage.loot.LootTable$Serializer.deserialize(LootTable.java:294) ~[server-1.20.1-20230612.114412-srg.jar%23251!/:?]
	at net.minecraft.world.level.storage.loot.LootTable$Serializer.deserialize(LootTable.java:291) ~[server-1.20.1-20230612.114412-srg.jar%23251!/:?]
	at com.google.gson.internal.bind.TreeTypeAdapter.read(TreeTypeAdapter.java:76) ~[gson-2.10.jar%2370!/:?]
	at com.google.gson.Gson.fromJson(Gson.java:1214) ~[gson-2.10.jar%2370!/:?]
	at com.google.gson.Gson.fromJson(Gson.java:1319) ~[gson-2.10.jar%2370!/:?]
	at com.google.gson.Gson.fromJson(Gson.java:1261) ~[gson-2.10.jar%2370!/:?]
	at net.minecraftforge.common.ForgeHooks.loadLootTable(ForgeHooks.java:871) ~[forge-1.20.1-47.3.7-universal.jar%23256!/:?]
	at net.minecraftforge.common.ForgeHooks.lambda$getLootTableDeserializer$3(ForgeHooks.java:848) ~[forge-1.20.1-47.3.7-universal.jar%23256!/:?]
	at net.minecraft.world.level.storage.loot.LootDataType.deserialize(LootDataType.java:45) ~[server-1.20.1-20230612.114412-srg.jar%23251!/:?]
	at net.minecraft.world.level.storage.loot.LootDataManager.lambda$scheduleElementParse$4(LootDataManager.java:56) ~[server-1.20.1-20230612.114412-srg.jar%23251!/:?]
	at java.util.HashMap.forEach(HashMap.java:1421) ~[?:?]
	at net.minecraft.world.level.storage.loot.LootDataManager.m_278660_(LootDataManager.java:55) ~[server-1.20.1-20230612.114412-srg.jar%23251!/:?]
	at java.util.concurrent.CompletableFuture$AsyncRun.run(CompletableFuture.java:1804) ~[?:?]
	at java.util.concurrent.CompletableFuture$AsyncRun.exec(CompletableFuture.java:1796) ~[?:?]
	at java.util.concurrent.ForkJoinTask.doExec(ForkJoinTask.java:373) ~[?:?]
	at java.util.concurrent.ForkJoinPool$WorkQueue.topLevelExec(ForkJoinPool.java:1182) ~[?:?]
	at java.util.concurrent.ForkJoinPool.scan(ForkJoinPool.java:1655) ~[?:?]
	at java.util.concurrent.ForkJoinPool.runWorker(ForkJoinPool.java:1622) ~[?:?]
	at java.util.concurrent.ForkJoinWorkerThread.run(ForkJoinWorkerThread.java:165) ~[?:?]
[27Aug2026 20:10:16.194] [Worker-Main-1/ERROR] [net.minecraftforge.common.ForgeHooks/]: Couldn't parse element loot_tables:decocraft:blocks/school_desk_open_green
com.google.gson.JsonSyntaxException: Expected name to be an item, was unknown string 'decocraft:school_desk_open_green'
	at net.minecraft.util.GsonHelper.m_13866_(GsonHelper.java:145) ~[server-1.20.1-20230612.114412-srg.jar%23251!/:?]
	at java.util.Optional.orElseThrow(Optional.java:403) ~[?:?]
	at net.minecraft.util.GsonHelper.m_13874_(GsonHelper.java:145) ~[server-1.20.1-20230612.114412-srg.jar%23251!/:?]
	at net.minecraft.util.GsonHelper.m_13909_(GsonHelper.java:153) ~[server-1.20.1-20230612.114412-srg.jar%23251!/:?]
	at net.minecraft.world.level.storage.loot.entries.LootItem$Serializer.m_7267_(LootItem.java:55) ~[server-1.20.1-20230612.114412-srg.jar%23251!/:?]
	at net.minecraft.world.level.storage.loot.entries.LootItem$Serializer.m_7267_(LootItem.java:40) ~[server-1.20.1-20230612.114412-srg.jar%23251!/:?]
	at net.minecraft.world.level.storage.loot.entries.LootPoolSingletonContainer$Serializer.m_5921_(LootPoolSingletonContainer.java:151) ~[server-1.20.1-20230612.114412-srg.jar%23251!/:?]
	at net.minecraft.world.level.storage.loot.entries.LootPoolSingletonContainer$Serializer.m_5921_(LootPoolSingletonContainer.java:129) ~[server-1.20.1-20230612.114412-srg.jar%23251!/:?]
	at net.minecraft.world.level.storage.loot.entries.LootPoolEntryContainer$Serializer.m_7561_(LootPoolEntryContainer.java:86) ~[server-1.20.1-20230612.114412-srg.jar%23251!/:?]
	at net.minecraft.world.level.storage.loot.entries.LootPoolEntryContainer$Serializer.m_7561_(LootPoolEntryContainer.java:74) ~[server-1.20.1-20230612.114412-srg.jar%23251!/:?]
	at net.minecraft.world.level.storage.loot.GsonAdapterFactory$JsonAdapter.deserialize(GsonAdapterFactory.java:102) ~[server-1.20.1-20230612.114412-srg.jar%23251!/:?]
	at com.google.gson.internal.bind.TreeTypeAdapter.read(TreeTypeAdapter.java:76) ~[gson-2.10.jar%2370!/:?]
	at com.google.gson.internal.bind.TypeAdapterRuntimeTypeWrapper.read(TypeAdapterRuntimeTypeWrapper.java:40) ~[gson-2.10.jar%2370!/:?]
	at com.google.gson.internal.bind.ArrayTypeAdapter.read(ArrayTypeAdapter.java:72) ~[gson-2.10.jar%2370!/:?]
	at com.google.gson.Gson.fromJson(Gson.java:1214) ~[gson-2.10.jar%2370!/:?]
	at com.google.gson.Gson.fromJson(Gson.java:1319) ~[gson-2.10.jar%2370!/:?]
	at com.google.gson.Gson.fromJson(Gson.java:1290) ~[gson-2.10.jar%2370!/:?]
	at com.google.gson.internal.bind.TreeTypeAdapter$GsonContextImpl.deserialize(TreeTypeAdapter.java:179) ~[gson-2.10.jar%2370!/:?]
	at net.minecraft.util.GsonHelper.m_13808_(GsonHelper.java:463) ~[server-1.20.1-20230612.114412-srg.jar%23251!/:?]
	at net.minecraft.util.GsonHelper.m_13836_(GsonHelper.java:471) ~[server-1.20.1-20230612.114412-srg.jar%23251!/:?]
	at net.minecraft.world.level.storage.loot.LootPool$Serializer.deserialize(LootPool.java:192) ~[server-1.20.1-20230612.114412-srg.jar%23251!/:?]
	at net.minecraft.world.level.storage.loot.LootPool$Serializer.deserialize(LootPool.java:189) ~[server-1.20.1-20230612.114412-srg.jar%23251!/:?]
	at com.google.gson.internal.bind.TreeTypeAdapter.read(TreeTypeAdapter.java:76) ~[gson-2.10.jar%2370!/:?]
	at com.google.gson.internal.bind.TypeAdapterRuntimeTypeWrapper.read(TypeAdapterRuntimeTypeWrapper.java:40) ~[gson-2.10.jar%2370!/:?]
	at com.google.gson.internal.bind.ArrayTypeAdapter.read(ArrayTypeAdapter.java:72) ~[gson-2.10.jar%2370!/:?]
	at com.google.gson.Gson.fromJson(Gson.java:1214) ~[gson-2.10.jar%2370!/:?]
	at com.google.gson.Gson.fromJson(Gson.java:1319) ~[gson-2.10.jar%2370!/:?]
	at com.google.gson.Gson.fromJson(Gson.java:1290) ~[gson-2.10.jar%2370!/:?]
	at com.google.gson.internal.bind.TreeTypeAdapter$GsonContextImpl.deserialize(TreeTypeAdapter.java:179) ~[gson-2.10.jar%2370!/:?]
	at net.minecraft.util.GsonHelper.m_13808_(GsonHelper.java:463) ~[server-1.20.1-20230612.114412-srg.jar%23251!/:?]
	at net.minecraft.util.GsonHelper.m_13845_(GsonHelper.java:481) ~[server-1.20.1-20230612.114412-srg.jar%23251!/:?]
	at net.minecraft.world.level.storage.loot.LootTable$Serializer.deserialize(LootTable.java:294) ~[server-1.20.1-20230612.114412-srg.jar%23251!/:?]
	at net.minecraft.world.level.storage.loot.LootTable$Serializer.deserialize(LootTable.java:291) ~[server-1.20.1-20230612.114412-srg.jar%23251!/:?]
	at com.google.gson.internal.bind.TreeTypeAdapter.read(TreeTypeAdapter.java:76) ~[gson-2.10.jar%2370!/:?]
	at com.google.gson.Gson.fromJson(Gson.java:1214) ~[gson-2.10.jar%2370!/:?]
	at com.google.gson.Gson.fromJson(Gson.java:1319) ~[gson-2.10.jar%2370!/:?]
	at com.google.gson.Gson.fromJson(Gson.java:1261) ~[gson-2.10.jar%2370!/:?]
	at net.minecraftforge.common.ForgeHooks.loadLootTable(ForgeHooks.java:871) ~[forge-1.20.1-47.3.7-universal.jar%23256!/:?]
	at net.minecraftforge.common.ForgeHooks.lambda$getLootTableDeserializer$3(ForgeHooks.java:848) ~[forge-1.20.1-47.3.7-universal.jar%23256!/:?]
	at net.minecraft.world.level.storage.loot.LootDataType.deserialize(LootDataType.java:45) ~[server-1.20.1-20230612.114412-srg.jar%23251!/:?]
	at net.minecraft.world.level.storage.loot.LootDataManager.lambda$scheduleElementParse$4(LootDataManager.java:56) ~[server-1.20.1-20230612.114412-srg.jar%23251!/:?]
	at java.util.HashMap.forEach(HashMap.java:1421) ~[?:?]
	at net.minecraft.world.level.storage.loot.LootDataManager.m_278660_(LootDataManager.java:55) ~[server-1.20.1-20230612.114412-srg.jar%23251!/:?]
	at java.util.concurrent.CompletableFuture$AsyncRun.run(CompletableFuture.java:1804) ~[?:?]
	at java.util.concurrent.CompletableFuture$AsyncRun.exec(CompletableFuture.java:1796) ~[?:?]
	at java.util.concurrent.ForkJoinTask.doExec(ForkJoinTask.java:373) ~[?:?]
	at java.util.concurrent.ForkJoinPool$WorkQueue.topLevelExec(ForkJoinPool.java:1182) ~[?:?]
	at java.util.concurrent.ForkJoinPool.scan(ForkJoinPool.java:1655) ~[?:?]
	at java.util.concurrent.ForkJoinPool.runWorker(ForkJoinPool.java:1622) ~[?:?]
	at java.util.concurrent.ForkJoinWorkerThread.run(ForkJoinWorkerThread.java:165) ~[?:?]
[27Aug2026 20:10:16.199] [Worker-Main-1/ERROR] [net.minecraftforge.common.ForgeHooks/]: Couldn't parse element loot_tables:decocraft:blocks/china_cabinet_open_spruce
com.google.gson.JsonSyntaxException: Expected name to be an item, was unknown string 'decocraft:china_cabinet_open_spruce'
	at net.minecraft.util.GsonHelper.m_13866_(GsonHelper.java:145) ~[server-1.20.1-20230612.114412-srg.jar%23251!/:?]
	at java.util.Optional.orElseThrow(Optional.java:403) ~[?:?]
	at net.minecraft.util.GsonHelper.m_13874_(GsonHelper.java:145) ~[server-1.20.1-20230612.114412-srg.jar%23251!/:?]
	at net.minecraft.util.GsonHelper.m_13909_(GsonHelper.java:153) ~[server-1.20.1-20230612.114412-srg.jar%23251!/:?]
	at net.minecraft.world.level.storage.loot.entries.LootItem$Serializer.m_7267_(LootItem.java:55) ~[server-1.20.1-20230612.114412-srg.jar%23251!/:?]
	at net.minecraft.world.level.storage.loot.entries.LootItem$Serializer.m_7267_(LootItem.java:40) ~[server-1.20.1-20230612.114412-srg.jar%23251!/:?]
	at net.minecraft.world.level.storage.loot.entries.LootPoolSingletonContainer$Serializer.m_5921_(LootPoolSingletonContainer.java:151) ~[server-1.20.1-20230612.114412-srg.jar%23251!/:?]
	at net.minecraft.world.level.storage.loot.entries.LootPoolSingletonContainer$Serializer.m_5921_(LootPoolSingletonContainer.java:129) ~[server-1.20.1-20230612.114412-srg.jar%23251!/:?]
	at net.minecraft.world.level.storage.loot.entries.LootPoolEntryContainer$Serializer.m_7561_(LootPoolEntryContainer.java:86) ~[server-1.20.1-20230612.114412-srg.jar%23251!/:?]
	at net.minecraft.world.level.storage.loot.entries.LootPoolEntryContainer$Serializer.m_7561_(LootPoolEntryContainer.java:74) ~[server-1.20.1-20230612.114412-srg.jar%23251!/:?]
	at net.minecraft.world.level.storage.loot.GsonAdapterFactory$JsonAdapter.deserialize(GsonAdapterFactory.java:102) ~[server-1.20.1-20230612.114412-srg.jar%23251!/:?]
	at com.google.gson.internal.bind.TreeTypeAdapter.read(TreeTypeAdapter.java:76) ~[gson-2.10.jar%2370!/:?]
	at com.google.gson.internal.bind.TypeAdapterRuntimeTypeWrapper.read(TypeAdapterRuntimeTypeWrapper.java:40) ~[gson-2.10.jar%2370!/:?]
	at com.google.gson.internal.bind.ArrayTypeAdapter.read(ArrayTypeAdapter.java:72) ~[gson-2.10.jar%2370!/:?]
	at com.google.gson.Gson.fromJson(Gson.java:1214) ~[gson-2.10.jar%2370!/:?]
	at com.google.gson.Gson.fromJson(Gson.java:1319) ~[gson-2.10.jar%2370!/:?]
	at com.google.gson.Gson.fromJson(Gson.java:1290) ~[gson-2.10.jar%2370!/:?]
	at com.google.gson.internal.bind.TreeTypeAdapter$GsonContextImpl.deserialize(TreeTypeAdapter.java:179) ~[gson-2.10.jar%2370!/:?]
	at net.minecraft.util.GsonHelper.m_13808_(GsonHelper.java:463) ~[server-1.20.1-20230612.114412-srg.jar%23251!/:?]
	at net.minecraft.util.GsonHelper.m_13836_(GsonHelper.java:471) ~[server-1.20.1-20230612.114412-srg.jar%23251!/:?]
	at net.minecraft.world.level.storage.loot.LootPool$Serializer.deserialize(LootPool.java:192) ~[server-1.20.1-20230612.114412-srg.jar%23251!/:?]
	at net.minecraft.world.level.storage.loot.LootPool$Serializer.deserialize(LootPool.java:189) ~[server-1.20.1-20230612.114412-srg.jar%23251!/:?]
	at com.google.gson.internal.bind.TreeTypeAdapter.read(TreeTypeAdapter.java:76) ~[gson-2.10.jar%2370!/:?]
	at com.google.gson.internal.bind.TypeAdapterRuntimeTypeWrapper.read(TypeAdapterRuntimeTypeWrapper.java:40) ~[gson-2.10.jar%2370!/:?]
	at com.google.gson.internal.bind.ArrayTypeAdapter.read(ArrayTypeAdapter.java:72) ~[gson-2.10.jar%2370!/:?]
	at com.google.gson.Gson.fromJson(Gson.java:1214) ~[gson-2.10.jar%2370!/:?]
	at com.google.gson.Gson.fromJson(Gson.java:1319) ~[gson-2.10.jar%2370!/:?]
	at com.google.gson.Gson.fromJson(Gson.java:1290) ~[gson-2.10.jar%2370!/:?]
	at com.google.gson.internal.bind.TreeTypeAdapter$GsonContextImpl.deserialize(TreeTypeAdapter.java:179) ~[gson-2.10.jar%2370!/:?]
	at net.minecraft.util.GsonHelper.m_13808_(GsonHelper.java:463) ~[server-1.20.1-20230612.114412-srg.jar%23251!/:?]
	at net.minecraft.util.GsonHelper.m_13845_(GsonHelper.java:481) ~[server-1.20.1-20230612.114412-srg.jar%23251!/:?]
	at net.minecraft.world.level.storage.loot.LootTable$Serializer.deserialize(LootTable.java:294) ~[server-1.20.1-20230612.114412-srg.jar%23251!/:?]
	at net.minecraft.world.level.storage.loot.LootTable$Serializer.deserialize(LootTable.java:291) ~[server-1.20.1-20230612.114412-srg.jar%23251!/:?]
	at com.google.gson.internal.bind.TreeTypeAdapter.read(TreeTypeAdapter.java:76) ~[gson-2.10.jar%2370!/:?]
	at com.google.gson.Gson.fromJson(Gson.java:1214) ~[gson-2.10.jar%2370!/:?]
	at com.google.gson.Gson.fromJson(Gson.java:1319) ~[gson-2.10.jar%2370!/:?]
	at com.google.gson.Gson.fromJson(Gson.java:1261) ~[gson-2.10.jar%2370!/:?]
	at net.minecraftforge.common.ForgeHooks.loadLootTable(ForgeHooks.java:871) ~[forge-1.20.1-47.3.7-universal.jar%23256!/:?]
	at net.minecraftforge.common.ForgeHooks.lambda$getLootTableDeserializer$3(ForgeHooks.java:848) ~[forge-1.20.1-47.3.7-universal.jar%23256!/:?]
	at net.minecraft.world.level.storage.loot.LootDataType.deserialize(LootDataType.java:45) ~[server-1.20.1-20230612.114412-srg.jar%23251!/:?]
	at net.minecraft.world.level.storage.loot.LootDataManager.lambda$scheduleElementParse$4(LootDataManager.java:56) ~[server-1.20.1-20230612.114412-srg.jar%23251!/:?]
	at java.util.HashMap.forEach(HashMap.java:1421) ~[?:?]
	at net.minecraft.world.level.storage.loot.LootDataManager.m_278660_(LootDataManager.java:55) ~[server-1.20.1-20230612.114412-srg.jar%23251!/:?]
	at java.util.concurrent.CompletableFuture$AsyncRun.run(CompletableFuture.java:1804) ~[?:?]
	at java.util.concurrent.CompletableFuture$AsyncRun.exec(CompletableFuture.java:1796) ~[?:?]
	at java.util.concurrent.ForkJoinTask.doExec(ForkJoinTask.java:373) ~[?:?]
	at java.util.concurrent.ForkJoinPool$WorkQueue.topLevelExec(ForkJoinPool.java:1182) ~[?:?]
	at java.util.concurrent.ForkJoinPool.scan(ForkJoinPool.java:1655) ~[?:?]
	at java.util.concurrent.ForkJoinPool.runWorker(ForkJoinPool.java:1622) ~[?:?]
	at java.util.concurrent.ForkJoinWorkerThread.run(ForkJoinWorkerThread.java:165) ~[?:?]
[27Aug2026 20:10:16.202] [Worker-Main-1/ERROR] [net.minecraftforge.common.ForgeHooks/]: Couldn't parse element loot_tables:decocraft:blocks/laptop_closed_black
com.google.gson.JsonSyntaxException: Expected name to be an item, was unknown string 'decocraft:laptop_closed_black'
	at net.minecraft.util.GsonHelper.m_13866_(GsonHelper.java:145) ~[server-1.20.1-20230612.114412-srg.jar%23251!/:?]
	at java.util.Optional.orElseThrow(Optional.java:403) ~[?:?]
	at net.minecraft.util.GsonHelper.m_13874_(GsonHelper.java:145) ~[server-1.20.1-20230612.114412-srg.jar%23251!/:?]
	at net.minecraft.util.GsonHelper.m_13909_(GsonHelper.java:153) ~[server-1.20.1-20230612.114412-srg.jar%23251!/:?]
	at net.minecraft.world.level.storage.loot.entries.LootItem$Serializer.m_7267_(LootItem.java:55) ~[server-1.20.1-20230612.114412-srg.jar%23251!/:?]
	at net.minecraft.world.level.storage.loot.entries.LootItem$Serializer.m_7267_(LootItem.java:40) ~[server-1.20.1-20230612.114412-srg.jar%23251!/:?]
	at net.minecraft.world.level.storage.loot.entries.LootPoolSingletonContainer$Serializer.m_5921_(LootPoolSingletonContainer.java:151) ~[server-1.20.1-20230612.114412-srg.jar%23251!/:?]
	at net.minecraft.world.level.storage.loot.entries.LootPoolSingletonContainer$Serializer.m_5921_(LootPoolSingletonContainer.java:129) ~[server-1.20.1-20230612.114412-srg.jar%23251!/:?]
	at net.minecraft.world.level.storage.loot.entries.LootPoolEntryContainer$Serializer.m_7561_(LootPoolEntryContainer.java:86) ~[server-1.20.1-20230612.114412-srg.jar%23251!/:?]
	at net.minecraft.world.level.storage.loot.entries.LootPoolEntryContainer$Serializer.m_7561_(LootPoolEntryContainer.java:74) ~[server-1.20.1-20230612.114412-srg.jar%23251!/:?]
	at net.minecraft.world.level.storage.loot.GsonAdapterFactory$JsonAdapter.deserialize(GsonAdapterFactory.java:102) ~[server-1.20.1-20230612.114412-srg.jar%23251!/:?]
	at com.google.gson.internal.bind.TreeTypeAdapter.read(TreeTypeAdapter.java:76) ~[gson-2.10.jar%2370!/:?]
	at com.google.gson.internal.bind.TypeAdapterRuntimeTypeWrapper.read(TypeAdapterRuntimeTypeWrapper.java:40) ~[gson-2.10.jar%2370!/:?]
	at com.google.gson.internal.bind.ArrayTypeAdapter.read(ArrayTypeAdapter.java:72) ~[gson-2.10.jar%2370!/:?]
	at com.google.gson.Gson.fromJson(Gson.java:1214) ~[gson-2.10.jar%2370!/:?]
	at com.google.gson.Gson.fromJson(Gson.java:1319) ~[gson-2.10.jar%2370!/:?]
	at com.google.gson.Gson.fromJson(Gson.java:1290) ~[gson-2.10.jar%2370!/:?]
	at com.google.gson.internal.bind.TreeTypeAdapter$GsonContextImpl.deserialize(TreeTypeAdapter.java:179) ~[gson-2.10.jar%2370!/:?]
	at net.minecraft.util.GsonHelper.m_13808_(GsonHelper.java:463) ~[server-1.20.1-20230612.114412-srg.jar%23251!/:?]
	at net.minecraft.util.GsonHelper.m_13836_(GsonHelper.java:471) ~[server-1.20.1-20230612.114412-srg.jar%23251!/:?]
	at net.minecraft.world.level.storage.loot.LootPool$Serializer.deserialize(LootPool.java:192) ~[server-1.20.1-20230612.114412-srg.jar%23251!/:?]
	at net.minecraft.world.level.storage.loot.LootPool$Serializer.deserialize(LootPool.java:189) ~[server-1.20.1-20230612.114412-srg.jar%23251!/:?]
	at com.google.gson.internal.bind.TreeTypeAdapter.read(TreeTypeAdapter.java:76) ~[gson-2.10.jar%2370!/:?]
	at com.google.gson.internal.bind.TypeAdapterRuntimeTypeWrapper.read(TypeAdapterRuntimeTypeWrapper.java:40) ~[gson-2.10.jar%2370!/:?]
	at com.google.gson.internal.bind.ArrayTypeAdapter.read(ArrayTypeAdapter.java:72) ~[gson-2.10.jar%2370!/:?]
	at com.google.gson.Gson.fromJson(Gson.java:1214) ~[gson-2.10.jar%2370!/:?]
	at com.google.gson.Gson.fromJson(Gson.java:1319) ~[gson-2.10.jar%2370!/:?]
	at com.google.gson.Gson.fromJson(Gson.java:1290) ~[gson-2.10.jar%2370!/:?]
	at com.google.gson.internal.bind.TreeTypeAdapter$GsonContextImpl.deserialize(TreeTypeAdapter.java:179) ~[gson-2.10.jar%2370!/:?]
	at net.minecraft.util.GsonHelper.m_13808_(GsonHelper.java:463) ~[server-1.20.1-20230612.114412-srg.jar%23251!/:?]
	at net.minecraft.util.GsonHelper.m_13845_(GsonHelper.java:481) ~[server-1.20.1-20230612.114412-srg.jar%23251!/:?]
	at net.minecraft.world.level.storage.loot.LootTable$Serializer.deserialize(LootTable.java:294) ~[server-1.20.1-20230612.114412-srg.jar%23251!/:?]
	at net.minecraft.world.level.storage.loot.LootTable$Serializer.deserialize(LootTable.java:291) ~[server-1.20.1-20230612.114412-srg.jar%23251!/:?]
	at com.google.gson.internal.bind.TreeTypeAdapter.read(TreeTypeAdapter.java:76) ~[gson-2.10.jar%2370!/:?]
	at com.google.gson.Gson.fromJson(Gson.java:1214) ~[gson-2.10.jar%2370!/:?]
	at com.google.gson.Gson.fromJson(Gson.java:1319) ~[gson-2.10.jar%2370!/:?]
	at com.google.gson.Gson.fromJson(Gson.java:1261) ~[gson-2.10.jar%2370!/:?]
	at net.minecraftforge.common.ForgeHooks.loadLootTable(ForgeHooks.java:871) ~[forge-1.20.1-47.3.7-universal.jar%23256!/:?]
	at net.minecraftforge.common.ForgeHooks.lambda$getLootTableDeserializer$3(ForgeHooks.java:848) ~[forge-1.20.1-47.3.7-universal.jar%23256!/:?]
	at net.minecraft.world.level.storage.loot.LootDataType.deserialize(LootDataType.java:45) ~[server-1.20.1-20230612.114412-srg.jar%23251!/:?]
	at net.minecraft.world.level.storage.loot.LootDataManager.lambda$scheduleElementParse$4(LootDataManager.java:56) ~[server-1.20.1-20230612.114412-srg.jar%23251!/:?]
	at java.util.HashMap.forEach(HashMap.java:1421) ~[?:?]
	at net.minecraft.world.level.storage.loot.LootDataManager.m_278660_(LootDataManager.java:55) ~[server-1.20.1-20230612.114412-srg.jar%23251!/:?]
	at java.util.concurrent.CompletableFuture$AsyncRun.run(CompletableFuture.java:1804) ~[?:?]
	at java.util.concurrent.CompletableFuture$AsyncRun.exec(CompletableFuture.java:1796) ~[?:?]
	at java.util.concurrent.ForkJoinTask.doExec(ForkJoinTask.java:373) ~[?:?]
	at java.util.concurrent.ForkJoinPool$WorkQueue.topLevelExec(ForkJoinPool.java:1182) ~[?:?]
	at java.util.concurrent.ForkJoinPool.scan(ForkJoinPool.java:1655) ~[?:?]
	at java.util.concurrent.ForkJoinPool.runWorker(ForkJoinPool.java:1622) ~[?:?]
	at java.util.concurrent.ForkJoinWorkerThread.run(ForkJoinWorkerThread.java:165) ~[?:?]
[27Aug2026 20:10:16.210] [Worker-Main-1/ERROR] [net.minecraftforge.common.ForgeHooks/]: Couldn't parse element loot_tables:decocraft:blocks/school_desk_open_black
com.google.gson.JsonSyntaxException: Expected name to be an item, was unknown string 'decocraft:school_desk_open_black'
	at net.minecraft.util.GsonHelper.m_13866_(GsonHelper.java:145) ~[server-1.20.1-20230612.114412-srg.jar%23251!/:?]
	at java.util.Optional.orElseThrow(Optional.java:403) ~[?:?]
	at net.minecraft.util.GsonHelper.m_13874_(GsonHelper.java:145) ~[server-1.20.1-20230612.114412-srg.jar%23251!/:?]
	at net.minecraft.util.GsonHelper.m_13909_(GsonHelper.java:153) ~[server-1.20.1-20230612.114412-srg.jar%23251!/:?]
	at net.minecraft.world.level.storage.loot.entries.LootItem$Serializer.m_7267_(LootItem.java:55) ~[server-1.20.1-20230612.114412-srg.jar%23251!/:?]
	at net.minecraft.world.level.storage.loot.entries.LootItem$Serializer.m_7267_(LootItem.java:40) ~[server-1.20.1-20230612.114412-srg.jar%23251!/:?]
	at net.minecraft.world.level.storage.loot.entries.LootPoolSingletonContainer$Serializer.m_5921_(LootPoolSingletonContainer.java:151) ~[server-1.20.1-20230612.114412-srg.jar%23251!/:?]
	at net.minecraft.world.level.storage.loot.entries.LootPoolSingletonContainer$Serializer.m_5921_(LootPoolSingletonContainer.java:129) ~[server-1.20.1-20230612.114412-srg.jar%23251!/:?]
	at net.minecraft.world.level.storage.loot.entries.LootPoolEntryContainer$Serializer.m_7561_(LootPoolEntryContainer.java:86) ~[server-1.20.1-20230612.114412-srg.jar%23251!/:?]
	at net.minecraft.world.level.storage.loot.entries.LootPoolEntryContainer$Serializer.m_7561_(LootPoolEntryContainer.java:74) ~[server-1.20.1-20230612.114412-srg.jar%23251!/:?]
	at net.minecraft.world.level.storage.loot.GsonAdapterFactory$JsonAdapter.deserialize(GsonAdapterFactory.java:102) ~[server-1.20.1-20230612.114412-srg.jar%23251!/:?]
	at com.google.gson.internal.bind.TreeTypeAdapter.read(TreeTypeAdapter.java:76) ~[gson-2.10.jar%2370!/:?]
	at com.google.gson.internal.bind.TypeAdapterRuntimeTypeWrapper.read(TypeAdapterRuntimeTypeWrapper.java:40) ~[gson-2.10.jar%2370!/:?]
	at com.google.gson.internal.bind.ArrayTypeAdapter.read(ArrayTypeAdapter.java:72) ~[gson-2.10.jar%2370!/:?]
	at com.google.gson.Gson.fromJson(Gson.java:1214) ~[gson-2.10.jar%2370!/:?]
	at com.google.gson.Gson.fromJson(Gson.java:1319) ~[gson-2.10.jar%2370!/:?]
	at com.google.gson.Gson.fromJson(Gson.java:1290) ~[gson-2.10.jar%2370!/:?]
	at com.google.gson.internal.bind.TreeTypeAdapter$GsonContextImpl.deserialize(TreeTypeAdapter.java:179) ~[gson-2.10.jar%2370!/:?]
	at net.minecraft.util.GsonHelper.m_13808_(GsonHelper.java:463) ~[server-1.20.1-20230612.114412-srg.jar%23251!/:?]
	at net.minecraft.util.GsonHelper.m_13836_(GsonHelper.java:471) ~[server-1.20.1-20230612.114412-srg.jar%23251!/:?]
	at net.minecraft.world.level.storage.loot.LootPool$Serializer.deserialize(LootPool.java:192) ~[server-1.20.1-20230612.114412-srg.jar%23251!/:?]
	at net.minecraft.world.level.storage.loot.LootPool$Serializer.deserialize(LootPool.java:189) ~[server-1.20.1-20230612.114412-srg.jar%23251!/:?]
	at com.google.gson.internal.bind.TreeTypeAdapter.read(TreeTypeAdapter.java:76) ~[gson-2.10.jar%2370!/:?]
	at com.google.gson.internal.bind.TypeAdapterRuntimeTypeWrapper.read(TypeAdapterRuntimeTypeWrapper.java:40) ~[gson-2.10.jar%2370!/:?]
	at com.google.gson.internal.bind.ArrayTypeAdapter.read(ArrayTypeAdapter.java:72) ~[gson-2.10.jar%2370!/:?]
	at com.google.gson.Gson.fromJson(Gson.java:1214) ~[gson-2.10.jar%2370!/:?]
	at com.google.gson.Gson.fromJson(Gson.java:1319) ~[gson-2.10.jar%2370!/:?]
	at com.google.gson.Gson.fromJson(Gson.java:1290) ~[gson-2.10.jar%2370!/:?]
	at com.google.gson.internal.bind.TreeTypeAdapter$GsonContextImpl.deserialize(TreeTypeAdapter.java:179) ~[gson-2.10.jar%2370!/:?]
	at net.minecraft.util.GsonHelper.m_13808_(GsonHelper.java:463) ~[server-1.20.1-20230612.114412-srg.jar%23251!/:?]
	at net.minecraft.util.GsonHelper.m_13845_(GsonHelper.java:481) ~[server-1.20.1-20230612.114412-srg.jar%23251!/:?]
	at net.minecraft.world.level.storage.loot.LootTable$Serializer.deserialize(LootTable.java:294) ~[server-1.20.1-20230612.114412-srg.jar%23251!/:?]
	at net.minecraft.world.level.storage.loot.LootTable$Serializer.deserialize(LootTable.java:291) ~[server-1.20.1-20230612.114412-srg.jar%23251!/:?]
	at com.google.gson.internal.bind.TreeTypeAdapter.read(TreeTypeAdapter.java:76) ~[gson-2.10.jar%2370!/:?]
	at com.google.gson.Gson.fromJson(Gson.java:1214) ~[gson-2.10.jar%2370!/:?]
	at com.google.gson.Gson.fromJson(Gson.java:1319) ~[gson-2.10.jar%2370!/:?]
	at com.google.gson.Gson.fromJson(Gson.java:1261) ~[gson-2.10.jar%2370!/:?]
	at net.minecraftforge.common.ForgeHooks.loadLootTable(ForgeHooks.java:871) ~[forge-1.20.1-47.3.7-universal.jar%23256!/:?]
	at net.minecraftforge.common.ForgeHooks.lambda$getLootTableDeserializer$3(ForgeHooks.java:848) ~[forge-1.20.1-47.3.7-universal.jar%23256!/:?]
	at net.minecraft.world.level.storage.loot.LootDataType.deserialize(LootDataType.java:45) ~[server-1.20.1-20230612.114412-srg.jar%23251!/:?]
	at net.minecraft.world.level.storage.loot.LootDataManager.lambda$scheduleElementParse$4(LootDataManager.java:56) ~[server-1.20.1-20230612.114412-srg.jar%23251!/:?]
	at java.util.HashMap.forEach(HashMap.java:1421) ~[?:?]
	at net.minecraft.world.level.storage.loot.LootDataManager.m_278660_(LootDataManager.java:55) ~[server-1.20.1-20230612.114412-srg.jar%23251!/:?]
	at java.util.concurrent.CompletableFuture$AsyncRun.run(CompletableFuture.java:1804) ~[?:?]
	at java.util.concurrent.CompletableFuture$AsyncRun.exec(CompletableFuture.java:1796) ~[?:?]
	at java.util.concurrent.ForkJoinTask.doExec(ForkJoinTask.java:373) ~[?:?]
	at java.util.concurrent.ForkJoinPool$WorkQueue.topLevelExec(ForkJoinPool.java:1182) ~[?:?]
	at java.util.concurrent.ForkJoinPool.scan(ForkJoinPool.java:1655) ~[?:?]
	at java.util.concurrent.ForkJoinPool.runWorker(ForkJoinPool.java:1622) ~[?:?]
	at java.util.concurrent.ForkJoinWorkerThread.run(ForkJoinWorkerThread.java:165) ~[?:?]
[27Aug2026 20:10:16.213] [Worker-Main-1/ERROR] [net.minecraftforge.common.ForgeHooks/]: Couldn't parse element loot_tables:decocraft:blocks/picnic_basket_closed
com.google.gson.JsonSyntaxException: Expected name to be an item, was unknown string 'decocraft:picnic_basket_closed'
	at net.minecraft.util.GsonHelper.m_13866_(GsonHelper.java:145) ~[server-1.20.1-20230612.114412-srg.jar%23251!/:?]
	at java.util.Optional.orElseThrow(Optional.java:403) ~[?:?]
	at net.minecraft.util.GsonHelper.m_13874_(GsonHelper.java:145) ~[server-1.20.1-20230612.114412-srg.jar%23251!/:?]
	at net.minecraft.util.GsonHelper.m_13909_(GsonHelper.java:153) ~[server-1.20.1-20230612.114412-srg.jar%23251!/:?]
	at net.minecraft.world.level.storage.loot.entries.LootItem$Serializer.m_7267_(LootItem.java:55) ~[server-1.20.1-20230612.114412-srg.jar%23251!/:?]
	at net.minecraft.world.level.storage.loot.entries.LootItem$Serializer.m_7267_(LootItem.java:40) ~[server-1.20.1-20230612.114412-srg.jar%23251!/:?]
	at net.minecraft.world.level.storage.loot.entries.LootPoolSingletonContainer$Serializer.m_5921_(LootPoolSingletonContainer.java:151) ~[server-1.20.1-20230612.114412-srg.jar%23251!/:?]
	at net.minecraft.world.level.storage.loot.entries.LootPoolSingletonContainer$Serializer.m_5921_(LootPoolSingletonContainer.java:129) ~[server-1.20.1-20230612.114412-srg.jar%23251!/:?]
	at net.minecraft.world.level.storage.loot.entries.LootPoolEntryContainer$Serializer.m_7561_(LootPoolEntryContainer.java:86) ~[server-1.20.1-20230612.114412-srg.jar%23251!/:?]
	at net.minecraft.world.level.storage.loot.entries.LootPoolEntryContainer$Serializer.m_7561_(LootPoolEntryContainer.java:74) ~[server-1.20.1-20230612.114412-srg.jar%23251!/:?]
	at net.minecraft.world.level.storage.loot.GsonAdapterFactory$JsonAdapter.deserialize(GsonAdapterFactory.java:102) ~[server-1.20.1-20230612.114412-srg.jar%23251!/:?]
	at com.google.gson.internal.bind.TreeTypeAdapter.read(TreeTypeAdapter.java:76) ~[gson-2.10.jar%2370!/:?]
	at com.google.gson.internal.bind.TypeAdapterRuntimeTypeWrapper.read(TypeAdapterRuntimeTypeWrapper.java:40) ~[gson-2.10.jar%2370!/:?]
	at com.google.gson.internal.bind.ArrayTypeAdapter.read(ArrayTypeAdapter.java:72) ~[gson-2.10.jar%2370!/:?]
	at com.google.gson.Gson.fromJson(Gson.java:1214) ~[gson-2.10.jar%2370!/:?]
	at com.google.gson.Gson.fromJson(Gson.java:1319) ~[gson-2.10.jar%2370!/:?]
	at com.google.gson.Gson.fromJson(Gson.java:1290) ~[gson-2.10.jar%2370!/:?]
	at com.google.gson.internal.bind.TreeTypeAdapter$GsonContextImpl.deserialize(TreeTypeAdapter.java:179) ~[gson-2.10.jar%2370!/:?]
	at net.minecraft.util.GsonHelper.m_13808_(GsonHelper.java:463) ~[server-1.20.1-20230612.114412-srg.jar%23251!/:?]
	at net.minecraft.util.GsonHelper.m_13836_(GsonHelper.java:471) ~[server-1.20.1-20230612.114412-srg.jar%23251!/:?]
	at net.minecraft.world.level.storage.loot.LootPool$Serializer.deserialize(LootPool.java:192) ~[server-1.20.1-20230612.114412-srg.jar%23251!/:?]
	at net.minecraft.world.level.storage.loot.LootPool$Serializer.deserialize(LootPool.java:189) ~[server-1.20.1-20230612.114412-srg.jar%23251!/:?]
	at com.google.gson.internal.bind.TreeTypeAdapter.read(TreeTypeAdapter.java:76) ~[gson-2.10.jar%2370!/:?]
	at com.google.gson.internal.bind.TypeAdapterRuntimeTypeWrapper.read(TypeAdapterRuntimeTypeWrapper.java:40) ~[gson-2.10.jar%2370!/:?]
	at com.google.gson.internal.bind.ArrayTypeAdapter.read(ArrayTypeAdapter.java:72) ~[gson-2.10.jar%2370!/:?]
	at com.google.gson.Gson.fromJson(Gson.java:1214) ~[gson-2.10.jar%2370!/:?]
	at com.google.gson.Gson.fromJson(Gson.java:1319) ~[gson-2.10.jar%2370!/:?]
	at com.google.gson.Gson.fromJson(Gson.java:1290) ~[gson-2.10.jar%2370!/:?]
	at com.google.gson.internal.bind.TreeTypeAdapter$GsonContextImpl.deserialize(TreeTypeAdapter.java:179) ~[gson-2.10.jar%2370!/:?]
	at net.minecraft.util.GsonHelper.m_13808_(GsonHelper.java:463) ~[server-1.20.1-20230612.114412-srg.jar%23251!/:?]
	at net.minecraft.util.GsonHelper.m_13845_(GsonHelper.java:481) ~[server-1.20.1-20230612.114412-srg.jar%23251!/:?]
	at net.minecraft.world.level.storage.loot.LootTable$Serializer.deserialize(LootTable.java:294) ~[server-1.20.1-20230612.114412-srg.jar%23251!/:?]
	at net.minecraft.world.level.storage.loot.LootTable$Serializer.deserialize(LootTable.java:291) ~[server-1.20.1-20230612.114412-srg.jar%23251!/:?]
	at com.google.gson.internal.bind.TreeTypeAdapter.read(TreeTypeAdapter.java:76) ~[gson-2.10.jar%2370!/:?]
	at com.google.gson.Gson.fromJson(Gson.java:1214) ~[gson-2.10.jar%2370!/:?]
	at com.google.gson.Gson.fromJson(Gson.java:1319) ~[gson-2.10.jar%2370!/:?]
	at com.google.gson.Gson.fromJson(Gson.java:1261) ~[gson-2.10.jar%2370!/:?]
	at net.minecraftforge.common.ForgeHooks.loadLootTable(ForgeHooks.java:871) ~[forge-1.20.1-47.3.7-universal.jar%23256!/:?]
	at net.minecraftforge.common.ForgeHooks.lambda$getLootTableDeserializer$3(ForgeHooks.java:848) ~[forge-1.20.1-47.3.7-universal.jar%23256!/:?]
	at net.minecraft.world.level.storage.loot.LootDataType.deserialize(LootDataType.java:45) ~[server-1.20.1-20230612.114412-srg.jar%23251!/:?]
	at net.minecraft.world.level.storage.loot.LootDataManager.lambda$scheduleElementParse$4(LootDataManager.java:56) ~[server-1.20.1-20230612.114412-srg.jar%23251!/:?]
	at java.util.HashMap.forEach(HashMap.java:1421) ~[?:?]
	at net.minecraft.world.level.storage.loot.LootDataManager.m_278660_(LootDataManager.java:55) ~[server-1.20.1-20230612.114412-srg.jar%23251!/:?]
	at java.util.concurrent.CompletableFuture$AsyncRun.run(CompletableFuture.java:1804) ~[?:?]
	at java.util.concurrent.CompletableFuture$AsyncRun.exec(CompletableFuture.java:1796) ~[?:?]
	at java.util.concurrent.ForkJoinTask.doExec(ForkJoinTask.java:373) ~[?:?]
	at java.util.concurrent.ForkJoinPool$WorkQueue.topLevelExec(ForkJoinPool.java:1182) ~[?:?]
	at java.util.concurrent.ForkJoinPool.scan(ForkJoinPool.java:1655) ~[?:?]
	at java.util.concurrent.ForkJoinPool.runWorker(ForkJoinPool.java:1622) ~[?:?]
	at java.util.concurrent.ForkJoinWorkerThread.run(ForkJoinWorkerThread.java:165) ~[?:?]
[27Aug2026 20:10:16.418] [Worker-Main-1/ERROR] [net.minecraftforge.common.ForgeHooks/]: Couldn't parse element loot_tables:culturaldelights:blocks/avocado_bundle
com.google.gson.JsonSyntaxException: Expected name to be an item, was unknown string 'culturaldelights:avocado_bundle'
	at net.minecraft.util.GsonHelper.m_13866_(GsonHelper.java:145) ~[server-1.20.1-20230612.114412-srg.jar%23251!/:?]
	at java.util.Optional.orElseThrow(Optional.java:403) ~[?:?]
	at net.minecraft.util.GsonHelper.m_13874_(GsonHelper.java:145) ~[server-1.20.1-20230612.114412-srg.jar%23251!/:?]
	at net.minecraft.util.GsonHelper.m_13909_(GsonHelper.java:153) ~[server-1.20.1-20230612.114412-srg.jar%23251!/:?]
	at net.minecraft.world.level.storage.loot.entries.LootItem$Serializer.m_7267_(LootItem.java:55) ~[server-1.20.1-20230612.114412-srg.jar%23251!/:?]
	at net.minecraft.world.level.storage.loot.entries.LootItem$Serializer.m_7267_(LootItem.java:40) ~[server-1.20.1-20230612.114412-srg.jar%23251!/:?]
	at net.minecraft.world.level.storage.loot.entries.LootPoolSingletonContainer$Serializer.m_5921_(LootPoolSingletonContainer.java:151) ~[server-1.20.1-20230612.114412-srg.jar%23251!/:?]
	at net.minecraft.world.level.storage.loot.entries.LootPoolSingletonContainer$Serializer.m_5921_(LootPoolSingletonContainer.java:129) ~[server-1.20.1-20230612.114412-srg.jar%23251!/:?]
	at net.minecraft.world.level.storage.loot.entries.LootPoolEntryContainer$Serializer.m_7561_(LootPoolEntryContainer.java:86) ~[server-1.20.1-20230612.114412-srg.jar%23251!/:?]
	at net.minecraft.world.level.storage.loot.entries.LootPoolEntryContainer$Serializer.m_7561_(LootPoolEntryContainer.java:74) ~[server-1.20.1-20230612.114412-srg.jar%23251!/:?]
	at net.minecraft.world.level.storage.loot.GsonAdapterFactory$JsonAdapter.deserialize(GsonAdapterFactory.java:102) ~[server-1.20.1-20230612.114412-srg.jar%23251!/:?]
	at com.google.gson.internal.bind.TreeTypeAdapter.read(TreeTypeAdapter.java:76) ~[gson-2.10.jar%2370!/:?]
	at com.google.gson.internal.bind.TypeAdapterRuntimeTypeWrapper.read(TypeAdapterRuntimeTypeWrapper.java:40) ~[gson-2.10.jar%2370!/:?]
	at com.google.gson.internal.bind.ArrayTypeAdapter.read(ArrayTypeAdapter.java:72) ~[gson-2.10.jar%2370!/:?]
	at com.google.gson.Gson.fromJson(Gson.java:1214) ~[gson-2.10.jar%2370!/:?]
	at com.google.gson.Gson.fromJson(Gson.java:1319) ~[gson-2.10.jar%2370!/:?]
	at com.google.gson.Gson.fromJson(Gson.java:1290) ~[gson-2.10.jar%2370!/:?]
	at com.google.gson.internal.bind.TreeTypeAdapter$GsonContextImpl.deserialize(TreeTypeAdapter.java:179) ~[gson-2.10.jar%2370!/:?]
	at net.minecraft.util.GsonHelper.m_13808_(GsonHelper.java:463) ~[server-1.20.1-20230612.114412-srg.jar%23251!/:?]
	at net.minecraft.util.GsonHelper.m_13836_(GsonHelper.java:471) ~[server-1.20.1-20230612.114412-srg.jar%23251!/:?]
	at net.minecraft.world.level.storage.loot.entries.CompositeEntryBase$1.m_5921_(CompositeEntryBase.java:61) ~[server-1.20.1-20230612.114412-srg.jar%23251!/:?]
	at net.minecraft.world.level.storage.loot.entries.CompositeEntryBase$1.m_5921_(CompositeEntryBase.java:53) ~[server-1.20.1-20230612.114412-srg.jar%23251!/:?]
	at net.minecraft.world.level.storage.loot.entries.LootPoolEntryContainer$Serializer.m_7561_(LootPoolEntryContainer.java:86) ~[server-1.20.1-20230612.114412-srg.jar%23251!/:?]
	at net.minecraft.world.level.storage.loot.entries.LootPoolEntryContainer$Serializer.m_7561_(LootPoolEntryContainer.java:74) ~[server-1.20.1-20230612.114412-srg.jar%23251!/:?]
	at net.minecraft.world.level.storage.loot.GsonAdapterFactory$JsonAdapter.deserialize(GsonAdapterFactory.java:102) ~[server-1.20.1-20230612.114412-srg.jar%23251!/:?]
	at com.google.gson.internal.bind.TreeTypeAdapter.read(TreeTypeAdapter.java:76) ~[gson-2.10.jar%2370!/:?]
	at com.google.gson.internal.bind.TypeAdapterRuntimeTypeWrapper.read(TypeAdapterRuntimeTypeWrapper.java:40) ~[gson-2.10.jar%2370!/:?]
	at com.google.gson.internal.bind.ArrayTypeAdapter.read(ArrayTypeAdapter.java:72) ~[gson-2.10.jar%2370!/:?]
	at com.google.gson.Gson.fromJson(Gson.java:1214) ~[gson-2.10.jar%2370!/:?]
	at com.google.gson.Gson.fromJson(Gson.java:1319) ~[gson-2.10.jar%2370!/:?]
	at com.google.gson.Gson.fromJson(Gson.java:1290) ~[gson-2.10.jar%2370!/:?]
	at com.google.gson.internal.bind.TreeTypeAdapter$GsonContextImpl.deserialize(TreeTypeAdapter.java:179) ~[gson-2.10.jar%2370!/:?]
	at net.minecraft.util.GsonHelper.m_13808_(GsonHelper.java:463) ~[server-1.20.1-20230612.114412-srg.jar%23251!/:?]
	at net.minecraft.util.GsonHelper.m_13836_(GsonHelper.java:471) ~[server-1.20.1-20230612.114412-srg.jar%23251!/:?]
	at net.minecraft.world.level.storage.loot.LootPool$Serializer.deserialize(LootPool.java:192) ~[server-1.20.1-20230612.114412-srg.jar%23251!/:?]
	at net.minecraft.world.level.storage.loot.LootPool$Serializer.deserialize(LootPool.java:189) ~[server-1.20.1-20230612.114412-srg.jar%23251!/:?]
	at com.google.gson.internal.bind.TreeTypeAdapter.read(TreeTypeAdapter.java:76) ~[gson-2.10.jar%2370!/:?]
	at com.google.gson.internal.bind.TypeAdapterRuntimeTypeWrapper.read(TypeAdapterRuntimeTypeWrapper.java:40) ~[gson-2.10.jar%2370!/:?]
	at com.google.gson.internal.bind.ArrayTypeAdapter.read(ArrayTypeAdapter.java:72) ~[gson-2.10.jar%2370!/:?]
	at com.google.gson.Gson.fromJson(Gson.java:1214) ~[gson-2.10.jar%2370!/:?]
	at com.google.gson.Gson.fromJson(Gson.java:1319) ~[gson-2.10.jar%2370!/:?]
	at com.google.gson.Gson.fromJson(Gson.java:1290) ~[gson-2.10.jar%2370!/:?]
	at com.google.gson.internal.bind.TreeTypeAdapter$GsonContextImpl.deserialize(TreeTypeAdapter.java:179) ~[gson-2.10.jar%2370!/:?]
	at net.minecraft.util.GsonHelper.m_13808_(GsonHelper.java:463) ~[server-1.20.1-20230612.114412-srg.jar%23251!/:?]
	at net.minecraft.util.GsonHelper.m_13845_(GsonHelper.java:481) ~[server-1.20.1-20230612.114412-srg.jar%23251!/:?]
	at net.minecraft.world.level.storage.loot.LootTable$Serializer.deserialize(LootTable.java:294) ~[server-1.20.1-20230612.114412-srg.jar%23251!/:?]
	at net.minecraft.world.level.storage.loot.LootTable$Serializer.deserialize(LootTable.java:291) ~[server-1.20.1-20230612.114412-srg.jar%23251!/:?]
	at com.google.gson.internal.bind.TreeTypeAdapter.read(TreeTypeAdapter.java:76) ~[gson-2.10.jar%2370!/:?]
	at com.google.gson.Gson.fromJson(Gson.java:1214) ~[gson-2.10.jar%2370!/:?]
	at com.google.gson.Gson.fromJson(Gson.java:1319) ~[gson-2.10.jar%2370!/:?]
	at com.google.gson.Gson.fromJson(Gson.java:1261) ~[gson-2.10.jar%2370!/:?]
	at net.minecraftforge.common.ForgeHooks.loadLootTable(ForgeHooks.java:871) ~[forge-1.20.1-47.3.7-universal.jar%23256!/:?]
	at net.minecraftforge.common.ForgeHooks.lambda$getLootTableDeserializer$3(ForgeHooks.java:848) ~[forge-1.20.1-47.3.7-universal.jar%23256!/:?]
	at net.minecraft.world.level.storage.loot.LootDataType.deserialize(LootDataType.java:45) ~[server-1.20.1-20230612.114412-srg.jar%23251!/:?]
	at net.minecraft.world.level.storage.loot.LootDataManager.lambda$scheduleElementParse$4(LootDataManager.java:56) ~[server-1.20.1-20230612.114412-srg.jar%23251!/:?]
	at java.util.HashMap.forEach(HashMap.java:1421) ~[?:?]
	at net.minecraft.world.level.storage.loot.LootDataManager.m_278660_(LootDataManager.java:55) ~[server-1.20.1-20230612.114412-srg.jar%23251!/:?]
	at java.util.concurrent.CompletableFuture$AsyncRun.run(CompletableFuture.java:1804) ~[?:?]
	at java.util.concurrent.CompletableFuture$AsyncRun.exec(CompletableFuture.java:1796) ~[?:?]
	at java.util.concurrent.ForkJoinTask.doExec(ForkJoinTask.java:373) ~[?:?]
	at java.util.concurrent.ForkJoinPool$WorkQueue.topLevelExec(ForkJoinPool.java:1182) ~[?:?]
	at java.util.concurrent.ForkJoinPool.scan(ForkJoinPool.java:1655) ~[?:?]
	at java.util.concurrent.ForkJoinPool.runWorker(ForkJoinPool.java:1622) ~[?:?]
	at java.util.concurrent.ForkJoinWorkerThread.run(ForkJoinWorkerThread.java:165) ~[?:?]
[27Aug2026 20:10:16.536] [Worker-Main-1/ERROR] [net.minecraftforge.common.ForgeHooks/]: Couldn't parse element loot_tables:decocraft:blocks/china_cabinet_open_birch
com.google.gson.JsonSyntaxException: Expected name to be an item, was unknown string 'decocraft:china_cabinet_open_birch'
	at net.minecraft.util.GsonHelper.m_13866_(GsonHelper.java:145) ~[server-1.20.1-20230612.114412-srg.jar%23251!/:?]
	at java.util.Optional.orElseThrow(Optional.java:403) ~[?:?]
	at net.minecraft.util.GsonHelper.m_13874_(GsonHelper.java:145) ~[server-1.20.1-20230612.114412-srg.jar%23251!/:?]
	at net.minecraft.util.GsonHelper.m_13909_(GsonHelper.java:153) ~[server-1.20.1-20230612.114412-srg.jar%23251!/:?]
	at net.minecraft.world.level.storage.loot.entries.LootItem$Serializer.m_7267_(LootItem.java:55) ~[server-1.20.1-20230612.114412-srg.jar%23251!/:?]
	at net.minecraft.world.level.storage.loot.entries.LootItem$Serializer.m_7267_(LootItem.java:40) ~[server-1.20.1-20230612.114412-srg.jar%23251!/:?]
	at net.minecraft.world.level.storage.loot.entries.LootPoolSingletonContainer$Serializer.m_5921_(LootPoolSingletonContainer.java:151) ~[server-1.20.1-20230612.114412-srg.jar%23251!/:?]
	at net.minecraft.world.level.storage.loot.entries.LootPoolSingletonContainer$Serializer.m_5921_(LootPoolSingletonContainer.java:129) ~[server-1.20.1-20230612.114412-srg.jar%23251!/:?]
	at net.minecraft.world.level.storage.loot.entries.LootPoolEntryContainer$Serializer.m_7561_(LootPoolEntryContainer.java:86) ~[server-1.20.1-20230612.114412-srg.jar%23251!/:?]
	at net.minecraft.world.level.storage.loot.entries.LootPoolEntryContainer$Serializer.m_7561_(LootPoolEntryContainer.java:74) ~[server-1.20.1-20230612.114412-srg.jar%23251!/:?]
	at net.minecraft.world.level.storage.loot.GsonAdapterFactory$JsonAdapter.deserialize(GsonAdapterFactory.java:102) ~[server-1.20.1-20230612.114412-srg.jar%23251!/:?]
	at com.google.gson.internal.bind.TreeTypeAdapter.read(TreeTypeAdapter.java:76) ~[gson-2.10.jar%2370!/:?]
	at com.google.gson.internal.bind.TypeAdapterRuntimeTypeWrapper.read(TypeAdapterRuntimeTypeWrapper.java:40) ~[gson-2.10.jar%2370!/:?]
	at com.google.gson.internal.bind.ArrayTypeAdapter.read(ArrayTypeAdapter.java:72) ~[gson-2.10.jar%2370!/:?]
	at com.google.gson.Gson.fromJson(Gson.java:1214) ~[gson-2.10.jar%2370!/:?]
	at com.google.gson.Gson.fromJson(Gson.java:1319) ~[gson-2.10.jar%2370!/:?]
	at com.google.gson.Gson.fromJson(Gson.java:1290) ~[gson-2.10.jar%2370!/:?]
	at com.google.gson.internal.bind.TreeTypeAdapter$GsonContextImpl.deserialize(TreeTypeAdapter.java:179) ~[gson-2.10.jar%2370!/:?]
	at net.minecraft.util.GsonHelper.m_13808_(GsonHelper.java:463) ~[server-1.20.1-20230612.114412-srg.jar%23251!/:?]
	at net.minecraft.util.GsonHelper.m_13836_(GsonHelper.java:471) ~[server-1.20.1-20230612.114412-srg.jar%23251!/:?]
	at net.minecraft.world.level.storage.loot.LootPool$Serializer.deserialize(LootPool.java:192) ~[server-1.20.1-20230612.114412-srg.jar%23251!/:?]
	at net.minecraft.world.level.storage.loot.LootPool$Serializer.deserialize(LootPool.java:189) ~[server-1.20.1-20230612.114412-srg.jar%23251!/:?]
	at com.google.gson.internal.bind.TreeTypeAdapter.read(TreeTypeAdapter.java:76) ~[gson-2.10.jar%2370!/:?]
	at com.google.gson.internal.bind.TypeAdapterRuntimeTypeWrapper.read(TypeAdapterRuntimeTypeWrapper.java:40) ~[gson-2.10.jar%2370!/:?]
	at com.google.gson.internal.bind.ArrayTypeAdapter.read(ArrayTypeAdapter.java:72) ~[gson-2.10.jar%2370!/:?]
	at com.google.gson.Gson.fromJson(Gson.java:1214) ~[gson-2.10.jar%2370!/:?]
	at com.google.gson.Gson.fromJson(Gson.java:1319) ~[gson-2.10.jar%2370!/:?]
	at com.google.gson.Gson.fromJson(Gson.java:1290) ~[gson-2.10.jar%2370!/:?]
	at com.google.gson.internal.bind.TreeTypeAdapter$GsonContextImpl.deserialize(TreeTypeAdapter.java:179) ~[gson-2.10.jar%2370!/:?]
	at net.minecraft.util.GsonHelper.m_13808_(GsonHelper.java:463) ~[server-1.20.1-20230612.114412-srg.jar%23251!/:?]
	at net.minecraft.util.GsonHelper.m_13845_(GsonHelper.java:481) ~[server-1.20.1-20230612.114412-srg.jar%23251!/:?]
	at net.minecraft.world.level.storage.loot.LootTable$Serializer.deserialize(LootTable.java:294) ~[server-1.20.1-20230612.114412-srg.jar%23251!/:?]
	at net.minecraft.world.level.storage.loot.LootTable$Serializer.deserialize(LootTable.java:291) ~[server-1.20.1-20230612.114412-srg.jar%23251!/:?]
	at com.google.gson.internal.bind.TreeTypeAdapter.read(TreeTypeAdapter.java:76) ~[gson-2.10.jar%2370!/:?]
	at com.google.gson.Gson.fromJson(Gson.java:1214) ~[gson-2.10.jar%2370!/:?]
	at com.google.gson.Gson.fromJson(Gson.java:1319) ~[gson-2.10.jar%2370!/:?]
	at com.google.gson.Gson.fromJson(Gson.java:1261) ~[gson-2.10.jar%2370!/:?]
	at net.minecraftforge.common.ForgeHooks.loadLootTable(ForgeHooks.java:871) ~[forge-1.20.1-47.3.7-universal.jar%23256!/:?]
	at net.minecraftforge.common.ForgeHooks.lambda$getLootTableDeserializer$3(ForgeHooks.java:848) ~[forge-1.20.1-47.3.7-universal.jar%23256!/:?]
	at net.minecraft.world.level.storage.loot.LootDataType.deserialize(LootDataType.java:45) ~[server-1.20.1-20230612.114412-srg.jar%23251!/:?]
	at net.minecraft.world.level.storage.loot.LootDataManager.lambda$scheduleElementParse$4(LootDataManager.java:56) ~[server-1.20.1-20230612.114412-srg.jar%23251!/:?]
	at java.util.HashMap.forEach(HashMap.java:1421) ~[?:?]
	at net.minecraft.world.level.storage.loot.LootDataManager.m_278660_(LootDataManager.java:55) ~[server-1.20.1-20230612.114412-srg.jar%23251!/:?]
	at java.util.concurrent.CompletableFuture$AsyncRun.run(CompletableFuture.java:1804) ~[?:?]
	at java.util.concurrent.CompletableFuture$AsyncRun.exec(CompletableFuture.java:1796) ~[?:?]
	at java.util.concurrent.ForkJoinTask.doExec(ForkJoinTask.java:373) ~[?:?]
	at java.util.concurrent.ForkJoinPool$WorkQueue.topLevelExec(ForkJoinPool.java:1182) ~[?:?]
	at java.util.concurrent.ForkJoinPool.scan(ForkJoinPool.java:1655) ~[?:?]
	at java.util.concurrent.ForkJoinPool.runWorker(ForkJoinPool.java:1622) ~[?:?]
	at java.util.concurrent.ForkJoinWorkerThread.run(ForkJoinWorkerThread.java:165) ~[?:?]
[27Aug2026 20:10:16.551] [Worker-Main-1/ERROR] [net.minecraftforge.common.ForgeHooks/]: Couldn't parse element loot_tables:decocraft:blocks/school_desk_open_yellow
com.google.gson.JsonSyntaxException: Expected name to be an item, was unknown string 'decocraft:school_desk_open_yellow'
	at net.minecraft.util.GsonHelper.m_13866_(GsonHelper.java:145) ~[server-1.20.1-20230612.114412-srg.jar%23251!/:?]
	at java.util.Optional.orElseThrow(Optional.java:403) ~[?:?]
	at net.minecraft.util.GsonHelper.m_13874_(GsonHelper.java:145) ~[server-1.20.1-20230612.114412-srg.jar%23251!/:?]
	at net.minecraft.util.GsonHelper.m_13909_(GsonHelper.java:153) ~[server-1.20.1-20230612.114412-srg.jar%23251!/:?]
	at net.minecraft.world.level.storage.loot.entries.LootItem$Serializer.m_7267_(LootItem.java:55) ~[server-1.20.1-20230612.114412-srg.jar%23251!/:?]
	at net.minecraft.world.level.storage.loot.entries.LootItem$Serializer.m_7267_(LootItem.java:40) ~[server-1.20.1-20230612.114412-srg.jar%23251!/:?]
	at net.minecraft.world.level.storage.loot.entries.LootPoolSingletonContainer$Serializer.m_5921_(LootPoolSingletonContainer.java:151) ~[server-1.20.1-20230612.114412-srg.jar%23251!/:?]
	at net.minecraft.world.level.storage.loot.entries.LootPoolSingletonContainer$Serializer.m_5921_(LootPoolSingletonContainer.java:129) ~[server-1.20.1-20230612.114412-srg.jar%23251!/:?]
	at net.minecraft.world.level.storage.loot.entries.LootPoolEntryContainer$Serializer.m_7561_(LootPoolEntryContainer.java:86) ~[server-1.20.1-20230612.114412-srg.jar%23251!/:?]
	at net.minecraft.world.level.storage.loot.entries.LootPoolEntryContainer$Serializer.m_7561_(LootPoolEntryContainer.java:74) ~[server-1.20.1-20230612.114412-srg.jar%23251!/:?]
	at net.minecraft.world.level.storage.loot.GsonAdapterFactory$JsonAdapter.deserialize(GsonAdapterFactory.java:102) ~[server-1.20.1-20230612.114412-srg.jar%23251!/:?]
	at com.google.gson.internal.bind.TreeTypeAdapter.read(TreeTypeAdapter.java:76) ~[gson-2.10.jar%2370!/:?]
	at com.google.gson.internal.bind.TypeAdapterRuntimeTypeWrapper.read(TypeAdapterRuntimeTypeWrapper.java:40) ~[gson-2.10.jar%2370!/:?]
	at com.google.gson.internal.bind.ArrayTypeAdapter.read(ArrayTypeAdapter.java:72) ~[gson-2.10.jar%2370!/:?]
	at com.google.gson.Gson.fromJson(Gson.java:1214) ~[gson-2.10.jar%2370!/:?]
	at com.google.gson.Gson.fromJson(Gson.java:1319) ~[gson-2.10.jar%2370!/:?]
	at com.google.gson.Gson.fromJson(Gson.java:1290) ~[gson-2.10.jar%2370!/:?]
	at com.google.gson.internal.bind.TreeTypeAdapter$GsonContextImpl.deserialize(TreeTypeAdapter.java:179) ~[gson-2.10.jar%2370!/:?]
	at net.minecraft.util.GsonHelper.m_13808_(GsonHelper.java:463) ~[server-1.20.1-20230612.114412-srg.jar%23251!/:?]
	at net.minecraft.util.GsonHelper.m_13836_(GsonHelper.java:471) ~[server-1.20.1-20230612.114412-srg.jar%23251!/:?]
	at net.minecraft.world.level.storage.loot.LootPool$Serializer.deserialize(LootPool.java:192) ~[server-1.20.1-20230612.114412-srg.jar%23251!/:?]
	at net.minecraft.world.level.storage.loot.LootPool$Serializer.deserialize(LootPool.java:189) ~[server-1.20.1-20230612.114412-srg.jar%23251!/:?]
	at com.google.gson.internal.bind.TreeTypeAdapter.read(TreeTypeAdapter.java:76) ~[gson-2.10.jar%2370!/:?]
	at com.google.gson.internal.bind.TypeAdapterRuntimeTypeWrapper.read(TypeAdapterRuntimeTypeWrapper.java:40) ~[gson-2.10.jar%2370!/:?]
	at com.google.gson.internal.bind.ArrayTypeAdapter.read(ArrayTypeAdapter.java:72) ~[gson-2.10.jar%2370!/:?]
	at com.google.gson.Gson.fromJson(Gson.java:1214) ~[gson-2.10.jar%2370!/:?]
	at com.google.gson.Gson.fromJson(Gson.java:1319) ~[gson-2.10.jar%2370!/:?]
	at com.google.gson.Gson.fromJson(Gson.java:1290) ~[gson-2.10.jar%2370!/:?]
	at com.google.gson.internal.bind.TreeTypeAdapter$GsonContextImpl.deserialize(TreeTypeAdapter.java:179) ~[gson-2.10.jar%2370!/:?]
	at net.minecraft.util.GsonHelper.m_13808_(GsonHelper.java:463) ~[server-1.20.1-20230612.114412-srg.jar%23251!/:?]
	at net.minecraft.util.GsonHelper.m_13845_(GsonHelper.java:481) ~[server-1.20.1-20230612.114412-srg.jar%23251!/:?]
	at net.minecraft.world.level.storage.loot.LootTable$Serializer.deserialize(LootTable.java:294) ~[server-1.20.1-20230612.114412-srg.jar%23251!/:?]
	at net.minecraft.world.level.storage.loot.LootTable$Serializer.deserialize(LootTable.java:291) ~[server-1.20.1-20230612.114412-srg.jar%23251!/:?]
	at com.google.gson.internal.bind.TreeTypeAdapter.read(TreeTypeAdapter.java:76) ~[gson-2.10.jar%2370!/:?]
	at com.google.gson.Gson.fromJson(Gson.java:1214) ~[gson-2.10.jar%2370!/:?]
	at com.google.gson.Gson.fromJson(Gson.java:1319) ~[gson-2.10.jar%2370!/:?]
	at com.google.gson.Gson.fromJson(Gson.java:1261) ~[gson-2.10.jar%2370!/:?]
	at net.minecraftforge.common.ForgeHooks.loadLootTable(ForgeHooks.java:871) ~[forge-1.20.1-47.3.7-universal.jar%23256!/:?]
	at net.minecraftforge.common.ForgeHooks.lambda$getLootTableDeserializer$3(ForgeHooks.java:848) ~[forge-1.20.1-47.3.7-universal.jar%23256!/:?]
	at net.minecraft.world.level.storage.loot.LootDataType.deserialize(LootDataType.java:45) ~[server-1.20.1-20230612.114412-srg.jar%23251!/:?]
	at net.minecraft.world.level.storage.loot.LootDataManager.lambda$scheduleElementParse$4(LootDataManager.java:56) ~[server-1.20.1-20230612.114412-srg.jar%23251!/:?]
	at java.util.HashMap.forEach(HashMap.java:1421) ~[?:?]
	at net.minecraft.world.level.storage.loot.LootDataManager.m_278660_(LootDataManager.java:55) ~[server-1.20.1-20230612.114412-srg.jar%23251!/:?]
	at java.util.concurrent.CompletableFuture$AsyncRun.run(CompletableFuture.java:1804) ~[?:?]
	at java.util.concurrent.CompletableFuture$AsyncRun.exec(CompletableFuture.java:1796) ~[?:?]
	at java.util.concurrent.ForkJoinTask.doExec(ForkJoinTask.java:373) ~[?:?]
	at java.util.concurrent.ForkJoinPool$WorkQueue.topLevelExec(ForkJoinPool.java:1182) ~[?:?]
	at java.util.concurrent.ForkJoinPool.scan(ForkJoinPool.java:1655) ~[?:?]
	at java.util.concurrent.ForkJoinPool.runWorker(ForkJoinPool.java:1622) ~[?:?]
	at java.util.concurrent.ForkJoinWorkerThread.run(ForkJoinWorkerThread.java:165) ~[?:?]
[27Aug2026 20:10:16.566] [Worker-Main-1/ERROR] [net.minecraftforge.common.ForgeHooks/]: Couldn't parse element loot_tables:decocraft:blocks/laptop_closed_silver
com.google.gson.JsonSyntaxException: Expected name to be an item, was unknown string 'decocraft:laptop_closed_silver'
	at net.minecraft.util.GsonHelper.m_13866_(GsonHelper.java:145) ~[server-1.20.1-20230612.114412-srg.jar%23251!/:?]
	at java.util.Optional.orElseThrow(Optional.java:403) ~[?:?]
	at net.minecraft.util.GsonHelper.m_13874_(GsonHelper.java:145) ~[server-1.20.1-20230612.114412-srg.jar%23251!/:?]
	at net.minecraft.util.GsonHelper.m_13909_(GsonHelper.java:153) ~[server-1.20.1-20230612.114412-srg.jar%23251!/:?]
	at net.minecraft.world.level.storage.loot.entries.LootItem$Serializer.m_7267_(LootItem.java:55) ~[server-1.20.1-20230612.114412-srg.jar%23251!/:?]
	at net.minecraft.world.level.storage.loot.entries.LootItem$Serializer.m_7267_(LootItem.java:40) ~[server-1.20.1-20230612.114412-srg.jar%23251!/:?]
	at net.minecraft.world.level.storage.loot.entries.LootPoolSingletonContainer$Serializer.m_5921_(LootPoolSingletonContainer.java:151) ~[server-1.20.1-20230612.114412-srg.jar%23251!/:?]
	at net.minecraft.world.level.storage.loot.entries.LootPoolSingletonContainer$Serializer.m_5921_(LootPoolSingletonContainer.java:129) ~[server-1.20.1-20230612.114412-srg.jar%23251!/:?]
	at net.minecraft.world.level.storage.loot.entries.LootPoolEntryContainer$Serializer.m_7561_(LootPoolEntryContainer.java:86) ~[server-1.20.1-20230612.114412-srg.jar%23251!/:?]
	at net.minecraft.world.level.storage.loot.entries.LootPoolEntryContainer$Serializer.m_7561_(LootPoolEntryContainer.java:74) ~[server-1.20.1-20230612.114412-srg.jar%23251!/:?]
	at net.minecraft.world.level.storage.loot.GsonAdapterFactory$JsonAdapter.deserialize(GsonAdapterFactory.java:102) ~[server-1.20.1-20230612.114412-srg.jar%23251!/:?]
	at com.google.gson.internal.bind.TreeTypeAdapter.read(TreeTypeAdapter.java:76) ~[gson-2.10.jar%2370!/:?]
	at com.google.gson.internal.bind.TypeAdapterRuntimeTypeWrapper.read(TypeAdapterRuntimeTypeWrapper.java:40) ~[gson-2.10.jar%2370!/:?]
	at com.google.gson.internal.bind.ArrayTypeAdapter.read(ArrayTypeAdapter.java:72) ~[gson-2.10.jar%2370!/:?]
	at com.google.gson.Gson.fromJson(Gson.java:1214) ~[gson-2.10.jar%2370!/:?]
	at com.google.gson.Gson.fromJson(Gson.java:1319) ~[gson-2.10.jar%2370!/:?]
	at com.google.gson.Gson.fromJson(Gson.java:1290) ~[gson-2.10.jar%2370!/:?]
	at com.google.gson.internal.bind.TreeTypeAdapter$GsonContextImpl.deserialize(TreeTypeAdapter.java:179) ~[gson-2.10.jar%2370!/:?]
	at net.minecraft.util.GsonHelper.m_13808_(GsonHelper.java:463) ~[server-1.20.1-20230612.114412-srg.jar%23251!/:?]
	at net.minecraft.util.GsonHelper.m_13836_(GsonHelper.java:471) ~[server-1.20.1-20230612.114412-srg.jar%23251!/:?]
	at net.minecraft.world.level.storage.loot.LootPool$Serializer.deserialize(LootPool.java:192) ~[server-1.20.1-20230612.114412-srg.jar%23251!/:?]
	at net.minecraft.world.level.storage.loot.LootPool$Serializer.deserialize(LootPool.java:189) ~[server-1.20.1-20230612.114412-srg.jar%23251!/:?]
	at com.google.gson.internal.bind.TreeTypeAdapter.read(TreeTypeAdapter.java:76) ~[gson-2.10.jar%2370!/:?]
	at com.google.gson.internal.bind.TypeAdapterRuntimeTypeWrapper.read(TypeAdapterRuntimeTypeWrapper.java:40) ~[gson-2.10.jar%2370!/:?]
	at com.google.gson.internal.bind.ArrayTypeAdapter.read(ArrayTypeAdapter.java:72) ~[gson-2.10.jar%2370!/:?]
	at com.google.gson.Gson.fromJson(Gson.java:1214) ~[gson-2.10.jar%2370!/:?]
	at com.google.gson.Gson.fromJson(Gson.java:1319) ~[gson-2.10.jar%2370!/:?]
	at com.google.gson.Gson.fromJson(Gson.java:1290) ~[gson-2.10.jar%2370!/:?]
	at com.google.gson.internal.bind.TreeTypeAdapter$GsonContextImpl.deserialize(TreeTypeAdapter.java:179) ~[gson-2.10.jar%2370!/:?]
	at net.minecraft.util.GsonHelper.m_13808_(GsonHelper.java:463) ~[server-1.20.1-20230612.114412-srg.jar%23251!/:?]
	at net.minecraft.util.GsonHelper.m_13845_(GsonHelper.java:481) ~[server-1.20.1-20230612.114412-srg.jar%23251!/:?]
	at net.minecraft.world.level.storage.loot.LootTable$Serializer.deserialize(LootTable.java:294) ~[server-1.20.1-20230612.114412-srg.jar%23251!/:?]
	at net.minecraft.world.level.storage.loot.LootTable$Serializer.deserialize(LootTable.java:291) ~[server-1.20.1-20230612.114412-srg.jar%23251!/:?]
	at com.google.gson.internal.bind.TreeTypeAdapter.read(TreeTypeAdapter.java:76) ~[gson-2.10.jar%2370!/:?]
	at com.google.gson.Gson.fromJson(Gson.java:1214) ~[gson-2.10.jar%2370!/:?]
	at com.google.gson.Gson.fromJson(Gson.java:1319) ~[gson-2.10.jar%2370!/:?]
	at com.google.gson.Gson.fromJson(Gson.java:1261) ~[gson-2.10.jar%2370!/:?]
	at net.minecraftforge.common.ForgeHooks.loadLootTable(ForgeHooks.java:871) ~[forge-1.20.1-47.3.7-universal.jar%23256!/:?]
	at net.minecraftforge.common.ForgeHooks.lambda$getLootTableDeserializer$3(ForgeHooks.java:848) ~[forge-1.20.1-47.3.7-universal.jar%23256!/:?]
	at net.minecraft.world.level.storage.loot.LootDataType.deserialize(LootDataType.java:45) ~[server-1.20.1-20230612.114412-srg.jar%23251!/:?]
	at net.minecraft.world.level.storage.loot.LootDataManager.lambda$scheduleElementParse$4(LootDataManager.java:56) ~[server-1.20.1-20230612.114412-srg.jar%23251!/:?]
	at java.util.HashMap.forEach(HashMap.java:1421) ~[?:?]
	at net.minecraft.world.level.storage.loot.LootDataManager.m_278660_(LootDataManager.java:55) ~[server-1.20.1-20230612.114412-srg.jar%23251!/:?]
	at java.util.concurrent.CompletableFuture$AsyncRun.run(CompletableFuture.java:1804) ~[?:?]
	at java.util.concurrent.CompletableFuture$AsyncRun.exec(CompletableFuture.java:1796) ~[?:?]
	at java.util.concurrent.ForkJoinTask.doExec(ForkJoinTask.java:373) ~[?:?]
	at java.util.concurrent.ForkJoinPool$WorkQueue.topLevelExec(ForkJoinPool.java:1182) ~[?:?]
	at java.util.concurrent.ForkJoinPool.scan(ForkJoinPool.java:1655) ~[?:?]
	at java.util.concurrent.ForkJoinPool.runWorker(ForkJoinPool.java:1622) ~[?:?]
	at java.util.concurrent.ForkJoinWorkerThread.run(ForkJoinWorkerThread.java:165) ~[?:?]
[27Aug2026 20:10:16.578] [Worker-Main-1/ERROR] [net.minecraftforge.common.ForgeHooks/]: Couldn't parse element loot_tables:decocraft:blocks/school_desk_open_light_blue
com.google.gson.JsonSyntaxException: Expected name to be an item, was unknown string 'decocraft:school_desk_open_light_blue'
	at net.minecraft.util.GsonHelper.m_13866_(GsonHelper.java:145) ~[server-1.20.1-20230612.114412-srg.jar%23251!/:?]
	at java.util.Optional.orElseThrow(Optional.java:403) ~[?:?]
	at net.minecraft.util.GsonHelper.m_13874_(GsonHelper.java:145) ~[server-1.20.1-20230612.114412-srg.jar%23251!/:?]
	at net.minecraft.util.GsonHelper.m_13909_(GsonHelper.java:153) ~[server-1.20.1-20230612.114412-srg.jar%23251!/:?]
	at net.minecraft.world.level.storage.loot.entries.LootItem$Serializer.m_7267_(LootItem.java:55) ~[server-1.20.1-20230612.114412-srg.jar%23251!/:?]
	at net.minecraft.world.level.storage.loot.entries.LootItem$Serializer.m_7267_(LootItem.java:40) ~[server-1.20.1-20230612.114412-srg.jar%23251!/:?]
	at net.minecraft.world.level.storage.loot.entries.LootPoolSingletonContainer$Serializer.m_5921_(LootPoolSingletonContainer.java:151) ~[server-1.20.1-20230612.114412-srg.jar%23251!/:?]
	at net.minecraft.world.level.storage.loot.entries.LootPoolSingletonContainer$Serializer.m_5921_(LootPoolSingletonContainer.java:129) ~[server-1.20.1-20230612.114412-srg.jar%23251!/:?]
	at net.minecraft.world.level.storage.loot.entries.LootPoolEntryContainer$Serializer.m_7561_(LootPoolEntryContainer.java:86) ~[server-1.20.1-20230612.114412-srg.jar%23251!/:?]
	at net.minecraft.world.level.storage.loot.entries.LootPoolEntryContainer$Serializer.m_7561_(LootPoolEntryContainer.java:74) ~[server-1.20.1-20230612.114412-srg.jar%23251!/:?]
	at net.minecraft.world.level.storage.loot.GsonAdapterFactory$JsonAdapter.deserialize(GsonAdapterFactory.java:102) ~[server-1.20.1-20230612.114412-srg.jar%23251!/:?]
	at com.google.gson.internal.bind.TreeTypeAdapter.read(TreeTypeAdapter.java:76) ~[gson-2.10.jar%2370!/:?]
	at com.google.gson.internal.bind.TypeAdapterRuntimeTypeWrapper.read(TypeAdapterRuntimeTypeWrapper.java:40) ~[gson-2.10.jar%2370!/:?]
	at com.google.gson.internal.bind.ArrayTypeAdapter.read(ArrayTypeAdapter.java:72) ~[gson-2.10.jar%2370!/:?]
	at com.google.gson.Gson.fromJson(Gson.java:1214) ~[gson-2.10.jar%2370!/:?]
	at com.google.gson.Gson.fromJson(Gson.java:1319) ~[gson-2.10.jar%2370!/:?]
	at com.google.gson.Gson.fromJson(Gson.java:1290) ~[gson-2.10.jar%2370!/:?]
	at com.google.gson.internal.bind.TreeTypeAdapter$GsonContextImpl.deserialize(TreeTypeAdapter.java:179) ~[gson-2.10.jar%2370!/:?]
	at net.minecraft.util.GsonHelper.m_13808_(GsonHelper.java:463) ~[server-1.20.1-20230612.114412-srg.jar%23251!/:?]
	at net.minecraft.util.GsonHelper.m_13836_(GsonHelper.java:471) ~[server-1.20.1-20230612.114412-srg.jar%23251!/:?]
	at net.minecraft.world.level.storage.loot.LootPool$Serializer.deserialize(LootPool.java:192) ~[server-1.20.1-20230612.114412-srg.jar%23251!/:?]
	at net.minecraft.world.level.storage.loot.LootPool$Serializer.deserialize(LootPool.java:189) ~[server-1.20.1-20230612.114412-srg.jar%23251!/:?]
	at com.google.gson.internal.bind.TreeTypeAdapter.read(TreeTypeAdapter.java:76) ~[gson-2.10.jar%2370!/:?]
	at com.google.gson.internal.bind.TypeAdapterRuntimeTypeWrapper.read(TypeAdapterRuntimeTypeWrapper.java:40) ~[gson-2.10.jar%2370!/:?]
	at com.google.gson.internal.bind.ArrayTypeAdapter.read(ArrayTypeAdapter.java:72) ~[gson-2.10.jar%2370!/:?]
	at com.google.gson.Gson.fromJson(Gson.java:1214) ~[gson-2.10.jar%2370!/:?]
	at com.google.gson.Gson.fromJson(Gson.java:1319) ~[gson-2.10.jar%2370!/:?]
	at com.google.gson.Gson.fromJson(Gson.java:1290) ~[gson-2.10.jar%2370!/:?]
	at com.google.gson.internal.bind.TreeTypeAdapter$GsonContextImpl.deserialize(TreeTypeAdapter.java:179) ~[gson-2.10.jar%2370!/:?]
	at net.minecraft.util.GsonHelper.m_13808_(GsonHelper.java:463) ~[server-1.20.1-20230612.114412-srg.jar%23251!/:?]
	at net.minecraft.util.GsonHelper.m_13845_(GsonHelper.java:481) ~[server-1.20.1-20230612.114412-srg.jar%23251!/:?]
	at net.minecraft.world.level.storage.loot.LootTable$Serializer.deserialize(LootTable.java:294) ~[server-1.20.1-20230612.114412-srg.jar%23251!/:?]
	at net.minecraft.world.level.storage.loot.LootTable$Serializer.deserialize(LootTable.java:291) ~[server-1.20.1-20230612.114412-srg.jar%23251!/:?]
	at com.google.gson.internal.bind.TreeTypeAdapter.read(TreeTypeAdapter.java:76) ~[gson-2.10.jar%2370!/:?]
	at com.google.gson.Gson.fromJson(Gson.java:1214) ~[gson-2.10.jar%2370!/:?]
	at com.google.gson.Gson.fromJson(Gson.java:1319) ~[gson-2.10.jar%2370!/:?]
	at com.google.gson.Gson.fromJson(Gson.java:1261) ~[gson-2.10.jar%2370!/:?]
	at net.minecraftforge.common.ForgeHooks.loadLootTable(ForgeHooks.java:871) ~[forge-1.20.1-47.3.7-universal.jar%23256!/:?]
	at net.minecraftforge.common.ForgeHooks.lambda$getLootTableDeserializer$3(ForgeHooks.java:848) ~[forge-1.20.1-47.3.7-universal.jar%23256!/:?]
	at net.minecraft.world.level.storage.loot.LootDataType.deserialize(LootDataType.java:45) ~[server-1.20.1-20230612.114412-srg.jar%23251!/:?]
	at net.minecraft.world.level.storage.loot.LootDataManager.lambda$scheduleElementParse$4(LootDataManager.java:56) ~[server-1.20.1-20230612.114412-srg.jar%23251!/:?]
	at java.util.HashMap.forEach(HashMap.java:1421) ~[?:?]
	at net.minecraft.world.level.storage.loot.LootDataManager.m_278660_(LootDataManager.java:55) ~[server-1.20.1-20230612.114412-srg.jar%23251!/:?]
	at java.util.concurrent.CompletableFuture$AsyncRun.run(CompletableFuture.java:1804) ~[?:?]
	at java.util.concurrent.CompletableFuture$AsyncRun.exec(CompletableFuture.java:1796) ~[?:?]
	at java.util.concurrent.ForkJoinTask.doExec(ForkJoinTask.java:373) ~[?:?]
	at java.util.concurrent.ForkJoinPool$WorkQueue.topLevelExec(ForkJoinPool.java:1182) ~[?:?]
	at java.util.concurrent.ForkJoinPool.scan(ForkJoinPool.java:1655) ~[?:?]
	at java.util.concurrent.ForkJoinPool.runWorker(ForkJoinPool.java:1622) ~[?:?]
	at java.util.concurrent.ForkJoinWorkerThread.run(ForkJoinWorkerThread.java:165) ~[?:?]
[27Aug2026 20:10:16.588] [Worker-Main-1/ERROR] [net.minecraftforge.common.ForgeHooks/]: Couldn't parse element loot_tables:decocraft:blocks/china_cabinet_open_cherry
com.google.gson.JsonSyntaxException: Expected name to be an item, was unknown string 'decocraft:china_cabinet_open_cherry'
	at net.minecraft.util.GsonHelper.m_13866_(GsonHelper.java:145) ~[server-1.20.1-20230612.114412-srg.jar%23251!/:?]
	at java.util.Optional.orElseThrow(Optional.java:403) ~[?:?]
	at net.minecraft.util.GsonHelper.m_13874_(GsonHelper.java:145) ~[server-1.20.1-20230612.114412-srg.jar%23251!/:?]
	at net.minecraft.util.GsonHelper.m_13909_(GsonHelper.java:153) ~[server-1.20.1-20230612.114412-srg.jar%23251!/:?]
	at net.minecraft.world.level.storage.loot.entries.LootItem$Serializer.m_7267_(LootItem.java:55) ~[server-1.20.1-20230612.114412-srg.jar%23251!/:?]
	at net.minecraft.world.level.storage.loot.entries.LootItem$Serializer.m_7267_(LootItem.java:40) ~[server-1.20.1-20230612.114412-srg.jar%23251!/:?]
	at net.minecraft.world.level.storage.loot.entries.LootPoolSingletonContainer$Serializer.m_5921_(LootPoolSingletonContainer.java:151) ~[server-1.20.1-20230612.114412-srg.jar%23251!/:?]
	at net.minecraft.world.level.storage.loot.entries.LootPoolSingletonContainer$Serializer.m_5921_(LootPoolSingletonContainer.java:129) ~[server-1.20.1-20230612.114412-srg.jar%23251!/:?]
	at net.minecraft.world.level.storage.loot.entries.LootPoolEntryContainer$Serializer.m_7561_(LootPoolEntryContainer.java:86) ~[server-1.20.1-20230612.114412-srg.jar%23251!/:?]
	at net.minecraft.world.level.storage.loot.entries.LootPoolEntryContainer$Serializer.m_7561_(LootPoolEntryContainer.java:74) ~[server-1.20.1-20230612.114412-srg.jar%23251!/:?]
	at net.minecraft.world.level.storage.loot.GsonAdapterFactory$JsonAdapter.deserialize(GsonAdapterFactory.java:102) ~[server-1.20.1-20230612.114412-srg.jar%23251!/:?]
	at com.google.gson.internal.bind.TreeTypeAdapter.read(TreeTypeAdapter.java:76) ~[gson-2.10.jar%2370!/:?]
	at com.google.gson.internal.bind.TypeAdapterRuntimeTypeWrapper.read(TypeAdapterRuntimeTypeWrapper.java:40) ~[gson-2.10.jar%2370!/:?]
	at com.google.gson.internal.bind.ArrayTypeAdapter.read(ArrayTypeAdapter.java:72) ~[gson-2.10.jar%2370!/:?]
	at com.google.gson.Gson.fromJson(Gson.java:1214) ~[gson-2.10.jar%2370!/:?]
	at com.google.gson.Gson.fromJson(Gson.java:1319) ~[gson-2.10.jar%2370!/:?]
	at com.google.gson.Gson.fromJson(Gson.java:1290) ~[gson-2.10.jar%2370!/:?]
	at com.google.gson.internal.bind.TreeTypeAdapter$GsonContextImpl.deserialize(TreeTypeAdapter.java:179) ~[gson-2.10.jar%2370!/:?]
	at net.minecraft.util.GsonHelper.m_13808_(GsonHelper.java:463) ~[server-1.20.1-20230612.114412-srg.jar%23251!/:?]
	at net.minecraft.util.GsonHelper.m_13836_(GsonHelper.java:471) ~[server-1.20.1-20230612.114412-srg.jar%23251!/:?]
	at net.minecraft.world.level.storage.loot.LootPool$Serializer.deserialize(LootPool.java:192) ~[server-1.20.1-20230612.114412-srg.jar%23251!/:?]
	at net.minecraft.world.level.storage.loot.LootPool$Serializer.deserialize(LootPool.java:189) ~[server-1.20.1-20230612.114412-srg.jar%23251!/:?]
	at com.google.gson.internal.bind.TreeTypeAdapter.read(TreeTypeAdapter.java:76) ~[gson-2.10.jar%2370!/:?]
	at com.google.gson.internal.bind.TypeAdapterRuntimeTypeWrapper.read(TypeAdapterRuntimeTypeWrapper.java:40) ~[gson-2.10.jar%2370!/:?]
	at com.google.gson.internal.bind.ArrayTypeAdapter.read(ArrayTypeAdapter.java:72) ~[gson-2.10.jar%2370!/:?]
	at com.google.gson.Gson.fromJson(Gson.java:1214) ~[gson-2.10.jar%2370!/:?]
	at com.google.gson.Gson.fromJson(Gson.java:1319) ~[gson-2.10.jar%2370!/:?]
	at com.google.gson.Gson.fromJson(Gson.java:1290) ~[gson-2.10.jar%2370!/:?]
	at com.google.gson.internal.bind.TreeTypeAdapter$GsonContextImpl.deserialize(TreeTypeAdapter.java:179) ~[gson-2.10.jar%2370!/:?]
	at net.minecraft.util.GsonHelper.m_13808_(GsonHelper.java:463) ~[server-1.20.1-20230612.114412-srg.jar%23251!/:?]
	at net.minecraft.util.GsonHelper.m_13845_(GsonHelper.java:481) ~[server-1.20.1-20230612.114412-srg.jar%23251!/:?]
	at net.minecraft.world.level.storage.loot.LootTable$Serializer.deserialize(LootTable.java:294) ~[server-1.20.1-20230612.114412-srg.jar%23251!/:?]
	at net.minecraft.world.level.storage.loot.LootTable$Serializer.deserialize(LootTable.java:291) ~[server-1.20.1-20230612.114412-srg.jar%23251!/:?]
	at com.google.gson.internal.bind.TreeTypeAdapter.read(TreeTypeAdapter.java:76) ~[gson-2.10.jar%2370!/:?]
	at com.google.gson.Gson.fromJson(Gson.java:1214) ~[gson-2.10.jar%2370!/:?]
	at com.google.gson.Gson.fromJson(Gson.java:1319) ~[gson-2.10.jar%2370!/:?]
	at com.google.gson.Gson.fromJson(Gson.java:1261) ~[gson-2.10.jar%2370!/:?]
	at net.minecraftforge.common.ForgeHooks.loadLootTable(ForgeHooks.java:871) ~[forge-1.20.1-47.3.7-universal.jar%23256!/:?]
	at net.minecraftforge.common.ForgeHooks.lambda$getLootTableDeserializer$3(ForgeHooks.java:848) ~[forge-1.20.1-47.3.7-universal.jar%23256!/:?]
	at net.minecraft.world.level.storage.loot.LootDataType.deserialize(LootDataType.java:45) ~[server-1.20.1-20230612.114412-srg.jar%23251!/:?]
	at net.minecraft.world.level.storage.loot.LootDataManager.lambda$scheduleElementParse$4(LootDataManager.java:56) ~[server-1.20.1-20230612.114412-srg.jar%23251!/:?]
	at java.util.HashMap.forEach(HashMap.java:1421) ~[?:?]
	at net.minecraft.world.level.storage.loot.LootDataManager.m_278660_(LootDataManager.java:55) ~[server-1.20.1-20230612.114412-srg.jar%23251!/:?]
	at java.util.concurrent.CompletableFuture$AsyncRun.run(CompletableFuture.java:1804) ~[?:?]
	at java.util.concurrent.CompletableFuture$AsyncRun.exec(CompletableFuture.java:1796) ~[?:?]
	at java.util.concurrent.ForkJoinTask.doExec(ForkJoinTask.java:373) ~[?:?]
	at java.util.concurrent.ForkJoinPool$WorkQueue.topLevelExec(ForkJoinPool.java:1182) ~[?:?]
	at java.util.concurrent.ForkJoinPool.scan(ForkJoinPool.java:1655) ~[?:?]
	at java.util.concurrent.ForkJoinPool.runWorker(ForkJoinPool.java:1622) ~[?:?]
	at java.util.concurrent.ForkJoinWorkerThread.run(ForkJoinWorkerThread.java:165) ~[?:?]
[27Aug2026 20:10:16.595] [Worker-Main-1/ERROR] [net.minecraftforge.common.ForgeHooks/]: Couldn't parse element loot_tables:decocraft:blocks/china_cabinet_open_oak
com.google.gson.JsonSyntaxException: Expected name to be an item, was unknown string 'decocraft:china_cabinet_open_oak'
	at net.minecraft.util.GsonHelper.m_13866_(GsonHelper.java:145) ~[server-1.20.1-20230612.114412-srg.jar%23251!/:?]
	at java.util.Optional.orElseThrow(Optional.java:403) ~[?:?]
	at net.minecraft.util.GsonHelper.m_13874_(GsonHelper.java:145) ~[server-1.20.1-20230612.114412-srg.jar%23251!/:?]
	at net.minecraft.util.GsonHelper.m_13909_(GsonHelper.java:153) ~[server-1.20.1-20230612.114412-srg.jar%23251!/:?]
	at net.minecraft.world.level.storage.loot.entries.LootItem$Serializer.m_7267_(LootItem.java:55) ~[server-1.20.1-20230612.114412-srg.jar%23251!/:?]
	at net.minecraft.world.level.storage.loot.entries.LootItem$Serializer.m_7267_(LootItem.java:40) ~[server-1.20.1-20230612.114412-srg.jar%23251!/:?]
	at net.minecraft.world.level.storage.loot.entries.LootPoolSingletonContainer$Serializer.m_5921_(LootPoolSingletonContainer.java:151) ~[server-1.20.1-20230612.114412-srg.jar%23251!/:?]
	at net.minecraft.world.level.storage.loot.entries.LootPoolSingletonContainer$Serializer.m_5921_(LootPoolSingletonContainer.java:129) ~[server-1.20.1-20230612.114412-srg.jar%23251!/:?]
	at net.minecraft.world.level.storage.loot.entries.LootPoolEntryContainer$Serializer.m_7561_(LootPoolEntryContainer.java:86) ~[server-1.20.1-20230612.114412-srg.jar%23251!/:?]
	at net.minecraft.world.level.storage.loot.entries.LootPoolEntryContainer$Serializer.m_7561_(LootPoolEntryContainer.java:74) ~[server-1.20.1-20230612.114412-srg.jar%23251!/:?]
	at net.minecraft.world.level.storage.loot.GsonAdapterFactory$JsonAdapter.deserialize(GsonAdapterFactory.java:102) ~[server-1.20.1-20230612.114412-srg.jar%23251!/:?]
	at com.google.gson.internal.bind.TreeTypeAdapter.read(TreeTypeAdapter.java:76) ~[gson-2.10.jar%2370!/:?]
	at com.google.gson.internal.bind.TypeAdapterRuntimeTypeWrapper.read(TypeAdapterRuntimeTypeWrapper.java:40) ~[gson-2.10.jar%2370!/:?]
	at com.google.gson.internal.bind.ArrayTypeAdapter.read(ArrayTypeAdapter.java:72) ~[gson-2.10.jar%2370!/:?]
	at com.google.gson.Gson.fromJson(Gson.java:1214) ~[gson-2.10.jar%2370!/:?]
	at com.google.gson.Gson.fromJson(Gson.java:1319) ~[gson-2.10.jar%2370!/:?]
	at com.google.gson.Gson.fromJson(Gson.java:1290) ~[gson-2.10.jar%2370!/:?]
	at com.google.gson.internal.bind.TreeTypeAdapter$GsonContextImpl.deserialize(TreeTypeAdapter.java:179) ~[gson-2.10.jar%2370!/:?]
	at net.minecraft.util.GsonHelper.m_13808_(GsonHelper.java:463) ~[server-1.20.1-20230612.114412-srg.jar%23251!/:?]
	at net.minecraft.util.GsonHelper.m_13836_(GsonHelper.java:471) ~[server-1.20.1-20230612.114412-srg.jar%23251!/:?]
	at net.minecraft.world.level.storage.loot.LootPool$Serializer.deserialize(LootPool.java:192) ~[server-1.20.1-20230612.114412-srg.jar%23251!/:?]
	at net.minecraft.world.level.storage.loot.LootPool$Serializer.deserialize(LootPool.java:189) ~[server-1.20.1-20230612.114412-srg.jar%23251!/:?]
	at com.google.gson.internal.bind.TreeTypeAdapter.read(TreeTypeAdapter.java:76) ~[gson-2.10.jar%2370!/:?]
	at com.google.gson.internal.bind.TypeAdapterRuntimeTypeWrapper.read(TypeAdapterRuntimeTypeWrapper.java:40) ~[gson-2.10.jar%2370!/:?]
	at com.google.gson.internal.bind.ArrayTypeAdapter.read(ArrayTypeAdapter.java:72) ~[gson-2.10.jar%2370!/:?]
	at com.google.gson.Gson.fromJson(Gson.java:1214) ~[gson-2.10.jar%2370!/:?]
	at com.google.gson.Gson.fromJson(Gson.java:1319) ~[gson-2.10.jar%2370!/:?]
	at com.google.gson.Gson.fromJson(Gson.java:1290) ~[gson-2.10.jar%2370!/:?]
	at com.google.gson.internal.bind.TreeTypeAdapter$GsonContextImpl.deserialize(TreeTypeAdapter.java:179) ~[gson-2.10.jar%2370!/:?]
	at net.minecraft.util.GsonHelper.m_13808_(GsonHelper.java:463) ~[server-1.20.1-20230612.114412-srg.jar%23251!/:?]
	at net.minecraft.util.GsonHelper.m_13845_(GsonHelper.java:481) ~[server-1.20.1-20230612.114412-srg.jar%23251!/:?]
	at net.minecraft.world.level.storage.loot.LootTable$Serializer.deserialize(LootTable.java:294) ~[server-1.20.1-20230612.114412-srg.jar%23251!/:?]
	at net.minecraft.world.level.storage.loot.LootTable$Serializer.deserialize(LootTable.java:291) ~[server-1.20.1-20230612.114412-srg.jar%23251!/:?]
	at com.google.gson.internal.bind.TreeTypeAdapter.read(TreeTypeAdapter.java:76) ~[gson-2.10.jar%2370!/:?]
	at com.google.gson.Gson.fromJson(Gson.java:1214) ~[gson-2.10.jar%2370!/:?]
	at com.google.gson.Gson.fromJson(Gson.java:1319) ~[gson-2.10.jar%2370!/:?]
	at com.google.gson.Gson.fromJson(Gson.java:1261) ~[gson-2.10.jar%2370!/:?]
	at net.minecraftforge.common.ForgeHooks.loadLootTable(ForgeHooks.java:871) ~[forge-1.20.1-47.3.7-universal.jar%23256!/:?]
	at net.minecraftforge.common.ForgeHooks.lambda$getLootTableDeserializer$3(ForgeHooks.java:848) ~[forge-1.20.1-47.3.7-universal.jar%23256!/:?]
	at net.minecraft.world.level.storage.loot.LootDataType.deserialize(LootDataType.java:45) ~[server-1.20.1-20230612.114412-srg.jar%23251!/:?]
	at net.minecraft.world.level.storage.loot.LootDataManager.lambda$scheduleElementParse$4(LootDataManager.java:56) ~[server-1.20.1-20230612.114412-srg.jar%23251!/:?]
	at java.util.HashMap.forEach(HashMap.java:1421) ~[?:?]
	at net.minecraft.world.level.storage.loot.LootDataManager.m_278660_(LootDataManager.java:55) ~[server-1.20.1-20230612.114412-srg.jar%23251!/:?]
	at java.util.concurrent.CompletableFuture$AsyncRun.run(CompletableFuture.java:1804) ~[?:?]
	at java.util.concurrent.CompletableFuture$AsyncRun.exec(CompletableFuture.java:1796) ~[?:?]
	at java.util.concurrent.ForkJoinTask.doExec(ForkJoinTask.java:373) ~[?:?]
	at java.util.concurrent.ForkJoinPool$WorkQueue.topLevelExec(ForkJoinPool.java:1182) ~[?:?]
	at java.util.concurrent.ForkJoinPool.scan(ForkJoinPool.java:1655) ~[?:?]
	at java.util.concurrent.ForkJoinPool.runWorker(ForkJoinPool.java:1622) ~[?:?]
	at java.util.concurrent.ForkJoinWorkerThread.run(ForkJoinWorkerThread.java:165) ~[?:?]
[27Aug2026 20:10:16.619] [Worker-Main-1/ERROR] [net.minecraftforge.common.ForgeHooks/]: Couldn't parse element loot_tables:argentinasdelightreborn:blocks/bloqueprueba
com.google.gson.JsonSyntaxException: Expected name to be an item, was unknown string 'argentinasdelightreborn:bloqueprueba'
	at net.minecraft.util.GsonHelper.m_13866_(GsonHelper.java:145) ~[server-1.20.1-20230612.114412-srg.jar%23251!/:?]
	at java.util.Optional.orElseThrow(Optional.java:403) ~[?:?]
	at net.minecraft.util.GsonHelper.m_13874_(GsonHelper.java:145) ~[server-1.20.1-20230612.114412-srg.jar%23251!/:?]
	at net.minecraft.util.GsonHelper.m_13909_(GsonHelper.java:153) ~[server-1.20.1-20230612.114412-srg.jar%23251!/:?]
	at net.minecraft.world.level.storage.loot.entries.LootItem$Serializer.m_7267_(LootItem.java:55) ~[server-1.20.1-20230612.114412-srg.jar%23251!/:?]
	at net.minecraft.world.level.storage.loot.entries.LootItem$Serializer.m_7267_(LootItem.java:40) ~[server-1.20.1-20230612.114412-srg.jar%23251!/:?]
	at net.minecraft.world.level.storage.loot.entries.LootPoolSingletonContainer$Serializer.m_5921_(LootPoolSingletonContainer.java:151) ~[server-1.20.1-20230612.114412-srg.jar%23251!/:?]
	at net.minecraft.world.level.storage.loot.entries.LootPoolSingletonContainer$Serializer.m_5921_(LootPoolSingletonContainer.java:129) ~[server-1.20.1-20230612.114412-srg.jar%23251!/:?]
	at net.minecraft.world.level.storage.loot.entries.LootPoolEntryContainer$Serializer.m_7561_(LootPoolEntryContainer.java:86) ~[server-1.20.1-20230612.114412-srg.jar%23251!/:?]
	at net.minecraft.world.level.storage.loot.entries.LootPoolEntryContainer$Serializer.m_7561_(LootPoolEntryContainer.java:74) ~[server-1.20.1-20230612.114412-srg.jar%23251!/:?]
	at net.minecraft.world.level.storage.loot.GsonAdapterFactory$JsonAdapter.deserialize(GsonAdapterFactory.java:102) ~[server-1.20.1-20230612.114412-srg.jar%23251!/:?]
	at com.google.gson.internal.bind.TreeTypeAdapter.read(TreeTypeAdapter.java:76) ~[gson-2.10.jar%2370!/:?]
	at com.google.gson.internal.bind.TypeAdapterRuntimeTypeWrapper.read(TypeAdapterRuntimeTypeWrapper.java:40) ~[gson-2.10.jar%2370!/:?]
	at com.google.gson.internal.bind.ArrayTypeAdapter.read(ArrayTypeAdapter.java:72) ~[gson-2.10.jar%2370!/:?]
	at com.google.gson.Gson.fromJson(Gson.java:1214) ~[gson-2.10.jar%2370!/:?]
	at com.google.gson.Gson.fromJson(Gson.java:1319) ~[gson-2.10.jar%2370!/:?]
	at com.google.gson.Gson.fromJson(Gson.java:1290) ~[gson-2.10.jar%2370!/:?]
	at com.google.gson.internal.bind.TreeTypeAdapter$GsonContextImpl.deserialize(TreeTypeAdapter.java:179) ~[gson-2.10.jar%2370!/:?]
	at net.minecraft.util.GsonHelper.m_13808_(GsonHelper.java:463) ~[server-1.20.1-20230612.114412-srg.jar%23251!/:?]
	at net.minecraft.util.GsonHelper.m_13836_(GsonHelper.java:471) ~[server-1.20.1-20230612.114412-srg.jar%23251!/:?]
	at net.minecraft.world.level.storage.loot.LootPool$Serializer.deserialize(LootPool.java:192) ~[server-1.20.1-20230612.114412-srg.jar%23251!/:?]
	at net.minecraft.world.level.storage.loot.LootPool$Serializer.deserialize(LootPool.java:189) ~[server-1.20.1-20230612.114412-srg.jar%23251!/:?]
	at com.google.gson.internal.bind.TreeTypeAdapter.read(TreeTypeAdapter.java:76) ~[gson-2.10.jar%2370!/:?]
	at com.google.gson.internal.bind.TypeAdapterRuntimeTypeWrapper.read(TypeAdapterRuntimeTypeWrapper.java:40) ~[gson-2.10.jar%2370!/:?]
	at com.google.gson.internal.bind.ArrayTypeAdapter.read(ArrayTypeAdapter.java:72) ~[gson-2.10.jar%2370!/:?]
	at com.google.gson.Gson.fromJson(Gson.java:1214) ~[gson-2.10.jar%2370!/:?]
	at com.google.gson.Gson.fromJson(Gson.java:1319) ~[gson-2.10.jar%2370!/:?]
	at com.google.gson.Gson.fromJson(Gson.java:1290) ~[gson-2.10.jar%2370!/:?]
	at com.google.gson.internal.bind.TreeTypeAdapter$GsonContextImpl.deserialize(TreeTypeAdapter.java:179) ~[gson-2.10.jar%2370!/:?]
	at net.minecraft.util.GsonHelper.m_13808_(GsonHelper.java:463) ~[server-1.20.1-20230612.114412-srg.jar%23251!/:?]
	at net.minecraft.util.GsonHelper.m_13845_(GsonHelper.java:481) ~[server-1.20.1-20230612.114412-srg.jar%23251!/:?]
	at net.minecraft.world.level.storage.loot.LootTable$Serializer.deserialize(LootTable.java:294) ~[server-1.20.1-20230612.114412-srg.jar%23251!/:?]
	at net.minecraft.world.level.storage.loot.LootTable$Serializer.deserialize(LootTable.java:291) ~[server-1.20.1-20230612.114412-srg.jar%23251!/:?]
	at com.google.gson.internal.bind.TreeTypeAdapter.read(TreeTypeAdapter.java:76) ~[gson-2.10.jar%2370!/:?]
	at com.google.gson.Gson.fromJson(Gson.java:1214) ~[gson-2.10.jar%2370!/:?]
	at com.google.gson.Gson.fromJson(Gson.java:1319) ~[gson-2.10.jar%2370!/:?]
	at com.google.gson.Gson.fromJson(Gson.java:1261) ~[gson-2.10.jar%2370!/:?]
	at net.minecraftforge.common.ForgeHooks.loadLootTable(ForgeHooks.java:871) ~[forge-1.20.1-47.3.7-universal.jar%23256!/:?]
	at net.minecraftforge.common.ForgeHooks.lambda$getLootTableDeserializer$3(ForgeHooks.java:848) ~[forge-1.20.1-47.3.7-universal.jar%23256!/:?]
	at net.minecraft.world.level.storage.loot.LootDataType.deserialize(LootDataType.java:45) ~[server-1.20.1-20230612.114412-srg.jar%23251!/:?]
	at net.minecraft.world.level.storage.loot.LootDataManager.lambda$scheduleElementParse$4(LootDataManager.java:56) ~[server-1.20.1-20230612.114412-srg.jar%23251!/:?]
	at java.util.HashMap.forEach(HashMap.java:1421) ~[?:?]
	at net.minecraft.world.level.storage.loot.LootDataManager.m_278660_(LootDataManager.java:55) ~[server-1.20.1-20230612.114412-srg.jar%23251!/:?]
	at java.util.concurrent.CompletableFuture$AsyncRun.run(CompletableFuture.java:1804) ~[?:?]
	at java.util.concurrent.CompletableFuture$AsyncRun.exec(CompletableFuture.java:1796) ~[?:?]
	at java.util.concurrent.ForkJoinTask.doExec(ForkJoinTask.java:373) ~[?:?]
	at java.util.concurrent.ForkJoinPool$WorkQueue.topLevelExec(ForkJoinPool.java:1182) ~[?:?]
	at java.util.concurrent.ForkJoinPool.scan(ForkJoinPool.java:1655) ~[?:?]
	at java.util.concurrent.ForkJoinPool.runWorker(ForkJoinPool.java:1622) ~[?:?]
	at java.util.concurrent.ForkJoinWorkerThread.run(ForkJoinWorkerThread.java:165) ~[?:?]
[27Aug2026 20:10:16.655] [Worker-Main-1/ERROR] [net.minecraftforge.common.ForgeHooks/]: Couldn't parse element loot_tables:culturaldelights:blocks/fruiting_avocado_leaves
com.google.gson.JsonSyntaxException: Unknown type 'minecraft:alternative'
	at net.minecraft.world.level.storage.loot.GsonAdapterFactory$JsonAdapter.deserialize(GsonAdapterFactory.java:99) ~[server-1.20.1-20230612.114412-srg.jar%23251!/:?]
	at com.google.gson.internal.bind.TreeTypeAdapter.read(TreeTypeAdapter.java:76) ~[gson-2.10.jar%2370!/:?]
	at com.google.gson.internal.bind.TypeAdapterRuntimeTypeWrapper.read(TypeAdapterRuntimeTypeWrapper.java:40) ~[gson-2.10.jar%2370!/:?]
	at com.google.gson.internal.bind.ArrayTypeAdapter.read(ArrayTypeAdapter.java:72) ~[gson-2.10.jar%2370!/:?]
	at com.google.gson.Gson.fromJson(Gson.java:1214) ~[gson-2.10.jar%2370!/:?]
	at com.google.gson.Gson.fromJson(Gson.java:1319) ~[gson-2.10.jar%2370!/:?]
	at com.google.gson.Gson.fromJson(Gson.java:1290) ~[gson-2.10.jar%2370!/:?]
	at com.google.gson.internal.bind.TreeTypeAdapter$GsonContextImpl.deserialize(TreeTypeAdapter.java:179) ~[gson-2.10.jar%2370!/:?]
	at net.minecraft.util.GsonHelper.m_13808_(GsonHelper.java:463) ~[server-1.20.1-20230612.114412-srg.jar%23251!/:?]
	at net.minecraft.util.GsonHelper.m_13845_(GsonHelper.java:481) ~[server-1.20.1-20230612.114412-srg.jar%23251!/:?]
	at net.minecraft.world.level.storage.loot.entries.LootPoolEntryContainer$Serializer.m_7561_(LootPoolEntryContainer.java:85) ~[server-1.20.1-20230612.114412-srg.jar%23251!/:?]
	at net.minecraft.world.level.storage.loot.entries.LootPoolEntryContainer$Serializer.m_7561_(LootPoolEntryContainer.java:74) ~[server-1.20.1-20230612.114412-srg.jar%23251!/:?]
	at net.minecraft.world.level.storage.loot.GsonAdapterFactory$JsonAdapter.deserialize(GsonAdapterFactory.java:102) ~[server-1.20.1-20230612.114412-srg.jar%23251!/:?]
	at com.google.gson.internal.bind.TreeTypeAdapter.read(TreeTypeAdapter.java:76) ~[gson-2.10.jar%2370!/:?]
	at com.google.gson.internal.bind.TypeAdapterRuntimeTypeWrapper.read(TypeAdapterRuntimeTypeWrapper.java:40) ~[gson-2.10.jar%2370!/:?]
	at com.google.gson.internal.bind.ArrayTypeAdapter.read(ArrayTypeAdapter.java:72) ~[gson-2.10.jar%2370!/:?]
	at com.google.gson.Gson.fromJson(Gson.java:1214) ~[gson-2.10.jar%2370!/:?]
	at com.google.gson.Gson.fromJson(Gson.java:1319) ~[gson-2.10.jar%2370!/:?]
	at com.google.gson.Gson.fromJson(Gson.java:1290) ~[gson-2.10.jar%2370!/:?]
	at com.google.gson.internal.bind.TreeTypeAdapter$GsonContextImpl.deserialize(TreeTypeAdapter.java:179) ~[gson-2.10.jar%2370!/:?]
	at net.minecraft.util.GsonHelper.m_13808_(GsonHelper.java:463) ~[server-1.20.1-20230612.114412-srg.jar%23251!/:?]
	at net.minecraft.util.GsonHelper.m_13836_(GsonHelper.java:471) ~[server-1.20.1-20230612.114412-srg.jar%23251!/:?]
	at net.minecraft.world.level.storage.loot.entries.CompositeEntryBase$1.m_5921_(CompositeEntryBase.java:61) ~[server-1.20.1-20230612.114412-srg.jar%23251!/:?]
	at net.minecraft.world.level.storage.loot.entries.CompositeEntryBase$1.m_5921_(CompositeEntryBase.java:53) ~[server-1.20.1-20230612.114412-srg.jar%23251!/:?]
	at net.minecraft.world.level.storage.loot.entries.LootPoolEntryContainer$Serializer.m_7561_(LootPoolEntryContainer.java:86) ~[server-1.20.1-20230612.114412-srg.jar%23251!/:?]
	at net.minecraft.world.level.storage.loot.entries.LootPoolEntryContainer$Serializer.m_7561_(LootPoolEntryContainer.java:74) ~[server-1.20.1-20230612.114412-srg.jar%23251!/:?]
	at net.minecraft.world.level.storage.loot.GsonAdapterFactory$JsonAdapter.deserialize(GsonAdapterFactory.java:102) ~[server-1.20.1-20230612.114412-srg.jar%23251!/:?]
	at com.google.gson.internal.bind.TreeTypeAdapter.read(TreeTypeAdapter.java:76) ~[gson-2.10.jar%2370!/:?]
	at com.google.gson.internal.bind.TypeAdapterRuntimeTypeWrapper.read(TypeAdapterRuntimeTypeWrapper.java:40) ~[gson-2.10.jar%2370!/:?]
	at com.google.gson.internal.bind.ArrayTypeAdapter.read(ArrayTypeAdapter.java:72) ~[gson-2.10.jar%2370!/:?]
	at com.google.gson.Gson.fromJson(Gson.java:1214) ~[gson-2.10.jar%2370!/:?]
	at com.google.gson.Gson.fromJson(Gson.java:1319) ~[gson-2.10.jar%2370!/:?]
	at com.google.gson.Gson.fromJson(Gson.java:1290) ~[gson-2.10.jar%2370!/:?]
	at com.google.gson.internal.bind.TreeTypeAdapter$GsonContextImpl.deserialize(TreeTypeAdapter.java:179) ~[gson-2.10.jar%2370!/:?]
	at net.minecraft.util.GsonHelper.m_13808_(GsonHelper.java:463) ~[server-1.20.1-20230612.114412-srg.jar%23251!/:?]
	at net.minecraft.util.GsonHelper.m_13836_(GsonHelper.java:471) ~[server-1.20.1-20230612.114412-srg.jar%23251!/:?]
	at net.minecraft.world.level.storage.loot.LootPool$Serializer.deserialize(LootPool.java:192) ~[server-1.20.1-20230612.114412-srg.jar%23251!/:?]
	at net.minecraft.world.level.storage.loot.LootPool$Serializer.deserialize(LootPool.java:189) ~[server-1.20.1-20230612.114412-srg.jar%23251!/:?]
	at com.google.gson.internal.bind.TreeTypeAdapter.read(TreeTypeAdapter.java:76) ~[gson-2.10.jar%2370!/:?]
	at com.google.gson.internal.bind.TypeAdapterRuntimeTypeWrapper.read(TypeAdapterRuntimeTypeWrapper.java:40) ~[gson-2.10.jar%2370!/:?]
	at com.google.gson.internal.bind.ArrayTypeAdapter.read(ArrayTypeAdapter.java:72) ~[gson-2.10.jar%2370!/:?]
	at com.google.gson.Gson.fromJson(Gson.java:1214) ~[gson-2.10.jar%2370!/:?]
	at com.google.gson.Gson.fromJson(Gson.java:1319) ~[gson-2.10.jar%2370!/:?]
	at com.google.gson.Gson.fromJson(Gson.java:1290) ~[gson-2.10.jar%2370!/:?]
	at com.google.gson.internal.bind.TreeTypeAdapter$GsonContextImpl.deserialize(TreeTypeAdapter.java:179) ~[gson-2.10.jar%2370!/:?]
	at net.minecraft.util.GsonHelper.m_13808_(GsonHelper.java:463) ~[server-1.20.1-20230612.114412-srg.jar%23251!/:?]
	at net.minecraft.util.GsonHelper.m_13845_(GsonHelper.java:481) ~[server-1.20.1-20230612.114412-srg.jar%23251!/:?]
	at net.minecraft.world.level.storage.loot.LootTable$Serializer.deserialize(LootTable.java:294) ~[server-1.20.1-20230612.114412-srg.jar%23251!/:?]
	at net.minecraft.world.level.storage.loot.LootTable$Serializer.deserialize(LootTable.java:291) ~[server-1.20.1-20230612.114412-srg.jar%23251!/:?]
	at com.google.gson.internal.bind.TreeTypeAdapter.read(TreeTypeAdapter.java:76) ~[gson-2.10.jar%2370!/:?]
	at com.google.gson.Gson.fromJson(Gson.java:1214) ~[gson-2.10.jar%2370!/:?]
	at com.google.gson.Gson.fromJson(Gson.java:1319) ~[gson-2.10.jar%2370!/:?]
	at com.google.gson.Gson.fromJson(Gson.java:1261) ~[gson-2.10.jar%2370!/:?]
	at net.minecraftforge.common.ForgeHooks.loadLootTable(ForgeHooks.java:871) ~[forge-1.20.1-47.3.7-universal.jar%23256!/:?]
	at net.minecraftforge.common.ForgeHooks.lambda$getLootTableDeserializer$3(ForgeHooks.java:848) ~[forge-1.20.1-47.3.7-universal.jar%23256!/:?]
	at net.minecraft.world.level.storage.loot.LootDataType.deserialize(LootDataType.java:45) ~[server-1.20.1-20230612.114412-srg.jar%23251!/:?]
	at net.minecraft.world.level.storage.loot.LootDataManager.lambda$scheduleElementParse$4(LootDataManager.java:56) ~[server-1.20.1-20230612.114412-srg.jar%23251!/:?]
	at java.util.HashMap.forEach(HashMap.java:1421) ~[?:?]
	at net.minecraft.world.level.storage.loot.LootDataManager.m_278660_(LootDataManager.java:55) ~[server-1.20.1-20230612.114412-srg.jar%23251!/:?]
	at java.util.concurrent.CompletableFuture$AsyncRun.run(CompletableFuture.java:1804) ~[?:?]
	at java.util.concurrent.CompletableFuture$AsyncRun.exec(CompletableFuture.java:1796) ~[?:?]
	at java.util.concurrent.ForkJoinTask.doExec(ForkJoinTask.java:373) ~[?:?]
	at java.util.concurrent.ForkJoinPool$WorkQueue.topLevelExec(ForkJoinPool.java:1182) ~[?:?]
	at java.util.concurrent.ForkJoinPool.scan(ForkJoinPool.java:1655) ~[?:?]
	at java.util.concurrent.ForkJoinPool.runWorker(ForkJoinPool.java:1622) ~[?:?]
	at java.util.concurrent.ForkJoinWorkerThread.run(ForkJoinWorkerThread.java:165) ~[?:?]
[27Aug2026 20:10:16.665] [Worker-Main-1/ERROR] [net.minecraftforge.common.ForgeHooks/]: Couldn't parse element loot_tables:decocraft:blocks/school_desk_open_orange
com.google.gson.JsonSyntaxException: Expected name to be an item, was unknown string 'decocraft:school_desk_open_orange'
	at net.minecraft.util.GsonHelper.m_13866_(GsonHelper.java:145) ~[server-1.20.1-20230612.114412-srg.jar%23251!/:?]
	at java.util.Optional.orElseThrow(Optional.java:403) ~[?:?]
	at net.minecraft.util.GsonHelper.m_13874_(GsonHelper.java:145) ~[server-1.20.1-20230612.114412-srg.jar%23251!/:?]
	at net.minecraft.util.GsonHelper.m_13909_(GsonHelper.java:153) ~[server-1.20.1-20230612.114412-srg.jar%23251!/:?]
	at net.minecraft.world.level.storage.loot.entries.LootItem$Serializer.m_7267_(LootItem.java:55) ~[server-1.20.1-20230612.114412-srg.jar%23251!/:?]
	at net.minecraft.world.level.storage.loot.entries.LootItem$Serializer.m_7267_(LootItem.java:40) ~[server-1.20.1-20230612.114412-srg.jar%23251!/:?]
	at net.minecraft.world.level.storage.loot.entries.LootPoolSingletonContainer$Serializer.m_5921_(LootPoolSingletonContainer.java:151) ~[server-1.20.1-20230612.114412-srg.jar%23251!/:?]
	at net.minecraft.world.level.storage.loot.entries.LootPoolSingletonContainer$Serializer.m_5921_(LootPoolSingletonContainer.java:129) ~[server-1.20.1-20230612.114412-srg.jar%23251!/:?]
	at net.minecraft.world.level.storage.loot.entries.LootPoolEntryContainer$Serializer.m_7561_(LootPoolEntryContainer.java:86) ~[server-1.20.1-20230612.114412-srg.jar%23251!/:?]
	at net.minecraft.world.level.storage.loot.entries.LootPoolEntryContainer$Serializer.m_7561_(LootPoolEntryContainer.java:74) ~[server-1.20.1-20230612.114412-srg.jar%23251!/:?]
	at net.minecraft.world.level.storage.loot.GsonAdapterFactory$JsonAdapter.deserialize(GsonAdapterFactory.java:102) ~[server-1.20.1-20230612.114412-srg.jar%23251!/:?]
	at com.google.gson.internal.bind.TreeTypeAdapter.read(TreeTypeAdapter.java:76) ~[gson-2.10.jar%2370!/:?]
	at com.google.gson.internal.bind.TypeAdapterRuntimeTypeWrapper.read(TypeAdapterRuntimeTypeWrapper.java:40) ~[gson-2.10.jar%2370!/:?]
	at com.google.gson.internal.bind.ArrayTypeAdapter.read(ArrayTypeAdapter.java:72) ~[gson-2.10.jar%2370!/:?]
	at com.google.gson.Gson.fromJson(Gson.java:1214) ~[gson-2.10.jar%2370!/:?]
	at com.google.gson.Gson.fromJson(Gson.java:1319) ~[gson-2.10.jar%2370!/:?]
	at com.google.gson.Gson.fromJson(Gson.java:1290) ~[gson-2.10.jar%2370!/:?]
	at com.google.gson.internal.bind.TreeTypeAdapter$GsonContextImpl.deserialize(TreeTypeAdapter.java:179) ~[gson-2.10.jar%2370!/:?]
	at net.minecraft.util.GsonHelper.m_13808_(GsonHelper.java:463) ~[server-1.20.1-20230612.114412-srg.jar%23251!/:?]
	at net.minecraft.util.GsonHelper.m_13836_(GsonHelper.java:471) ~[server-1.20.1-20230612.114412-srg.jar%23251!/:?]
	at net.minecraft.world.level.storage.loot.LootPool$Serializer.deserialize(LootPool.java:192) ~[server-1.20.1-20230612.114412-srg.jar%23251!/:?]
	at net.minecraft.world.level.storage.loot.LootPool$Serializer.deserialize(LootPool.java:189) ~[server-1.20.1-20230612.114412-srg.jar%23251!/:?]
	at com.google.gson.internal.bind.TreeTypeAdapter.read(TreeTypeAdapter.java:76) ~[gson-2.10.jar%2370!/:?]
	at com.google.gson.internal.bind.TypeAdapterRuntimeTypeWrapper.read(TypeAdapterRuntimeTypeWrapper.java:40) ~[gson-2.10.jar%2370!/:?]
	at com.google.gson.internal.bind.ArrayTypeAdapter.read(ArrayTypeAdapter.java:72) ~[gson-2.10.jar%2370!/:?]
	at com.google.gson.Gson.fromJson(Gson.java:1214) ~[gson-2.10.jar%2370!/:?]
	at com.google.gson.Gson.fromJson(Gson.java:1319) ~[gson-2.10.jar%2370!/:?]
	at com.google.gson.Gson.fromJson(Gson.java:1290) ~[gson-2.10.jar%2370!/:?]
	at com.google.gson.internal.bind.TreeTypeAdapter$GsonContextImpl.deserialize(TreeTypeAdapter.java:179) ~[gson-2.10.jar%2370!/:?]
	at net.minecraft.util.GsonHelper.m_13808_(GsonHelper.java:463) ~[server-1.20.1-20230612.114412-srg.jar%23251!/:?]
	at net.minecraft.util.GsonHelper.m_13845_(GsonHelper.java:481) ~[server-1.20.1-20230612.114412-srg.jar%23251!/:?]
	at net.minecraft.world.level.storage.loot.LootTable$Serializer.deserialize(LootTable.java:294) ~[server-1.20.1-20230612.114412-srg.jar%23251!/:?]
	at net.minecraft.world.level.storage.loot.LootTable$Serializer.deserialize(LootTable.java:291) ~[server-1.20.1-20230612.114412-srg.jar%23251!/:?]
	at com.google.gson.internal.bind.TreeTypeAdapter.read(TreeTypeAdapter.java:76) ~[gson-2.10.jar%2370!/:?]
	at com.google.gson.Gson.fromJson(Gson.java:1214) ~[gson-2.10.jar%2370!/:?]
	at com.google.gson.Gson.fromJson(Gson.java:1319) ~[gson-2.10.jar%2370!/:?]
	at com.google.gson.Gson.fromJson(Gson.java:1261) ~[gson-2.10.jar%2370!/:?]
	at net.minecraftforge.common.ForgeHooks.loadLootTable(ForgeHooks.java:871) ~[forge-1.20.1-47.3.7-universal.jar%23256!/:?]
	at net.minecraftforge.common.ForgeHooks.lambda$getLootTableDeserializer$3(ForgeHooks.java:848) ~[forge-1.20.1-47.3.7-universal.jar%23256!/:?]
	at net.minecraft.world.level.storage.loot.LootDataType.deserialize(LootDataType.java:45) ~[server-1.20.1-20230612.114412-srg.jar%23251!/:?]
	at net.minecraft.world.level.storage.loot.LootDataManager.lambda$scheduleElementParse$4(LootDataManager.java:56) ~[server-1.20.1-20230612.114412-srg.jar%23251!/:?]
	at java.util.HashMap.forEach(HashMap.java:1421) ~[?:?]
	at net.minecraft.world.level.storage.loot.LootDataManager.m_278660_(LootDataManager.java:55) ~[server-1.20.1-20230612.114412-srg.jar%23251!/:?]
	at java.util.concurrent.CompletableFuture$AsyncRun.run(CompletableFuture.java:1804) ~[?:?]
	at java.util.concurrent.CompletableFuture$AsyncRun.exec(CompletableFuture.java:1796) ~[?:?]
	at java.util.concurrent.ForkJoinTask.doExec(ForkJoinTask.java:373) ~[?:?]
	at java.util.concurrent.ForkJoinPool$WorkQueue.topLevelExec(ForkJoinPool.java:1182) ~[?:?]
	at java.util.concurrent.ForkJoinPool.scan(ForkJoinPool.java:1655) ~[?:?]
	at java.util.concurrent.ForkJoinPool.runWorker(ForkJoinPool.java:1622) ~[?:?]
	at java.util.concurrent.ForkJoinWorkerThread.run(ForkJoinWorkerThread.java:165) ~[?:?]
[27Aug2026 20:10:16.696] [Worker-Main-1/ERROR] [net.minecraftforge.common.ForgeHooks/]: Couldn't parse element loot_tables:culturaldelights:blocks/avocado_leaves
com.google.gson.JsonSyntaxException: Unknown type 'minecraft:alternative'
	at net.minecraft.world.level.storage.loot.GsonAdapterFactory$JsonAdapter.deserialize(GsonAdapterFactory.java:99) ~[server-1.20.1-20230612.114412-srg.jar%23251!/:?]
	at com.google.gson.internal.bind.TreeTypeAdapter.read(TreeTypeAdapter.java:76) ~[gson-2.10.jar%2370!/:?]
	at com.google.gson.internal.bind.TypeAdapterRuntimeTypeWrapper.read(TypeAdapterRuntimeTypeWrapper.java:40) ~[gson-2.10.jar%2370!/:?]
	at com.google.gson.internal.bind.ArrayTypeAdapter.read(ArrayTypeAdapter.java:72) ~[gson-2.10.jar%2370!/:?]
	at com.google.gson.Gson.fromJson(Gson.java:1214) ~[gson-2.10.jar%2370!/:?]
	at com.google.gson.Gson.fromJson(Gson.java:1319) ~[gson-2.10.jar%2370!/:?]
	at com.google.gson.Gson.fromJson(Gson.java:1290) ~[gson-2.10.jar%2370!/:?]
	at com.google.gson.internal.bind.TreeTypeAdapter$GsonContextImpl.deserialize(TreeTypeAdapter.java:179) ~[gson-2.10.jar%2370!/:?]
	at net.minecraft.util.GsonHelper.m_13808_(GsonHelper.java:463) ~[server-1.20.1-20230612.114412-srg.jar%23251!/:?]
	at net.minecraft.util.GsonHelper.m_13845_(GsonHelper.java:481) ~[server-1.20.1-20230612.114412-srg.jar%23251!/:?]
	at net.minecraft.world.level.storage.loot.entries.LootPoolEntryContainer$Serializer.m_7561_(LootPoolEntryContainer.java:85) ~[server-1.20.1-20230612.114412-srg.jar%23251!/:?]
	at net.minecraft.world.level.storage.loot.entries.LootPoolEntryContainer$Serializer.m_7561_(LootPoolEntryContainer.java:74) ~[server-1.20.1-20230612.114412-srg.jar%23251!/:?]
	at net.minecraft.world.level.storage.loot.GsonAdapterFactory$JsonAdapter.deserialize(GsonAdapterFactory.java:102) ~[server-1.20.1-20230612.114412-srg.jar%23251!/:?]
	at com.google.gson.internal.bind.TreeTypeAdapter.read(TreeTypeAdapter.java:76) ~[gson-2.10.jar%2370!/:?]
	at com.google.gson.internal.bind.TypeAdapterRuntimeTypeWrapper.read(TypeAdapterRuntimeTypeWrapper.java:40) ~[gson-2.10.jar%2370!/:?]
	at com.google.gson.internal.bind.ArrayTypeAdapter.read(ArrayTypeAdapter.java:72) ~[gson-2.10.jar%2370!/:?]
	at com.google.gson.Gson.fromJson(Gson.java:1214) ~[gson-2.10.jar%2370!/:?]
	at com.google.gson.Gson.fromJson(Gson.java:1319) ~[gson-2.10.jar%2370!/:?]
	at com.google.gson.Gson.fromJson(Gson.java:1290) ~[gson-2.10.jar%2370!/:?]
	at com.google.gson.internal.bind.TreeTypeAdapter$GsonContextImpl.deserialize(TreeTypeAdapter.java:179) ~[gson-2.10.jar%2370!/:?]
	at net.minecraft.util.GsonHelper.m_13808_(GsonHelper.java:463) ~[server-1.20.1-20230612.114412-srg.jar%23251!/:?]
	at net.minecraft.util.GsonHelper.m_13836_(GsonHelper.java:471) ~[server-1.20.1-20230612.114412-srg.jar%23251!/:?]
	at net.minecraft.world.level.storage.loot.entries.CompositeEntryBase$1.m_5921_(CompositeEntryBase.java:61) ~[server-1.20.1-20230612.114412-srg.jar%23251!/:?]
	at net.minecraft.world.level.storage.loot.entries.CompositeEntryBase$1.m_5921_(CompositeEntryBase.java:53) ~[server-1.20.1-20230612.114412-srg.jar%23251!/:?]
	at net.minecraft.world.level.storage.loot.entries.LootPoolEntryContainer$Serializer.m_7561_(LootPoolEntryContainer.java:86) ~[server-1.20.1-20230612.114412-srg.jar%23251!/:?]
	at net.minecraft.world.level.storage.loot.entries.LootPoolEntryContainer$Serializer.m_7561_(LootPoolEntryContainer.java:74) ~[server-1.20.1-20230612.114412-srg.jar%23251!/:?]
	at net.minecraft.world.level.storage.loot.GsonAdapterFactory$JsonAdapter.deserialize(GsonAdapterFactory.java:102) ~[server-1.20.1-20230612.114412-srg.jar%23251!/:?]
	at com.google.gson.internal.bind.TreeTypeAdapter.read(TreeTypeAdapter.java:76) ~[gson-2.10.jar%2370!/:?]
	at com.google.gson.internal.bind.TypeAdapterRuntimeTypeWrapper.read(TypeAdapterRuntimeTypeWrapper.java:40) ~[gson-2.10.jar%2370!/:?]
	at com.google.gson.internal.bind.ArrayTypeAdapter.read(ArrayTypeAdapter.java:72) ~[gson-2.10.jar%2370!/:?]
	at com.google.gson.Gson.fromJson(Gson.java:1214) ~[gson-2.10.jar%2370!/:?]
	at com.google.gson.Gson.fromJson(Gson.java:1319) ~[gson-2.10.jar%2370!/:?]
	at com.google.gson.Gson.fromJson(Gson.java:1290) ~[gson-2.10.jar%2370!/:?]
	at com.google.gson.internal.bind.TreeTypeAdapter$GsonContextImpl.deserialize(TreeTypeAdapter.java:179) ~[gson-2.10.jar%2370!/:?]
	at net.minecraft.util.GsonHelper.m_13808_(GsonHelper.java:463) ~[server-1.20.1-20230612.114412-srg.jar%23251!/:?]
	at net.minecraft.util.GsonHelper.m_13836_(GsonHelper.java:471) ~[server-1.20.1-20230612.114412-srg.jar%23251!/:?]
	at net.minecraft.world.level.storage.loot.LootPool$Serializer.deserialize(LootPool.java:192) ~[server-1.20.1-20230612.114412-srg.jar%23251!/:?]
	at net.minecraft.world.level.storage.loot.LootPool$Serializer.deserialize(LootPool.java:189) ~[server-1.20.1-20230612.114412-srg.jar%23251!/:?]
	at com.google.gson.internal.bind.TreeTypeAdapter.read(TreeTypeAdapter.java:76) ~[gson-2.10.jar%2370!/:?]
	at com.google.gson.internal.bind.TypeAdapterRuntimeTypeWrapper.read(TypeAdapterRuntimeTypeWrapper.java:40) ~[gson-2.10.jar%2370!/:?]
	at com.google.gson.internal.bind.ArrayTypeAdapter.read(ArrayTypeAdapter.java:72) ~[gson-2.10.jar%2370!/:?]
	at com.google.gson.Gson.fromJson(Gson.java:1214) ~[gson-2.10.jar%2370!/:?]
	at com.google.gson.Gson.fromJson(Gson.java:1319) ~[gson-2.10.jar%2370!/:?]
	at com.google.gson.Gson.fromJson(Gson.java:1290) ~[gson-2.10.jar%2370!/:?]
	at com.google.gson.internal.bind.TreeTypeAdapter$GsonContextImpl.deserialize(TreeTypeAdapter.java:179) ~[gson-2.10.jar%2370!/:?]
	at net.minecraft.util.GsonHelper.m_13808_(GsonHelper.java:463) ~[server-1.20.1-20230612.114412-srg.jar%23251!/:?]
	at net.minecraft.util.GsonHelper.m_13845_(GsonHelper.java:481) ~[server-1.20.1-20230612.114412-srg.jar%23251!/:?]
	at net.minecraft.world.level.storage.loot.LootTable$Serializer.deserialize(LootTable.java:294) ~[server-1.20.1-20230612.114412-srg.jar%23251!/:?]
	at net.minecraft.world.level.storage.loot.LootTable$Serializer.deserialize(LootTable.java:291) ~[server-1.20.1-20230612.114412-srg.jar%23251!/:?]
	at com.google.gson.internal.bind.TreeTypeAdapter.read(TreeTypeAdapter.java:76) ~[gson-2.10.jar%2370!/:?]
	at com.google.gson.Gson.fromJson(Gson.java:1214) ~[gson-2.10.jar%2370!/:?]
	at com.google.gson.Gson.fromJson(Gson.java:1319) ~[gson-2.10.jar%2370!/:?]
	at com.google.gson.Gson.fromJson(Gson.java:1261) ~[gson-2.10.jar%2370!/:?]
	at net.minecraftforge.common.ForgeHooks.loadLootTable(ForgeHooks.java:871) ~[forge-1.20.1-47.3.7-universal.jar%23256!/:?]
	at net.minecraftforge.common.ForgeHooks.lambda$getLootTableDeserializer$3(ForgeHooks.java:848) ~[forge-1.20.1-47.3.7-universal.jar%23256!/:?]
	at net.minecraft.world.level.storage.loot.LootDataType.deserialize(LootDataType.java:45) ~[server-1.20.1-20230612.114412-srg.jar%23251!/:?]
	at net.minecraft.world.level.storage.loot.LootDataManager.lambda$scheduleElementParse$4(LootDataManager.java:56) ~[server-1.20.1-20230612.114412-srg.jar%23251!/:?]
	at java.util.HashMap.forEach(HashMap.java:1421) ~[?:?]
	at net.minecraft.world.level.storage.loot.LootDataManager.m_278660_(LootDataManager.java:55) ~[server-1.20.1-20230612.114412-srg.jar%23251!/:?]
	at java.util.concurrent.CompletableFuture$AsyncRun.run(CompletableFuture.java:1804) ~[?:?]
	at java.util.concurrent.CompletableFuture$AsyncRun.exec(CompletableFuture.java:1796) ~[?:?]
	at java.util.concurrent.ForkJoinTask.doExec(ForkJoinTask.java:373) ~[?:?]
	at java.util.concurrent.ForkJoinPool$WorkQueue.topLevelExec(ForkJoinPool.java:1182) ~[?:?]
	at java.util.concurrent.ForkJoinPool.scan(ForkJoinPool.java:1655) ~[?:?]
	at java.util.concurrent.ForkJoinPool.runWorker(ForkJoinPool.java:1622) ~[?:?]
	at java.util.concurrent.ForkJoinWorkerThread.run(ForkJoinWorkerThread.java:165) ~[?:?]
[27Aug2026 20:10:16.738] [Worker-Main-1/ERROR] [net.minecraftforge.common.ForgeHooks/]: Couldn't parse element loot_tables:decocraft:blocks/school_desk_open_blue
com.google.gson.JsonSyntaxException: Expected name to be an item, was unknown string 'decocraft:school_desk_open_blue'
	at net.minecraft.util.GsonHelper.m_13866_(GsonHelper.java:145) ~[server-1.20.1-20230612.114412-srg.jar%23251!/:?]
	at java.util.Optional.orElseThrow(Optional.java:403) ~[?:?]
	at net.minecraft.util.GsonHelper.m_13874_(GsonHelper.java:145) ~[server-1.20.1-20230612.114412-srg.jar%23251!/:?]
	at net.minecraft.util.GsonHelper.m_13909_(GsonHelper.java:153) ~[server-1.20.1-20230612.114412-srg.jar%23251!/:?]
	at net.minecraft.world.level.storage.loot.entries.LootItem$Serializer.m_7267_(LootItem.java:55) ~[server-1.20.1-20230612.114412-srg.jar%23251!/:?]
	at net.minecraft.world.level.storage.loot.entries.LootItem$Serializer.m_7267_(LootItem.java:40) ~[server-1.20.1-20230612.114412-srg.jar%23251!/:?]
	at net.minecraft.world.level.storage.loot.entries.LootPoolSingletonContainer$Serializer.m_5921_(LootPoolSingletonContainer.java:151) ~[server-1.20.1-20230612.114412-srg.jar%23251!/:?]
	at net.minecraft.world.level.storage.loot.entries.LootPoolSingletonContainer$Serializer.m_5921_(LootPoolSingletonContainer.java:129) ~[server-1.20.1-20230612.114412-srg.jar%23251!/:?]
	at net.minecraft.world.level.storage.loot.entries.LootPoolEntryContainer$Serializer.m_7561_(LootPoolEntryContainer.java:86) ~[server-1.20.1-20230612.114412-srg.jar%23251!/:?]
	at net.minecraft.world.level.storage.loot.entries.LootPoolEntryContainer$Serializer.m_7561_(LootPoolEntryContainer.java:74) ~[server-1.20.1-20230612.114412-srg.jar%23251!/:?]
	at net.minecraft.world.level.storage.loot.GsonAdapterFactory$JsonAdapter.deserialize(GsonAdapterFactory.java:102) ~[server-1.20.1-20230612.114412-srg.jar%23251!/:?]
	at com.google.gson.internal.bind.TreeTypeAdapter.read(TreeTypeAdapter.java:76) ~[gson-2.10.jar%2370!/:?]
	at com.google.gson.internal.bind.TypeAdapterRuntimeTypeWrapper.read(TypeAdapterRuntimeTypeWrapper.java:40) ~[gson-2.10.jar%2370!/:?]
	at com.google.gson.internal.bind.ArrayTypeAdapter.read(ArrayTypeAdapter.java:72) ~[gson-2.10.jar%2370!/:?]
	at com.google.gson.Gson.fromJson(Gson.java:1214) ~[gson-2.10.jar%2370!/:?]
	at com.google.gson.Gson.fromJson(Gson.java:1319) ~[gson-2.10.jar%2370!/:?]
	at com.google.gson.Gson.fromJson(Gson.java:1290) ~[gson-2.10.jar%2370!/:?]
	at com.google.gson.internal.bind.TreeTypeAdapter$GsonContextImpl.deserialize(TreeTypeAdapter.java:179) ~[gson-2.10.jar%2370!/:?]
	at net.minecraft.util.GsonHelper.m_13808_(GsonHelper.java:463) ~[server-1.20.1-20230612.114412-srg.jar%23251!/:?]
	at net.minecraft.util.GsonHelper.m_13836_(GsonHelper.java:471) ~[server-1.20.1-20230612.114412-srg.jar%23251!/:?]
	at net.minecraft.world.level.storage.loot.LootPool$Serializer.deserialize(LootPool.java:192) ~[server-1.20.1-20230612.114412-srg.jar%23251!/:?]
	at net.minecraft.world.level.storage.loot.LootPool$Serializer.deserialize(LootPool.java:189) ~[server-1.20.1-20230612.114412-srg.jar%23251!/:?]
	at com.google.gson.internal.bind.TreeTypeAdapter.read(TreeTypeAdapter.java:76) ~[gson-2.10.jar%2370!/:?]
	at com.google.gson.internal.bind.TypeAdapterRuntimeTypeWrapper.read(TypeAdapterRuntimeTypeWrapper.java:40) ~[gson-2.10.jar%2370!/:?]
	at com.google.gson.internal.bind.ArrayTypeAdapter.read(ArrayTypeAdapter.java:72) ~[gson-2.10.jar%2370!/:?]
	at com.google.gson.Gson.fromJson(Gson.java:1214) ~[gson-2.10.jar%2370!/:?]
	at com.google.gson.Gson.fromJson(Gson.java:1319) ~[gson-2.10.jar%2370!/:?]
	at com.google.gson.Gson.fromJson(Gson.java:1290) ~[gson-2.10.jar%2370!/:?]
	at com.google.gson.internal.bind.TreeTypeAdapter$GsonContextImpl.deserialize(TreeTypeAdapter.java:179) ~[gson-2.10.jar%2370!/:?]
	at net.minecraft.util.GsonHelper.m_13808_(GsonHelper.java:463) ~[server-1.20.1-20230612.114412-srg.jar%23251!/:?]
	at net.minecraft.util.GsonHelper.m_13845_(GsonHelper.java:481) ~[server-1.20.1-20230612.114412-srg.jar%23251!/:?]
	at net.minecraft.world.level.storage.loot.LootTable$Serializer.deserialize(LootTable.java:294) ~[server-1.20.1-20230612.114412-srg.jar%23251!/:?]
	at net.minecraft.world.level.storage.loot.LootTable$Serializer.deserialize(LootTable.java:291) ~[server-1.20.1-20230612.114412-srg.jar%23251!/:?]
	at com.google.gson.internal.bind.TreeTypeAdapter.read(TreeTypeAdapter.java:76) ~[gson-2.10.jar%2370!/:?]
	at com.google.gson.Gson.fromJson(Gson.java:1214) ~[gson-2.10.jar%2370!/:?]
	at com.google.gson.Gson.fromJson(Gson.java:1319) ~[gson-2.10.jar%2370!/:?]
	at com.google.gson.Gson.fromJson(Gson.java:1261) ~[gson-2.10.jar%2370!/:?]
	at net.minecraftforge.common.ForgeHooks.loadLootTable(ForgeHooks.java:871) ~[forge-1.20.1-47.3.7-universal.jar%23256!/:?]
	at net.minecraftforge.common.ForgeHooks.lambda$getLootTableDeserializer$3(ForgeHooks.java:848) ~[forge-1.20.1-47.3.7-universal.jar%23256!/:?]
	at net.minecraft.world.level.storage.loot.LootDataType.deserialize(LootDataType.java:45) ~[server-1.20.1-20230612.114412-srg.jar%23251!/:?]
	at net.minecraft.world.level.storage.loot.LootDataManager.lambda$scheduleElementParse$4(LootDataManager.java:56) ~[server-1.20.1-20230612.114412-srg.jar%23251!/:?]
	at java.util.HashMap.forEach(HashMap.java:1421) ~[?:?]
	at net.minecraft.world.level.storage.loot.LootDataManager.m_278660_(LootDataManager.java:55) ~[server-1.20.1-20230612.114412-srg.jar%23251!/:?]
	at java.util.concurrent.CompletableFuture$AsyncRun.run(CompletableFuture.java:1804) ~[?:?]
	at java.util.concurrent.CompletableFuture$AsyncRun.exec(CompletableFuture.java:1796) ~[?:?]
	at java.util.concurrent.ForkJoinTask.doExec(ForkJoinTask.java:373) ~[?:?]
	at java.util.concurrent.ForkJoinPool$WorkQueue.topLevelExec(ForkJoinPool.java:1182) ~[?:?]
	at java.util.concurrent.ForkJoinPool.scan(ForkJoinPool.java:1655) ~[?:?]
	at java.util.concurrent.ForkJoinPool.runWorker(ForkJoinPool.java:1622) ~[?:?]
	at java.util.concurrent.ForkJoinWorkerThread.run(ForkJoinWorkerThread.java:165) ~[?:?]
[27Aug2026 20:10:16.750] [Worker-Main-1/ERROR] [net.minecraftforge.common.ForgeHooks/]: Couldn't parse element loot_tables:decocraft:blocks/school_desk_open_red
com.google.gson.JsonSyntaxException: Expected name to be an item, was unknown string 'decocraft:school_desk_open_red'
	at net.minecraft.util.GsonHelper.m_13866_(GsonHelper.java:145) ~[server-1.20.1-20230612.114412-srg.jar%23251!/:?]
	at java.util.Optional.orElseThrow(Optional.java:403) ~[?:?]
	at net.minecraft.util.GsonHelper.m_13874_(GsonHelper.java:145) ~[server-1.20.1-20230612.114412-srg.jar%23251!/:?]
	at net.minecraft.util.GsonHelper.m_13909_(GsonHelper.java:153) ~[server-1.20.1-20230612.114412-srg.jar%23251!/:?]
	at net.minecraft.world.level.storage.loot.entries.LootItem$Serializer.m_7267_(LootItem.java:55) ~[server-1.20.1-20230612.114412-srg.jar%23251!/:?]
	at net.minecraft.world.level.storage.loot.entries.LootItem$Serializer.m_7267_(LootItem.java:40) ~[server-1.20.1-20230612.114412-srg.jar%23251!/:?]
	at net.minecraft.world.level.storage.loot.entries.LootPoolSingletonContainer$Serializer.m_5921_(LootPoolSingletonContainer.java:151) ~[server-1.20.1-20230612.114412-srg.jar%23251!/:?]
	at net.minecraft.world.level.storage.loot.entries.LootPoolSingletonContainer$Serializer.m_5921_(LootPoolSingletonContainer.java:129) ~[server-1.20.1-20230612.114412-srg.jar%23251!/:?]
	at net.minecraft.world.level.storage.loot.entries.LootPoolEntryContainer$Serializer.m_7561_(LootPoolEntryContainer.java:86) ~[server-1.20.1-20230612.114412-srg.jar%23251!/:?]
	at net.minecraft.world.level.storage.loot.entries.LootPoolEntryContainer$Serializer.m_7561_(LootPoolEntryContainer.java:74) ~[server-1.20.1-20230612.114412-srg.jar%23251!/:?]
	at net.minecraft.world.level.storage.loot.GsonAdapterFactory$JsonAdapter.deserialize(GsonAdapterFactory.java:102) ~[server-1.20.1-20230612.114412-srg.jar%23251!/:?]
	at com.google.gson.internal.bind.TreeTypeAdapter.read(TreeTypeAdapter.java:76) ~[gson-2.10.jar%2370!/:?]
	at com.google.gson.internal.bind.TypeAdapterRuntimeTypeWrapper.read(TypeAdapterRuntimeTypeWrapper.java:40) ~[gson-2.10.jar%2370!/:?]
	at com.google.gson.internal.bind.ArrayTypeAdapter.read(ArrayTypeAdapter.java:72) ~[gson-2.10.jar%2370!/:?]
	at com.google.gson.Gson.fromJson(Gson.java:1214) ~[gson-2.10.jar%2370!/:?]
	at com.google.gson.Gson.fromJson(Gson.java:1319) ~[gson-2.10.jar%2370!/:?]
	at com.google.gson.Gson.fromJson(Gson.java:1290) ~[gson-2.10.jar%2370!/:?]
	at com.google.gson.internal.bind.TreeTypeAdapter$GsonContextImpl.deserialize(TreeTypeAdapter.java:179) ~[gson-2.10.jar%2370!/:?]
	at net.minecraft.util.GsonHelper.m_13808_(GsonHelper.java:463) ~[server-1.20.1-20230612.114412-srg.jar%23251!/:?]
	at net.minecraft.util.GsonHelper.m_13836_(GsonHelper.java:471) ~[server-1.20.1-20230612.114412-srg.jar%23251!/:?]
	at net.minecraft.world.level.storage.loot.LootPool$Serializer.deserialize(LootPool.java:192) ~[server-1.20.1-20230612.114412-srg.jar%23251!/:?]
	at net.minecraft.world.level.storage.loot.LootPool$Serializer.deserialize(LootPool.java:189) ~[server-1.20.1-20230612.114412-srg.jar%23251!/:?]
	at com.google.gson.internal.bind.TreeTypeAdapter.read(TreeTypeAdapter.java:76) ~[gson-2.10.jar%2370!/:?]
	at com.google.gson.internal.bind.TypeAdapterRuntimeTypeWrapper.read(TypeAdapterRuntimeTypeWrapper.java:40) ~[gson-2.10.jar%2370!/:?]
	at com.google.gson.internal.bind.ArrayTypeAdapter.read(ArrayTypeAdapter.java:72) ~[gson-2.10.jar%2370!/:?]
	at com.google.gson.Gson.fromJson(Gson.java:1214) ~[gson-2.10.jar%2370!/:?]
	at com.google.gson.Gson.fromJson(Gson.java:1319) ~[gson-2.10.jar%2370!/:?]
	at com.google.gson.Gson.fromJson(Gson.java:1290) ~[gson-2.10.jar%2370!/:?]
	at com.google.gson.internal.bind.TreeTypeAdapter$GsonContextImpl.deserialize(TreeTypeAdapter.java:179) ~[gson-2.10.jar%2370!/:?]
	at net.minecraft.util.GsonHelper.m_13808_(GsonHelper.java:463) ~[server-1.20.1-20230612.114412-srg.jar%23251!/:?]
	at net.minecraft.util.GsonHelper.m_13845_(GsonHelper.java:481) ~[server-1.20.1-20230612.114412-srg.jar%23251!/:?]
	at net.minecraft.world.level.storage.loot.LootTable$Serializer.deserialize(LootTable.java:294) ~[server-1.20.1-20230612.114412-srg.jar%23251!/:?]
	at net.minecraft.world.level.storage.loot.LootTable$Serializer.deserialize(LootTable.java:291) ~[server-1.20.1-20230612.114412-srg.jar%23251!/:?]
	at com.google.gson.internal.bind.TreeTypeAdapter.read(TreeTypeAdapter.java:76) ~[gson-2.10.jar%2370!/:?]
	at com.google.gson.Gson.fromJson(Gson.java:1214) ~[gson-2.10.jar%2370!/:?]
	at com.google.gson.Gson.fromJson(Gson.java:1319) ~[gson-2.10.jar%2370!/:?]
	at com.google.gson.Gson.fromJson(Gson.java:1261) ~[gson-2.10.jar%2370!/:?]
	at net.minecraftforge.common.ForgeHooks.loadLootTable(ForgeHooks.java:871) ~[forge-1.20.1-47.3.7-universal.jar%23256!/:?]
	at net.minecraftforge.common.ForgeHooks.lambda$getLootTableDeserializer$3(ForgeHooks.java:848) ~[forge-1.20.1-47.3.7-universal.jar%23256!/:?]
	at net.minecraft.world.level.storage.loot.LootDataType.deserialize(LootDataType.java:45) ~[server-1.20.1-20230612.114412-srg.jar%23251!/:?]
	at net.minecraft.world.level.storage.loot.LootDataManager.lambda$scheduleElementParse$4(LootDataManager.java:56) ~[server-1.20.1-20230612.114412-srg.jar%23251!/:?]
	at java.util.HashMap.forEach(HashMap.java:1421) ~[?:?]
	at net.minecraft.world.level.storage.loot.LootDataManager.m_278660_(LootDataManager.java:55) ~[server-1.20.1-20230612.114412-srg.jar%23251!/:?]
	at java.util.concurrent.CompletableFuture$AsyncRun.run(CompletableFuture.java:1804) ~[?:?]
	at java.util.concurrent.CompletableFuture$AsyncRun.exec(CompletableFuture.java:1796) ~[?:?]
	at java.util.concurrent.ForkJoinTask.doExec(ForkJoinTask.java:373) ~[?:?]
	at java.util.concurrent.ForkJoinPool$WorkQueue.topLevelExec(ForkJoinPool.java:1182) ~[?:?]
	at java.util.concurrent.ForkJoinPool.scan(ForkJoinPool.java:1655) ~[?:?]
	at java.util.concurrent.ForkJoinPool.runWorker(ForkJoinPool.java:1622) ~[?:?]
	at java.util.concurrent.ForkJoinWorkerThread.run(ForkJoinWorkerThread.java:165) ~[?:?]
[27Aug2026 20:10:16.759] [Worker-Main-1/ERROR] [net.minecraftforge.common.ForgeHooks/]: Couldn't parse element loot_tables:decocraft:blocks/china_cabinet_open_palm
com.google.gson.JsonSyntaxException: Expected name to be an item, was unknown string 'decocraft:china_cabinet_open_palm'
	at net.minecraft.util.GsonHelper.m_13866_(GsonHelper.java:145) ~[server-1.20.1-20230612.114412-srg.jar%23251!/:?]
	at java.util.Optional.orElseThrow(Optional.java:403) ~[?:?]
	at net.minecraft.util.GsonHelper.m_13874_(GsonHelper.java:145) ~[server-1.20.1-20230612.114412-srg.jar%23251!/:?]
	at net.minecraft.util.GsonHelper.m_13909_(GsonHelper.java:153) ~[server-1.20.1-20230612.114412-srg.jar%23251!/:?]
	at net.minecraft.world.level.storage.loot.entries.LootItem$Serializer.m_7267_(LootItem.java:55) ~[server-1.20.1-20230612.114412-srg.jar%23251!/:?]
	at net.minecraft.world.level.storage.loot.entries.LootItem$Serializer.m_7267_(LootItem.java:40) ~[server-1.20.1-20230612.114412-srg.jar%23251!/:?]
	at net.minecraft.world.level.storage.loot.entries.LootPoolSingletonContainer$Serializer.m_5921_(LootPoolSingletonContainer.java:151) ~[server-1.20.1-20230612.114412-srg.jar%23251!/:?]
	at net.minecraft.world.level.storage.loot.entries.LootPoolSingletonContainer$Serializer.m_5921_(LootPoolSingletonContainer.java:129) ~[server-1.20.1-20230612.114412-srg.jar%23251!/:?]
	at net.minecraft.world.level.storage.loot.entries.LootPoolEntryContainer$Serializer.m_7561_(LootPoolEntryContainer.java:86) ~[server-1.20.1-20230612.114412-srg.jar%23251!/:?]
	at net.minecraft.world.level.storage.loot.entries.LootPoolEntryContainer$Serializer.m_7561_(LootPoolEntryContainer.java:74) ~[server-1.20.1-20230612.114412-srg.jar%23251!/:?]
	at net.minecraft.world.level.storage.loot.GsonAdapterFactory$JsonAdapter.deserialize(GsonAdapterFactory.java:102) ~[server-1.20.1-20230612.114412-srg.jar%23251!/:?]
	at com.google.gson.internal.bind.TreeTypeAdapter.read(TreeTypeAdapter.java:76) ~[gson-2.10.jar%2370!/:?]
	at com.google.gson.internal.bind.TypeAdapterRuntimeTypeWrapper.read(TypeAdapterRuntimeTypeWrapper.java:40) ~[gson-2.10.jar%2370!/:?]
	at com.google.gson.internal.bind.ArrayTypeAdapter.read(ArrayTypeAdapter.java:72) ~[gson-2.10.jar%2370!/:?]
	at com.google.gson.Gson.fromJson(Gson.java:1214) ~[gson-2.10.jar%2370!/:?]
	at com.google.gson.Gson.fromJson(Gson.java:1319) ~[gson-2.10.jar%2370!/:?]
	at com.google.gson.Gson.fromJson(Gson.java:1290) ~[gson-2.10.jar%2370!/:?]
	at com.google.gson.internal.bind.TreeTypeAdapter$GsonContextImpl.deserialize(TreeTypeAdapter.java:179) ~[gson-2.10.jar%2370!/:?]
	at net.minecraft.util.GsonHelper.m_13808_(GsonHelper.java:463) ~[server-1.20.1-20230612.114412-srg.jar%23251!/:?]
	at net.minecraft.util.GsonHelper.m_13836_(GsonHelper.java:471) ~[server-1.20.1-20230612.114412-srg.jar%23251!/:?]
	at net.minecraft.world.level.storage.loot.LootPool$Serializer.deserialize(LootPool.java:192) ~[server-1.20.1-20230612.114412-srg.jar%23251!/:?]
	at net.minecraft.world.level.storage.loot.LootPool$Serializer.deserialize(LootPool.java:189) ~[server-1.20.1-20230612.114412-srg.jar%23251!/:?]
	at com.google.gson.internal.bind.TreeTypeAdapter.read(TreeTypeAdapter.java:76) ~[gson-2.10.jar%2370!/:?]
	at com.google.gson.internal.bind.TypeAdapterRuntimeTypeWrapper.read(TypeAdapterRuntimeTypeWrapper.java:40) ~[gson-2.10.jar%2370!/:?]
	at com.google.gson.internal.bind.ArrayTypeAdapter.read(ArrayTypeAdapter.java:72) ~[gson-2.10.jar%2370!/:?]
	at com.google.gson.Gson.fromJson(Gson.java:1214) ~[gson-2.10.jar%2370!/:?]
	at com.google.gson.Gson.fromJson(Gson.java:1319) ~[gson-2.10.jar%2370!/:?]
	at com.google.gson.Gson.fromJson(Gson.java:1290) ~[gson-2.10.jar%2370!/:?]
	at com.google.gson.internal.bind.TreeTypeAdapter$GsonContextImpl.deserialize(TreeTypeAdapter.java:179) ~[gson-2.10.jar%2370!/:?]
	at net.minecraft.util.GsonHelper.m_13808_(GsonHelper.java:463) ~[server-1.20.1-20230612.114412-srg.jar%23251!/:?]
	at net.minecraft.util.GsonHelper.m_13845_(GsonHelper.java:481) ~[server-1.20.1-20230612.114412-srg.jar%23251!/:?]
	at net.minecraft.world.level.storage.loot.LootTable$Serializer.deserialize(LootTable.java:294) ~[server-1.20.1-20230612.114412-srg.jar%23251!/:?]
	at net.minecraft.world.level.storage.loot.LootTable$Serializer.deserialize(LootTable.java:291) ~[server-1.20.1-20230612.114412-srg.jar%23251!/:?]
	at com.google.gson.internal.bind.TreeTypeAdapter.read(TreeTypeAdapter.java:76) ~[gson-2.10.jar%2370!/:?]
	at com.google.gson.Gson.fromJson(Gson.java:1214) ~[gson-2.10.jar%2370!/:?]
	at com.google.gson.Gson.fromJson(Gson.java:1319) ~[gson-2.10.jar%2370!/:?]
	at com.google.gson.Gson.fromJson(Gson.java:1261) ~[gson-2.10.jar%2370!/:?]
	at net.minecraftforge.common.ForgeHooks.loadLootTable(ForgeHooks.java:871) ~[forge-1.20.1-47.3.7-universal.jar%23256!/:?]
	at net.minecraftforge.common.ForgeHooks.lambda$getLootTableDeserializer$3(ForgeHooks.java:848) ~[forge-1.20.1-47.3.7-universal.jar%23256!/:?]
	at net.minecraft.world.level.storage.loot.LootDataType.deserialize(LootDataType.java:45) ~[server-1.20.1-20230612.114412-srg.jar%23251!/:?]
	at net.minecraft.world.level.storage.loot.LootDataManager.lambda$scheduleElementParse$4(LootDataManager.java:56) ~[server-1.20.1-20230612.114412-srg.jar%23251!/:?]
	at java.util.HashMap.forEach(HashMap.java:1421) ~[?:?]
	at net.minecraft.world.level.storage.loot.LootDataManager.m_278660_(LootDataManager.java:55) ~[server-1.20.1-20230612.114412-srg.jar%23251!/:?]
	at java.util.concurrent.CompletableFuture$AsyncRun.run(CompletableFuture.java:1804) ~[?:?]
	at java.util.concurrent.CompletableFuture$AsyncRun.exec(CompletableFuture.java:1796) ~[?:?]
	at java.util.concurrent.ForkJoinTask.doExec(ForkJoinTask.java:373) ~[?:?]
	at java.util.concurrent.ForkJoinPool$WorkQueue.topLevelExec(ForkJoinPool.java:1182) ~[?:?]
	at java.util.concurrent.ForkJoinPool.scan(ForkJoinPool.java:1655) ~[?:?]
	at java.util.concurrent.ForkJoinPool.runWorker(ForkJoinPool.java:1622) ~[?:?]
	at java.util.concurrent.ForkJoinWorkerThread.run(ForkJoinWorkerThread.java:165) ~[?:?]
[27Aug2026 20:10:16.772] [Worker-Main-1/ERROR] [net.minecraftforge.common.ForgeHooks/]: Couldn't parse element loot_tables:bygonenether:blocks/warped_nether_brick_vertical_slab
java.lang.IllegalArgumentException: Can't find block bygonenether:warped_nether_brick_vertical_slab
	at net.minecraft.world.level.storage.loot.predicates.LootItemBlockStatePropertyCondition$Serializer.m_81802_(LootItemBlockStatePropertyCondition.java:79) ~[server-1.20.1-20230612.114412-srg.jar%23251!/:?]
	at java.util.Optional.orElseThrow(Optional.java:403) ~[?:?]
	at net.minecraft.world.level.storage.loot.predicates.LootItemBlockStatePropertyCondition$Serializer.m_7561_(LootItemBlockStatePropertyCondition.java:79) ~[server-1.20.1-20230612.114412-srg.jar%23251!/:?]
	at net.minecraft.world.level.storage.loot.predicates.LootItemBlockStatePropertyCondition$Serializer.m_7561_(LootItemBlockStatePropertyCondition.java:68) ~[server-1.20.1-20230612.114412-srg.jar%23251!/:?]
	at net.minecraft.world.level.storage.loot.GsonAdapterFactory$JsonAdapter.deserialize(GsonAdapterFactory.java:102) ~[server-1.20.1-20230612.114412-srg.jar%23251!/:?]
	at com.google.gson.internal.bind.TreeTypeAdapter.read(TreeTypeAdapter.java:76) ~[gson-2.10.jar%2370!/:?]
	at com.google.gson.internal.bind.TypeAdapterRuntimeTypeWrapper.read(TypeAdapterRuntimeTypeWrapper.java:40) ~[gson-2.10.jar%2370!/:?]
	at com.google.gson.internal.bind.ArrayTypeAdapter.read(ArrayTypeAdapter.java:72) ~[gson-2.10.jar%2370!/:?]
	at com.google.gson.Gson.fromJson(Gson.java:1214) ~[gson-2.10.jar%2370!/:?]
	at com.google.gson.Gson.fromJson(Gson.java:1319) ~[gson-2.10.jar%2370!/:?]
	at com.google.gson.Gson.fromJson(Gson.java:1290) ~[gson-2.10.jar%2370!/:?]
	at com.google.gson.internal.bind.TreeTypeAdapter$GsonContextImpl.deserialize(TreeTypeAdapter.java:179) ~[gson-2.10.jar%2370!/:?]
	at net.minecraft.util.GsonHelper.m_13808_(GsonHelper.java:463) ~[server-1.20.1-20230612.114412-srg.jar%23251!/:?]
	at net.minecraft.util.GsonHelper.m_13845_(GsonHelper.java:481) ~[server-1.20.1-20230612.114412-srg.jar%23251!/:?]
	at net.minecraft.world.level.storage.loot.functions.LootItemConditionalFunction$Serializer.m_7561_(LootItemConditionalFunction.java:98) ~[server-1.20.1-20230612.114412-srg.jar%23251!/:?]
	at net.minecraft.world.level.storage.loot.functions.LootItemConditionalFunction$Serializer.m_7561_(LootItemConditionalFunction.java:88) ~[server-1.20.1-20230612.114412-srg.jar%23251!/:?]
	at net.minecraft.world.level.storage.loot.GsonAdapterFactory$JsonAdapter.deserialize(GsonAdapterFactory.java:102) ~[server-1.20.1-20230612.114412-srg.jar%23251!/:?]
	at com.google.gson.internal.bind.TreeTypeAdapter.read(TreeTypeAdapter.java:76) ~[gson-2.10.jar%2370!/:?]
	at com.google.gson.internal.bind.TypeAdapterRuntimeTypeWrapper.read(TypeAdapterRuntimeTypeWrapper.java:40) ~[gson-2.10.jar%2370!/:?]
	at com.google.gson.internal.bind.ArrayTypeAdapter.read(ArrayTypeAdapter.java:72) ~[gson-2.10.jar%2370!/:?]
	at com.google.gson.Gson.fromJson(Gson.java:1214) ~[gson-2.10.jar%2370!/:?]
	at com.google.gson.Gson.fromJson(Gson.java:1319) ~[gson-2.10.jar%2370!/:?]
	at com.google.gson.Gson.fromJson(Gson.java:1290) ~[gson-2.10.jar%2370!/:?]
	at com.google.gson.internal.bind.TreeTypeAdapter$GsonContextImpl.deserialize(TreeTypeAdapter.java:179) ~[gson-2.10.jar%2370!/:?]
	at net.minecraft.util.GsonHelper.m_13808_(GsonHelper.java:463) ~[server-1.20.1-20230612.114412-srg.jar%23251!/:?]
	at net.minecraft.util.GsonHelper.m_13845_(GsonHelper.java:481) ~[server-1.20.1-20230612.114412-srg.jar%23251!/:?]
	at net.minecraft.world.level.storage.loot.entries.LootPoolSingletonContainer$Serializer.m_5921_(LootPoolSingletonContainer.java:149) ~[server-1.20.1-20230612.114412-srg.jar%23251!/:?]
	at net.minecraft.world.level.storage.loot.entries.LootPoolSingletonContainer$Serializer.m_5921_(LootPoolSingletonContainer.java:129) ~[server-1.20.1-20230612.114412-srg.jar%23251!/:?]
	at net.minecraft.world.level.storage.loot.entries.LootPoolEntryContainer$Serializer.m_7561_(LootPoolEntryContainer.java:86) ~[server-1.20.1-20230612.114412-srg.jar%23251!/:?]
	at net.minecraft.world.level.storage.loot.entries.LootPoolEntryContainer$Serializer.m_7561_(LootPoolEntryContainer.java:74) ~[server-1.20.1-20230612.114412-srg.jar%23251!/:?]
	at net.minecraft.world.level.storage.loot.GsonAdapterFactory$JsonAdapter.deserialize(GsonAdapterFactory.java:102) ~[server-1.20.1-20230612.114412-srg.jar%23251!/:?]
	at com.google.gson.internal.bind.TreeTypeAdapter.read(TreeTypeAdapter.java:76) ~[gson-2.10.jar%2370!/:?]
	at com.google.gson.internal.bind.TypeAdapterRuntimeTypeWrapper.read(TypeAdapterRuntimeTypeWrapper.java:40) ~[gson-2.10.jar%2370!/:?]
	at com.google.gson.internal.bind.ArrayTypeAdapter.read(ArrayTypeAdapter.java:72) ~[gson-2.10.jar%2370!/:?]
	at com.google.gson.Gson.fromJson(Gson.java:1214) ~[gson-2.10.jar%2370!/:?]
	at com.google.gson.Gson.fromJson(Gson.java:1319) ~[gson-2.10.jar%2370!/:?]
	at com.google.gson.Gson.fromJson(Gson.java:1290) ~[gson-2.10.jar%2370!/:?]
	at com.google.gson.internal.bind.TreeTypeAdapter$GsonContextImpl.deserialize(TreeTypeAdapter.java:179) ~[gson-2.10.jar%2370!/:?]
	at net.minecraft.util.GsonHelper.m_13808_(GsonHelper.java:463) ~[server-1.20.1-20230612.114412-srg.jar%23251!/:?]
	at net.minecraft.util.GsonHelper.m_13836_(GsonHelper.java:471) ~[server-1.20.1-20230612.114412-srg.jar%23251!/:?]
	at net.minecraft.world.level.storage.loot.LootPool$Serializer.deserialize(LootPool.java:192) ~[server-1.20.1-20230612.114412-srg.jar%23251!/:?]
	at net.minecraft.world.level.storage.loot.LootPool$Serializer.deserialize(LootPool.java:189) ~[server-1.20.1-20230612.114412-srg.jar%23251!/:?]
	at com.google.gson.internal.bind.TreeTypeAdapter.read(TreeTypeAdapter.java:76) ~[gson-2.10.jar%2370!/:?]
	at com.google.gson.internal.bind.TypeAdapterRuntimeTypeWrapper.read(TypeAdapterRuntimeTypeWrapper.java:40) ~[gson-2.10.jar%2370!/:?]
	at com.google.gson.internal.bind.ArrayTypeAdapter.read(ArrayTypeAdapter.java:72) ~[gson-2.10.jar%2370!/:?]
	at com.google.gson.Gson.fromJson(Gson.java:1214) ~[gson-2.10.jar%2370!/:?]
	at com.google.gson.Gson.fromJson(Gson.java:1319) ~[gson-2.10.jar%2370!/:?]
	at com.google.gson.Gson.fromJson(Gson.java:1290) ~[gson-2.10.jar%2370!/:?]
	at com.google.gson.internal.bind.TreeTypeAdapter$GsonContextImpl.deserialize(TreeTypeAdapter.java:179) ~[gson-2.10.jar%2370!/:?]
	at net.minecraft.util.GsonHelper.m_13808_(GsonHelper.java:463) ~[server-1.20.1-20230612.114412-srg.jar%23251!/:?]
	at net.minecraft.util.GsonHelper.m_13845_(GsonHelper.java:481) ~[server-1.20.1-20230612.114412-srg.jar%23251!/:?]
	at net.minecraft.world.level.storage.loot.LootTable$Serializer.deserialize(LootTable.java:294) ~[server-1.20.1-20230612.114412-srg.jar%23251!/:?]
	at net.minecraft.world.level.storage.loot.LootTable$Serializer.deserialize(LootTable.java:291) ~[server-1.20.1-20230612.114412-srg.jar%23251!/:?]
	at com.google.gson.internal.bind.TreeTypeAdapter.read(TreeTypeAdapter.java:76) ~[gson-2.10.jar%2370!/:?]
	at com.google.gson.Gson.fromJson(Gson.java:1214) ~[gson-2.10.jar%2370!/:?]
	at com.google.gson.Gson.fromJson(Gson.java:1319) ~[gson-2.10.jar%2370!/:?]
	at com.google.gson.Gson.fromJson(Gson.java:1261) ~[gson-2.10.jar%2370!/:?]
	at net.minecraftforge.common.ForgeHooks.loadLootTable(ForgeHooks.java:871) ~[forge-1.20.1-47.3.7-universal.jar%23256!/:?]
	at net.minecraftforge.common.ForgeHooks.lambda$getLootTableDeserializer$3(ForgeHooks.java:848) ~[forge-1.20.1-47.3.7-universal.jar%23256!/:?]
	at net.minecraft.world.level.storage.loot.LootDataType.deserialize(LootDataType.java:45) ~[server-1.20.1-20230612.114412-srg.jar%23251!/:?]
	at net.minecraft.world.level.storage.loot.LootDataManager.lambda$scheduleElementParse$4(LootDataManager.java:56) ~[server-1.20.1-20230612.114412-srg.jar%23251!/:?]
	at java.util.HashMap.forEach(HashMap.java:1421) ~[?:?]
	at net.minecraft.world.level.storage.loot.LootDataManager.m_278660_(LootDataManager.java:55) ~[server-1.20.1-20230612.114412-srg.jar%23251!/:?]
	at java.util.concurrent.CompletableFuture$AsyncRun.run(CompletableFuture.java:1804) ~[?:?]
	at java.util.concurrent.CompletableFuture$AsyncRun.exec(CompletableFuture.java:1796) ~[?:?]
	at java.util.concurrent.ForkJoinTask.doExec(ForkJoinTask.java:373) ~[?:?]
	at java.util.concurrent.ForkJoinPool$WorkQueue.topLevelExec(ForkJoinPool.java:1182) ~[?:?]
	at java.util.concurrent.ForkJoinPool.scan(ForkJoinPool.java:1655) ~[?:?]
	at java.util.concurrent.ForkJoinPool.runWorker(ForkJoinPool.java:1622) ~[?:?]
	at java.util.concurrent.ForkJoinWorkerThread.run(ForkJoinWorkerThread.java:165) ~[?:?]
[27Aug2026 20:10:16.776] [Worker-Main-1/ERROR] [net.minecraftforge.common.ForgeHooks/]: Couldn't parse element loot_tables:decocraft:blocks/school_desk_open_lime
com.google.gson.JsonSyntaxException: Expected name to be an item, was unknown string 'decocraft:school_desk_open_lime'
	at net.minecraft.util.GsonHelper.m_13866_(GsonHelper.java:145) ~[server-1.20.1-20230612.114412-srg.jar%23251!/:?]
	at java.util.Optional.orElseThrow(Optional.java:403) ~[?:?]
	at net.minecraft.util.GsonHelper.m_13874_(GsonHelper.java:145) ~[server-1.20.1-20230612.114412-srg.jar%23251!/:?]
	at net.minecraft.util.GsonHelper.m_13909_(GsonHelper.java:153) ~[server-1.20.1-20230612.114412-srg.jar%23251!/:?]
	at net.minecraft.world.level.storage.loot.entries.LootItem$Serializer.m_7267_(LootItem.java:55) ~[server-1.20.1-20230612.114412-srg.jar%23251!/:?]
	at net.minecraft.world.level.storage.loot.entries.LootItem$Serializer.m_7267_(LootItem.java:40) ~[server-1.20.1-20230612.114412-srg.jar%23251!/:?]
	at net.minecraft.world.level.storage.loot.entries.LootPoolSingletonContainer$Serializer.m_5921_(LootPoolSingletonContainer.java:151) ~[server-1.20.1-20230612.114412-srg.jar%23251!/:?]
	at net.minecraft.world.level.storage.loot.entries.LootPoolSingletonContainer$Serializer.m_5921_(LootPoolSingletonContainer.java:129) ~[server-1.20.1-20230612.114412-srg.jar%23251!/:?]
	at net.minecraft.world.level.storage.loot.entries.LootPoolEntryContainer$Serializer.m_7561_(LootPoolEntryContainer.java:86) ~[server-1.20.1-20230612.114412-srg.jar%23251!/:?]
	at net.minecraft.world.level.storage.loot.entries.LootPoolEntryContainer$Serializer.m_7561_(LootPoolEntryContainer.java:74) ~[server-1.20.1-20230612.114412-srg.jar%23251!/:?]
	at net.minecraft.world.level.storage.loot.GsonAdapterFactory$JsonAdapter.deserialize(GsonAdapterFactory.java:102) ~[server-1.20.1-20230612.114412-srg.jar%23251!/:?]
	at com.google.gson.internal.bind.TreeTypeAdapter.read(TreeTypeAdapter.java:76) ~[gson-2.10.jar%2370!/:?]
	at com.google.gson.internal.bind.TypeAdapterRuntimeTypeWrapper.read(TypeAdapterRuntimeTypeWrapper.java:40) ~[gson-2.10.jar%2370!/:?]
	at com.google.gson.internal.bind.ArrayTypeAdapter.read(ArrayTypeAdapter.java:72) ~[gson-2.10.jar%2370!/:?]
	at com.google.gson.Gson.fromJson(Gson.java:1214) ~[gson-2.10.jar%2370!/:?]
	at com.google.gson.Gson.fromJson(Gson.java:1319) ~[gson-2.10.jar%2370!/:?]
	at com.google.gson.Gson.fromJson(Gson.java:1290) ~[gson-2.10.jar%2370!/:?]
	at com.google.gson.internal.bind.TreeTypeAdapter$GsonContextImpl.deserialize(TreeTypeAdapter.java:179) ~[gson-2.10.jar%2370!/:?]
	at net.minecraft.util.GsonHelper.m_13808_(GsonHelper.java:463) ~[server-1.20.1-20230612.114412-srg.jar%23251!/:?]
	at net.minecraft.util.GsonHelper.m_13836_(GsonHelper.java:471) ~[server-1.20.1-20230612.114412-srg.jar%23251!/:?]
	at net.minecraft.world.level.storage.loot.LootPool$Serializer.deserialize(LootPool.java:192) ~[server-1.20.1-20230612.114412-srg.jar%23251!/:?]
	at net.minecraft.world.level.storage.loot.LootPool$Serializer.deserialize(LootPool.java:189) ~[server-1.20.1-20230612.114412-srg.jar%23251!/:?]
	at com.google.gson.internal.bind.TreeTypeAdapter.read(TreeTypeAdapter.java:76) ~[gson-2.10.jar%2370!/:?]
	at com.google.gson.internal.bind.TypeAdapterRuntimeTypeWrapper.read(TypeAdapterRuntimeTypeWrapper.java:40) ~[gson-2.10.jar%2370!/:?]
	at com.google.gson.internal.bind.ArrayTypeAdapter.read(ArrayTypeAdapter.java:72) ~[gson-2.10.jar%2370!/:?]
	at com.google.gson.Gson.fromJson(Gson.java:1214) ~[gson-2.10.jar%2370!/:?]
	at com.google.gson.Gson.fromJson(Gson.java:1319) ~[gson-2.10.jar%2370!/:?]
	at com.google.gson.Gson.fromJson(Gson.java:1290) ~[gson-2.10.jar%2370!/:?]
	at com.google.gson.internal.bind.TreeTypeAdapter$GsonContextImpl.deserialize(TreeTypeAdapter.java:179) ~[gson-2.10.jar%2370!/:?]
	at net.minecraft.util.GsonHelper.m_13808_(GsonHelper.java:463) ~[server-1.20.1-20230612.114412-srg.jar%23251!/:?]
	at net.minecraft.util.GsonHelper.m_13845_(GsonHelper.java:481) ~[server-1.20.1-20230612.114412-srg.jar%23251!/:?]
	at net.minecraft.world.level.storage.loot.LootTable$Serializer.deserialize(LootTable.java:294) ~[server-1.20.1-20230612.114412-srg.jar%23251!/:?]
	at net.minecraft.world.level.storage.loot.LootTable$Serializer.deserialize(LootTable.java:291) ~[server-1.20.1-20230612.114412-srg.jar%23251!/:?]
	at com.google.gson.internal.bind.TreeTypeAdapter.read(TreeTypeAdapter.java:76) ~[gson-2.10.jar%2370!/:?]
	at com.google.gson.Gson.fromJson(Gson.java:1214) ~[gson-2.10.jar%2370!/:?]
	at com.google.gson.Gson.fromJson(Gson.java:1319) ~[gson-2.10.jar%2370!/:?]
	at com.google.gson.Gson.fromJson(Gson.java:1261) ~[gson-2.10.jar%2370!/:?]
	at net.minecraftforge.common.ForgeHooks.loadLootTable(ForgeHooks.java:871) ~[forge-1.20.1-47.3.7-universal.jar%23256!/:?]
	at net.minecraftforge.common.ForgeHooks.lambda$getLootTableDeserializer$3(ForgeHooks.java:848) ~[forge-1.20.1-47.3.7-universal.jar%23256!/:?]
	at net.minecraft.world.level.storage.loot.LootDataType.deserialize(LootDataType.java:45) ~[server-1.20.1-20230612.114412-srg.jar%23251!/:?]
	at net.minecraft.world.level.storage.loot.LootDataManager.lambda$scheduleElementParse$4(LootDataManager.java:56) ~[server-1.20.1-20230612.114412-srg.jar%23251!/:?]
	at java.util.HashMap.forEach(HashMap.java:1421) ~[?:?]
	at net.minecraft.world.level.storage.loot.LootDataManager.m_278660_(LootDataManager.java:55) ~[server-1.20.1-20230612.114412-srg.jar%23251!/:?]
	at java.util.concurrent.CompletableFuture$AsyncRun.run(CompletableFuture.java:1804) ~[?:?]
	at java.util.concurrent.CompletableFuture$AsyncRun.exec(CompletableFuture.java:1796) ~[?:?]
	at java.util.concurrent.ForkJoinTask.doExec(ForkJoinTask.java:373) ~[?:?]
	at java.util.concurrent.ForkJoinPool$WorkQueue.topLevelExec(ForkJoinPool.java:1182) ~[?:?]
	at java.util.concurrent.ForkJoinPool.scan(ForkJoinPool.java:1655) ~[?:?]
	at java.util.concurrent.ForkJoinPool.runWorker(ForkJoinPool.java:1622) ~[?:?]
	at java.util.concurrent.ForkJoinWorkerThread.run(ForkJoinWorkerThread.java:165) ~[?:?]
[27Aug2026 20:10:17.179] [Worker-Main-2/ERROR] [com.nukateam.ntgl.Ntgl/]: Missing required properties for ntgl:cc/equipment/t45/t45_body.json
[27Aug2026 20:10:17.180] [Worker-Main-2/INFO] [STDERR/]: [com.nukateam.chassis_core.modules.config.utils.ConfigUtils:lambda$getConfigMap$2:74]: java.io.InvalidObjectException: Missing required property: id
[27Aug2026 20:10:17.180] [Worker-Main-2/INFO] [STDERR/]: [com.nukateam.chassis_core.modules.config.utils.ConfigUtils:lambda$getConfigMap$2:74]: 	at TRANSFORMER/ntgl@3.1.2/com.nukateam.chassis_core.modules.config.annotation.Validator.isValidObject(Validator.java:30)
[27Aug2026 20:10:17.180] [Worker-Main-2/INFO] [STDERR/]: [com.nukateam.chassis_core.modules.config.utils.ConfigUtils:lambda$getConfigMap$2:74]: 	at TRANSFORMER/ntgl@3.1.2/com.nukateam.chassis_core.modules.config.utils.ConfigUtils.lambda$getConfigMap$2(ConfigUtils.java:64)
[27Aug2026 20:10:17.181] [Worker-Main-2/INFO] [STDERR/]: [com.nukateam.chassis_core.modules.config.utils.ConfigUtils:lambda$getConfigMap$2:74]: 	at java.base/java.util.Optional.ifPresent(Optional.java:178)
[27Aug2026 20:10:17.181] [Worker-Main-2/INFO] [STDERR/]: [com.nukateam.chassis_core.modules.config.utils.ConfigUtils:lambda$getConfigMap$2:74]: 	at TRANSFORMER/ntgl@3.1.2/com.nukateam.chassis_core.modules.config.utils.ConfigUtils.lambda$getConfigMap$3(ConfigUtils.java:59)
[27Aug2026 20:10:17.181] [Worker-Main-2/INFO] [STDERR/]: [com.nukateam.chassis_core.modules.config.utils.ConfigUtils:lambda$getConfigMap$2:74]: 	at java.base/java.util.ArrayList.forEach(ArrayList.java:1511)
[27Aug2026 20:10:17.181] [Worker-Main-2/INFO] [STDERR/]: [com.nukateam.chassis_core.modules.config.utils.ConfigUtils:lambda$getConfigMap$2:74]: 	at TRANSFORMER/ntgl@3.1.2/com.nukateam.chassis_core.modules.config.utils.ConfigUtils.lambda$getConfigMap$4(ConfigUtils.java:46)
[27Aug2026 20:10:17.181] [Worker-Main-2/INFO] [STDERR/]: [com.nukateam.chassis_core.modules.config.utils.ConfigUtils:lambda$getConfigMap$2:74]: 	at java.base/java.util.stream.ForEachOps$ForEachOp$OfRef.accept(ForEachOps.java:183)
[27Aug2026 20:10:17.181] [Worker-Main-2/INFO] [STDERR/]: [com.nukateam.chassis_core.modules.config.utils.ConfigUtils:lambda$getConfigMap$2:74]: 	at java.base/java.util.stream.ReferencePipeline$2$1.accept(ReferencePipeline.java:179)
[27Aug2026 20:10:17.181] [Worker-Main-2/INFO] [STDERR/]: [com.nukateam.chassis_core.modules.config.utils.ConfigUtils:lambda$getConfigMap$2:74]: 	at java.base/java.util.Iterator.forEachRemaining(Iterator.java:133)
[27Aug2026 20:10:17.182] [Worker-Main-2/INFO] [STDERR/]: [com.nukateam.chassis_core.modules.config.utils.ConfigUtils:lambda$getConfigMap$2:74]: 	at java.base/java.util.Spliterators$IteratorSpliterator.forEachRemaining(Spliterators.java:1845)
[27Aug2026 20:10:17.182] [Worker-Main-2/INFO] [STDERR/]: [com.nukateam.chassis_core.modules.config.utils.ConfigUtils:lambda$getConfigMap$2:74]: 	at java.base/java.util.stream.AbstractPipeline.copyInto(AbstractPipeline.java:509)
[27Aug2026 20:10:17.182] [Worker-Main-2/INFO] [STDERR/]: [com.nukateam.chassis_core.modules.config.utils.ConfigUtils:lambda$getConfigMap$2:74]: 	at java.base/java.util.stream.AbstractPipeline.wrapAndCopyInto(AbstractPipeline.java:499)
[27Aug2026 20:10:17.182] [Worker-Main-2/INFO] [STDERR/]: [com.nukateam.chassis_core.modules.config.utils.ConfigUtils:lambda$getConfigMap$2:74]: 	at java.base/java.util.stream.ForEachOps$ForEachOp.evaluateSequential(ForEachOps.java:150)
[27Aug2026 20:10:17.182] [Worker-Main-2/INFO] [STDERR/]: [com.nukateam.chassis_core.modules.config.utils.ConfigUtils:lambda$getConfigMap$2:74]: 	at java.base/java.util.stream.ForEachOps$ForEachOp$OfRef.evaluateSequential(ForEachOps.java:173)
[27Aug2026 20:10:17.182] [Worker-Main-2/INFO] [STDERR/]: [com.nukateam.chassis_core.modules.config.utils.ConfigUtils:lambda$getConfigMap$2:74]: 	at java.base/java.util.stream.AbstractPipeline.evaluate(AbstractPipeline.java:234)
[27Aug2026 20:10:17.182] [Worker-Main-2/INFO] [STDERR/]: [com.nukateam.chassis_core.modules.config.utils.ConfigUtils:lambda$getConfigMap$2:74]: 	at java.base/java.util.stream.ReferencePipeline.forEach(ReferencePipeline.java:596)
[27Aug2026 20:10:17.183] [Worker-Main-2/INFO] [STDERR/]: [com.nukateam.chassis_core.modules.config.utils.ConfigUtils:lambda$getConfigMap$2:74]: 	at TRANSFORMER/ntgl@3.1.2/com.nukateam.chassis_core.modules.config.utils.ConfigUtils.getConfigMap(ConfigUtils.java:34)
[27Aug2026 20:10:17.183] [Worker-Main-2/INFO] [STDERR/]: [com.nukateam.chassis_core.modules.config.utils.ConfigUtils:lambda$getConfigMap$2:74]: 	at TRANSFORMER/ntgl@3.1.2/com.nukateam.ntgl.modules.datapack.managers.NetworkEquipmentManager.prepare(NetworkEquipmentManager.java:46)
[27Aug2026 20:10:17.183] [Worker-Main-2/INFO] [STDERR/]: [com.nukateam.chassis_core.modules.config.utils.ConfigUtils:lambda$getConfigMap$2:74]: 	at TRANSFORMER/ntgl@3.1.2/com.nukateam.ntgl.modules.datapack.managers.NetworkEquipmentManager.m_5944_(NetworkEquipmentManager.java:29)
[27Aug2026 20:10:17.183] [Worker-Main-2/INFO] [STDERR/]: [com.nukateam.chassis_core.modules.config.utils.ConfigUtils:lambda$getConfigMap$2:74]: 	at TRANSFORMER/minecraft@1.20.1/net.minecraft.server.packs.resources.SimplePreparableReloadListener.m_10786_(SimplePreparableReloadListener.java:11)
[27Aug2026 20:10:17.183] [Worker-Main-2/INFO] [STDERR/]: [com.nukateam.chassis_core.modules.config.utils.ConfigUtils:lambda$getConfigMap$2:74]: 	at java.base/java.util.concurrent.CompletableFuture$AsyncSupply.run(CompletableFuture.java:1768)
[27Aug2026 20:10:17.183] [Worker-Main-2/INFO] [STDERR/]: [com.nukateam.chassis_core.modules.config.utils.ConfigUtils:lambda$getConfigMap$2:74]: 	at java.base/java.util.concurrent.CompletableFuture$AsyncSupply.exec(CompletableFuture.java:1760)
[27Aug2026 20:10:17.184] [Worker-Main-2/INFO] [STDERR/]: [com.nukateam.chassis_core.modules.config.utils.ConfigUtils:lambda$getConfigMap$2:74]: 	at java.base/java.util.concurrent.ForkJoinTask.doExec(ForkJoinTask.java:373)
[27Aug2026 20:10:17.184] [Worker-Main-2/INFO] [STDERR/]: [com.nukateam.chassis_core.modules.config.utils.ConfigUtils:lambda$getConfigMap$2:74]: 	at java.base/java.util.concurrent.ForkJoinPool$WorkQueue.topLevelExec(ForkJoinPool.java:1182)
[27Aug2026 20:10:17.184] [Worker-Main-2/INFO] [STDERR/]: [com.nukateam.chassis_core.modules.config.utils.ConfigUtils:lambda$getConfigMap$2:74]: 	at java.base/java.util.concurrent.ForkJoinPool.scan(ForkJoinPool.java:1655)
[27Aug2026 20:10:17.184] [Worker-Main-2/INFO] [STDERR/]: [com.nukateam.chassis_core.modules.config.utils.ConfigUtils:lambda$getConfigMap$2:74]: 	at java.base/java.util.concurrent.ForkJoinPool.runWorker(ForkJoinPool.java:1622)
[27Aug2026 20:10:17.184] [Worker-Main-2/INFO] [STDERR/]: [com.nukateam.chassis_core.modules.config.utils.ConfigUtils:lambda$getConfigMap$2:74]: 	at java.base/java.util.concurrent.ForkJoinWorkerThread.run(ForkJoinWorkerThread.java:165)
[27Aug2026 20:10:17.184] [Worker-Main-2/ERROR] [com.nukateam.ntgl.Ntgl/]: Missing required properties for ntgl:cc/equipment/t45/t45_helmet.json
[27Aug2026 20:10:17.185] [Worker-Main-2/INFO] [STDERR/]: [com.nukateam.chassis_core.modules.config.utils.ConfigUtils:lambda$getConfigMap$2:74]: java.io.InvalidObjectException: Missing required property: id
[27Aug2026 20:10:17.185] [Worker-Main-2/INFO] [STDERR/]: [com.nukateam.chassis_core.modules.config.utils.ConfigUtils:lambda$getConfigMap$2:74]: 	at TRANSFORMER/ntgl@3.1.2/com.nukateam.chassis_core.modules.config.annotation.Validator.isValidObject(Validator.java:30)
[27Aug2026 20:10:17.185] [Worker-Main-2/INFO] [STDERR/]: [com.nukateam.chassis_core.modules.config.utils.ConfigUtils:lambda$getConfigMap$2:74]: 	at TRANSFORMER/ntgl@3.1.2/com.nukateam.chassis_core.modules.config.utils.ConfigUtils.lambda$getConfigMap$2(ConfigUtils.java:64)
[27Aug2026 20:10:17.185] [Worker-Main-2/INFO] [STDERR/]: [com.nukateam.chassis_core.modules.config.utils.ConfigUtils:lambda$getConfigMap$2:74]: 	at java.base/java.util.Optional.ifPresent(Optional.java:178)
[27Aug2026 20:10:17.185] [Worker-Main-2/INFO] [STDERR/]: [com.nukateam.chassis_core.modules.config.utils.ConfigUtils:lambda$getConfigMap$2:74]: 	at TRANSFORMER/ntgl@3.1.2/com.nukateam.chassis_core.modules.config.utils.ConfigUtils.lambda$getConfigMap$3(ConfigUtils.java:59)
[27Aug2026 20:10:17.185] [Worker-Main-2/INFO] [STDERR/]: [com.nukateam.chassis_core.modules.config.utils.ConfigUtils:lambda$getConfigMap$2:74]: 	at java.base/java.util.ArrayList.forEach(ArrayList.java:1511)
[27Aug2026 20:10:17.185] [Worker-Main-2/INFO] [STDERR/]: [com.nukateam.chassis_core.modules.config.utils.ConfigUtils:lambda$getConfigMap$2:74]: 	at TRANSFORMER/ntgl@3.1.2/com.nukateam.chassis_core.modules.config.utils.ConfigUtils.lambda$getConfigMap$4(ConfigUtils.java:46)
[27Aug2026 20:10:17.185] [Worker-Main-2/INFO] [STDERR/]: [com.nukateam.chassis_core.modules.config.utils.ConfigUtils:lambda$getConfigMap$2:74]: 	at java.base/java.util.stream.ForEachOps$ForEachOp$OfRef.accept(ForEachOps.java:183)
[27Aug2026 20:10:17.186] [Worker-Main-2/INFO] [STDERR/]: [com.nukateam.chassis_core.modules.config.utils.ConfigUtils:lambda$getConfigMap$2:74]: 	at java.base/java.util.stream.ReferencePipeline$2$1.accept(ReferencePipeline.java:179)
[27Aug2026 20:10:17.186] [Worker-Main-2/INFO] [STDERR/]: [com.nukateam.chassis_core.modules.config.utils.ConfigUtils:lambda$getConfigMap$2:74]: 	at java.base/java.util.Iterator.forEachRemaining(Iterator.java:133)
[27Aug2026 20:10:17.186] [Worker-Main-2/INFO] [STDERR/]: [com.nukateam.chassis_core.modules.config.utils.ConfigUtils:lambda$getConfigMap$2:74]: 	at java.base/java.util.Spliterators$IteratorSpliterator.forEachRemaining(Spliterators.java:1845)
[27Aug2026 20:10:17.186] [Worker-Main-2/INFO] [STDERR/]: [com.nukateam.chassis_core.modules.config.utils.ConfigUtils:lambda$getConfigMap$2:74]: 	at java.base/java.util.stream.AbstractPipeline.copyInto(AbstractPipeline.java:509)
[27Aug2026 20:10:17.186] [Worker-Main-2/INFO] [STDERR/]: [com.nukateam.chassis_core.modules.config.utils.ConfigUtils:lambda$getConfigMap$2:74]: 	at java.base/java.util.stream.AbstractPipeline.wrapAndCopyInto(AbstractPipeline.java:499)
[27Aug2026 20:10:17.186] [Worker-Main-2/INFO] [STDERR/]: [com.nukateam.chassis_core.modules.config.utils.ConfigUtils:lambda$getConfigMap$2:74]: 	at java.base/java.util.stream.ForEachOps$ForEachOp.evaluateSequential(ForEachOps.java:150)
[27Aug2026 20:10:17.186] [Worker-Main-2/INFO] [STDERR/]: [com.nukateam.chassis_core.modules.config.utils.ConfigUtils:lambda$getConfigMap$2:74]: 	at java.base/java.util.stream.ForEachOps$ForEachOp$OfRef.evaluateSequential(ForEachOps.java:173)
[27Aug2026 20:10:17.186] [Worker-Main-2/INFO] [STDERR/]: [com.nukateam.chassis_core.modules.config.utils.ConfigUtils:lambda$getConfigMap$2:74]: 	at java.base/java.util.stream.AbstractPipeline.evaluate(AbstractPipeline.java:234)
[27Aug2026 20:10:17.186] [Worker-Main-2/INFO] [STDERR/]: [com.nukateam.chassis_core.modules.config.utils.ConfigUtils:lambda$getConfigMap$2:74]: 	at java.base/java.util.stream.ReferencePipeline.forEach(ReferencePipeline.java:596)
[27Aug2026 20:10:17.187] [Worker-Main-2/INFO] [STDERR/]: [com.nukateam.chassis_core.modules.config.utils.ConfigUtils:lambda$getConfigMap$2:74]: 	at TRANSFORMER/ntgl@3.1.2/com.nukateam.chassis_core.modules.config.utils.ConfigUtils.getConfigMap(ConfigUtils.java:34)
[27Aug2026 20:10:17.187] [Worker-Main-2/INFO] [STDERR/]: [com.nukateam.chassis_core.modules.config.utils.ConfigUtils:lambda$getConfigMap$2:74]: 	at TRANSFORMER/ntgl@3.1.2/com.nukateam.ntgl.modules.datapack.managers.NetworkEquipmentManager.prepare(NetworkEquipmentManager.java:46)
[27Aug2026 20:10:17.187] [Worker-Main-2/INFO] [STDERR/]: [com.nukateam.chassis_core.modules.config.utils.ConfigUtils:lambda$getConfigMap$2:74]: 	at TRANSFORMER/ntgl@3.1.2/com.nukateam.ntgl.modules.datapack.managers.NetworkEquipmentManager.m_5944_(NetworkEquipmentManager.java:29)
[27Aug2026 20:10:17.187] [Worker-Main-2/INFO] [STDERR/]: [com.nukateam.chassis_core.modules.config.utils.ConfigUtils:lambda$getConfigMap$2:74]: 	at TRANSFORMER/minecraft@1.20.1/net.minecraft.server.packs.resources.SimplePreparableReloadListener.m_10786_(SimplePreparableReloadListener.java:11)
[27Aug2026 20:10:17.187] [Worker-Main-2/INFO] [STDERR/]: [com.nukateam.chassis_core.modules.config.utils.ConfigUtils:lambda$getConfigMap$2:74]: 	at java.base/java.util.concurrent.CompletableFuture$AsyncSupply.run(CompletableFuture.java:1768)
[27Aug2026 20:10:17.187] [Worker-Main-2/INFO] [STDERR/]: [com.nukateam.chassis_core.modules.config.utils.ConfigUtils:lambda$getConfigMap$2:74]: 	at java.base/java.util.concurrent.CompletableFuture$AsyncSupply.exec(CompletableFuture.java:1760)
[27Aug2026 20:10:17.187] [Worker-Main-2/INFO] [STDERR/]: [com.nukateam.chassis_core.modules.config.utils.ConfigUtils:lambda$getConfigMap$2:74]: 	at java.base/java.util.concurrent.ForkJoinTask.doExec(ForkJoinTask.java:373)
[27Aug2026 20:10:17.187] [Worker-Main-2/INFO] [STDERR/]: [com.nukateam.chassis_core.modules.config.utils.ConfigUtils:lambda$getConfigMap$2:74]: 	at java.base/java.util.concurrent.ForkJoinPool$WorkQueue.topLevelExec(ForkJoinPool.java:1182)
[27Aug2026 20:10:17.187] [Worker-Main-2/INFO] [STDERR/]: [com.nukateam.chassis_core.modules.config.utils.ConfigUtils:lambda$getConfigMap$2:74]: 	at java.base/java.util.concurrent.ForkJoinPool.scan(ForkJoinPool.java:1655)
[27Aug2026 20:10:17.188] [Worker-Main-2/INFO] [STDERR/]: [com.nukateam.chassis_core.modules.config.utils.ConfigUtils:lambda$getConfigMap$2:74]: 	at java.base/java.util.concurrent.ForkJoinPool.runWorker(ForkJoinPool.java:1622)
[27Aug2026 20:10:17.188] [Worker-Main-2/INFO] [STDERR/]: [com.nukateam.chassis_core.modules.config.utils.ConfigUtils:lambda$getConfigMap$2:74]: 	at java.base/java.util.concurrent.ForkJoinWorkerThread.run(ForkJoinWorkerThread.java:165)
[27Aug2026 20:10:17.188] [Worker-Main-2/ERROR] [com.nukateam.ntgl.Ntgl/]: Missing required properties for ntgl:cc/equipment/t45/t45_left_arm.json
[27Aug2026 20:10:17.188] [Worker-Main-2/INFO] [STDERR/]: [com.nukateam.chassis_core.modules.config.utils.ConfigUtils:lambda$getConfigMap$2:74]: java.io.InvalidObjectException: Missing required property: id
[27Aug2026 20:10:17.188] [Worker-Main-2/INFO] [STDERR/]: [com.nukateam.chassis_core.modules.config.utils.ConfigUtils:lambda$getConfigMap$2:74]: 	at TRANSFORMER/ntgl@3.1.2/com.nukateam.chassis_core.modules.config.annotation.Validator.isValidObject(Validator.java:30)
[27Aug2026 20:10:17.188] [Worker-Main-2/INFO] [STDERR/]: [com.nukateam.chassis_core.modules.config.utils.ConfigUtils:lambda$getConfigMap$2:74]: 	at TRANSFORMER/ntgl@3.1.2/com.nukateam.chassis_core.modules.config.utils.ConfigUtils.lambda$getConfigMap$2(ConfigUtils.java:64)
[27Aug2026 20:10:17.188] [Worker-Main-2/INFO] [STDERR/]: [com.nukateam.chassis_core.modules.config.utils.ConfigUtils:lambda$getConfigMap$2:74]: 	at java.base/java.util.Optional.ifPresent(Optional.java:178)
[27Aug2026 20:10:17.189] [Worker-Main-2/INFO] [STDERR/]: [com.nukateam.chassis_core.modules.config.utils.ConfigUtils:lambda$getConfigMap$2:74]: 	at TRANSFORMER/ntgl@3.1.2/com.nukateam.chassis_core.modules.config.utils.ConfigUtils.lambda$getConfigMap$3(ConfigUtils.java:59)
[27Aug2026 20:10:17.189] [Worker-Main-2/INFO] [STDERR/]: [com.nukateam.chassis_core.modules.config.utils.ConfigUtils:lambda$getConfigMap$2:74]: 	at java.base/java.util.ArrayList.forEach(ArrayList.java:1511)
[27Aug2026 20:10:17.189] [Worker-Main-2/INFO] [STDERR/]: [com.nukateam.chassis_core.modules.config.utils.ConfigUtils:lambda$getConfigMap$2:74]: 	at TRANSFORMER/ntgl@3.1.2/com.nukateam.chassis_core.modules.config.utils.ConfigUtils.lambda$getConfigMap$4(ConfigUtils.java:46)
[27Aug2026 20:10:17.189] [Worker-Main-2/INFO] [STDERR/]: [com.nukateam.chassis_core.modules.config.utils.ConfigUtils:lambda$getConfigMap$2:74]: 	at java.base/java.util.stream.ForEachOps$ForEachOp$OfRef.accept(ForEachOps.java:183)
[27Aug2026 20:10:17.189] [Worker-Main-2/INFO] [STDERR/]: [com.nukateam.chassis_core.modules.config.utils.ConfigUtils:lambda$getConfigMap$2:74]: 	at java.base/java.util.stream.ReferencePipeline$2$1.accept(ReferencePipeline.java:179)
[27Aug2026 20:10:17.189] [Worker-Main-2/INFO] [STDERR/]: [com.nukateam.chassis_core.modules.config.utils.ConfigUtils:lambda$getConfigMap$2:74]: 	at java.base/java.util.Iterator.forEachRemaining(Iterator.java:133)
[27Aug2026 20:10:17.189] [Worker-Main-2/INFO] [STDERR/]: [com.nukateam.chassis_core.modules.config.utils.ConfigUtils:lambda$getConfigMap$2:74]: 	at java.base/java.util.Spliterators$IteratorSpliterator.forEachRemaining(Spliterators.java:1845)
[27Aug2026 20:10:17.189] [Worker-Main-2/INFO] [STDERR/]: [com.nukateam.chassis_core.modules.config.utils.ConfigUtils:lambda$getConfigMap$2:74]: 	at java.base/java.util.stream.AbstractPipeline.copyInto(AbstractPipeline.java:509)
[27Aug2026 20:10:17.189] [Worker-Main-2/INFO] [STDERR/]: [com.nukateam.chassis_core.modules.config.utils.ConfigUtils:lambda$getConfigMap$2:74]: 	at java.base/java.util.stream.AbstractPipeline.wrapAndCopyInto(AbstractPipeline.java:499)
[27Aug2026 20:10:17.190] [Worker-Main-2/INFO] [STDERR/]: [com.nukateam.chassis_core.modules.config.utils.ConfigUtils:lambda$getConfigMap$2:74]: 	at java.base/java.util.stream.ForEachOps$ForEachOp.evaluateSequential(ForEachOps.java:150)
[27Aug2026 20:10:17.190] [Worker-Main-2/INFO] [STDERR/]: [com.nukateam.chassis_core.modules.config.utils.ConfigUtils:lambda$getConfigMap$2:74]: 	at java.base/java.util.stream.ForEachOps$ForEachOp$OfRef.evaluateSequential(ForEachOps.java:173)
[27Aug2026 20:10:17.190] [Worker-Main-2/INFO] [STDERR/]: [com.nukateam.chassis_core.modules.config.utils.ConfigUtils:lambda$getConfigMap$2:74]: 	at java.base/java.util.stream.AbstractPipeline.evaluate(AbstractPipeline.java:234)
[27Aug2026 20:10:17.190] [Worker-Main-2/INFO] [STDERR/]: [com.nukateam.chassis_core.modules.config.utils.ConfigUtils:lambda$getConfigMap$2:74]: 	at java.base/java.util.stream.ReferencePipeline.forEach(ReferencePipeline.java:596)
[27Aug2026 20:10:17.190] [Worker-Main-2/INFO] [STDERR/]: [com.nukateam.chassis_core.modules.config.utils.ConfigUtils:lambda$getConfigMap$2:74]: 	at TRANSFORMER/ntgl@3.1.2/com.nukateam.chassis_core.modules.config.utils.ConfigUtils.getConfigMap(ConfigUtils.java:34)
[27Aug2026 20:10:17.190] [Worker-Main-2/INFO] [STDERR/]: [com.nukateam.chassis_core.modules.config.utils.ConfigUtils:lambda$getConfigMap$2:74]: 	at TRANSFORMER/ntgl@3.1.2/com.nukateam.ntgl.modules.datapack.managers.NetworkEquipmentManager.prepare(NetworkEquipmentManager.java:46)
[27Aug2026 20:10:17.190] [Worker-Main-2/INFO] [STDERR/]: [com.nukateam.chassis_core.modules.config.utils.ConfigUtils:lambda$getConfigMap$2:74]: 	at TRANSFORMER/ntgl@3.1.2/com.nukateam.ntgl.modules.datapack.managers.NetworkEquipmentManager.m_5944_(NetworkEquipmentManager.java:29)
[27Aug2026 20:10:17.190] [Worker-Main-2/INFO] [STDERR/]: [com.nukateam.chassis_core.modules.config.utils.ConfigUtils:lambda$getConfigMap$2:74]: 	at TRANSFORMER/minecraft@1.20.1/net.minecraft.server.packs.resources.SimplePreparableReloadListener.m_10786_(SimplePreparableReloadListener.java:11)
[27Aug2026 20:10:17.190] [Worker-Main-2/INFO] [STDERR/]: [com.nukateam.chassis_core.modules.config.utils.ConfigUtils:lambda$getConfigMap$2:74]: 	at java.base/java.util.concurrent.CompletableFuture$AsyncSupply.run(CompletableFuture.java:1768)
[27Aug2026 20:10:17.190] [Worker-Main-2/INFO] [STDERR/]: [com.nukateam.chassis_core.modules.config.utils.ConfigUtils:lambda$getConfigMap$2:74]: 	at java.base/java.util.concurrent.CompletableFuture$AsyncSupply.exec(CompletableFuture.java:1760)
[27Aug2026 20:10:17.190] [Worker-Main-2/INFO] [STDERR/]: [com.nukateam.chassis_core.modules.config.utils.ConfigUtils:lambda$getConfigMap$2:74]: 	at java.base/java.util.concurrent.ForkJoinTask.doExec(ForkJoinTask.java:373)
[27Aug2026 20:10:17.190] [Worker-Main-2/INFO] [STDERR/]: [com.nukateam.chassis_core.modules.config.utils.ConfigUtils:lambda$getConfigMap$2:74]: 	at java.base/java.util.concurrent.ForkJoinPool$WorkQueue.topLevelExec(ForkJoinPool.java:1182)
[27Aug2026 20:10:17.190] [Worker-Main-2/INFO] [STDERR/]: [com.nukateam.chassis_core.modules.config.utils.ConfigUtils:lambda$getConfigMap$2:74]: 	at java.base/java.util.concurrent.ForkJoinPool.scan(ForkJoinPool.java:1655)
[27Aug2026 20:10:17.190] [Worker-Main-2/INFO] [STDERR/]: [com.nukateam.chassis_core.modules.config.utils.ConfigUtils:lambda$getConfigMap$2:74]: 	at java.base/java.util.concurrent.ForkJoinPool.runWorker(ForkJoinPool.java:1622)
[27Aug2026 20:10:17.191] [Worker-Main-2/INFO] [STDERR/]: [com.nukateam.chassis_core.modules.config.utils.ConfigUtils:lambda$getConfigMap$2:74]: 	at java.base/java.util.concurrent.ForkJoinWorkerThread.run(ForkJoinWorkerThread.java:165)
[27Aug2026 20:10:17.191] [Worker-Main-2/ERROR] [com.nukateam.ntgl.Ntgl/]: Missing required properties for ntgl:cc/equipment/t45/t45_left_leg.json
[27Aug2026 20:10:17.191] [Worker-Main-2/INFO] [STDERR/]: [com.nukateam.chassis_core.modules.config.utils.ConfigUtils:lambda$getConfigMap$2:74]: java.io.InvalidObjectException: Missing required property: id
[27Aug2026 20:10:17.191] [Worker-Main-2/INFO] [STDERR/]: [com.nukateam.chassis_core.modules.config.utils.ConfigUtils:lambda$getConfigMap$2:74]: 	at TRANSFORMER/ntgl@3.1.2/com.nukateam.chassis_core.modules.config.annotation.Validator.isValidObject(Validator.java:30)
[27Aug2026 20:10:17.191] [Worker-Main-2/INFO] [STDERR/]: [com.nukateam.chassis_core.modules.config.utils.ConfigUtils:lambda$getConfigMap$2:74]: 	at TRANSFORMER/ntgl@3.1.2/com.nukateam.chassis_core.modules.config.utils.ConfigUtils.lambda$getConfigMap$2(ConfigUtils.java:64)
[27Aug2026 20:10:17.191] [Worker-Main-2/INFO] [STDERR/]: [com.nukateam.chassis_core.modules.config.utils.ConfigUtils:lambda$getConfigMap$2:74]: 	at java.base/java.util.Optional.ifPresent(Optional.java:178)
[27Aug2026 20:10:17.191] [Worker-Main-2/INFO] [STDERR/]: [com.nukateam.chassis_core.modules.config.utils.ConfigUtils:lambda$getConfigMap$2:74]: 	at TRANSFORMER/ntgl@3.1.2/com.nukateam.chassis_core.modules.config.utils.ConfigUtils.lambda$getConfigMap$3(ConfigUtils.java:59)
[27Aug2026 20:10:17.191] [Worker-Main-2/INFO] [STDERR/]: [com.nukateam.chassis_core.modules.config.utils.ConfigUtils:lambda$getConfigMap$2:74]: 	at java.base/java.util.ArrayList.forEach(ArrayList.java:1511)
[27Aug2026 20:10:17.191] [Worker-Main-2/INFO] [STDERR/]: [com.nukateam.chassis_core.modules.config.utils.ConfigUtils:lambda$getConfigMap$2:74]: 	at TRANSFORMER/ntgl@3.1.2/com.nukateam.chassis_core.modules.config.utils.ConfigUtils.lambda$getConfigMap$4(ConfigUtils.java:46)
[27Aug2026 20:10:17.191] [Worker-Main-2/INFO] [STDERR/]: [com.nukateam.chassis_core.modules.config.utils.ConfigUtils:lambda$getConfigMap$2:74]: 	at java.base/java.util.stream.ForEachOps$ForEachOp$OfRef.accept(ForEachOps.java:183)
[27Aug2026 20:10:17.191] [Worker-Main-2/INFO] [STDERR/]: [com.nukateam.chassis_core.modules.config.utils.ConfigUtils:lambda$getConfigMap$2:74]: 	at java.base/java.util.stream.ReferencePipeline$2$1.accept(ReferencePipeline.java:179)
[27Aug2026 20:10:17.191] [Worker-Main-2/INFO] [STDERR/]: [com.nukateam.chassis_core.modules.config.utils.ConfigUtils:lambda$getConfigMap$2:74]: 	at java.base/java.util.Iterator.forEachRemaining(Iterator.java:133)
[27Aug2026 20:10:17.192] [Worker-Main-2/INFO] [STDERR/]: [com.nukateam.chassis_core.modules.config.utils.ConfigUtils:lambda$getConfigMap$2:74]: 	at java.base/java.util.Spliterators$IteratorSpliterator.forEachRemaining(Spliterators.java:1845)
[27Aug2026 20:10:17.192] [Worker-Main-2/INFO] [STDERR/]: [com.nukateam.chassis_core.modules.config.utils.ConfigUtils:lambda$getConfigMap$2:74]: 	at java.base/java.util.stream.AbstractPipeline.copyInto(AbstractPipeline.java:509)
[27Aug2026 20:10:17.192] [Worker-Main-2/INFO] [STDERR/]: [com.nukateam.chassis_core.modules.config.utils.ConfigUtils:lambda$getConfigMap$2:74]: 	at java.base/java.util.stream.AbstractPipeline.wrapAndCopyInto(AbstractPipeline.java:499)
[27Aug2026 20:10:17.192] [Worker-Main-2/INFO] [STDERR/]: [com.nukateam.chassis_core.modules.config.utils.ConfigUtils:lambda$getConfigMap$2:74]: 	at java.base/java.util.stream.ForEachOps$ForEachOp.evaluateSequential(ForEachOps.java:150)
[27Aug2026 20:10:17.192] [Worker-Main-2/INFO] [STDERR/]: [com.nukateam.chassis_core.modules.config.utils.ConfigUtils:lambda$getConfigMap$2:74]: 	at java.base/java.util.stream.ForEachOps$ForEachOp$OfRef.evaluateSequential(ForEachOps.java:173)
[27Aug2026 20:10:17.192] [Worker-Main-2/INFO] [STDERR/]: [com.nukateam.chassis_core.modules.config.utils.ConfigUtils:lambda$getConfigMap$2:74]: 	at java.base/java.util.stream.AbstractPipeline.evaluate(AbstractPipeline.java:234)
[27Aug2026 20:10:17.192] [Worker-Main-2/INFO] [STDERR/]: [com.nukateam.chassis_core.modules.config.utils.ConfigUtils:lambda$getConfigMap$2:74]: 	at java.base/java.util.stream.ReferencePipeline.forEach(ReferencePipeline.java:596)
[27Aug2026 20:10:17.192] [Worker-Main-2/INFO] [STDERR/]: [com.nukateam.chassis_core.modules.config.utils.ConfigUtils:lambda$getConfigMap$2:74]: 	at TRANSFORMER/ntgl@3.1.2/com.nukateam.chassis_core.modules.config.utils.ConfigUtils.getConfigMap(ConfigUtils.java:34)
[27Aug2026 20:10:17.192] [Worker-Main-2/INFO] [STDERR/]: [com.nukateam.chassis_core.modules.config.utils.ConfigUtils:lambda$getConfigMap$2:74]: 	at TRANSFORMER/ntgl@3.1.2/com.nukateam.ntgl.modules.datapack.managers.NetworkEquipmentManager.prepare(NetworkEquipmentManager.java:46)
[27Aug2026 20:10:17.192] [Worker-Main-2/INFO] [STDERR/]: [com.nukateam.chassis_core.modules.config.utils.ConfigUtils:lambda$getConfigMap$2:74]: 	at TRANSFORMER/ntgl@3.1.2/com.nukateam.ntgl.modules.datapack.managers.NetworkEquipmentManager.m_5944_(NetworkEquipmentManager.java:29)
[27Aug2026 20:10:17.192] [Worker-Main-2/INFO] [STDERR/]: [com.nukateam.chassis_core.modules.config.utils.ConfigUtils:lambda$getConfigMap$2:74]: 	at TRANSFORMER/minecraft@1.20.1/net.minecraft.server.packs.resources.SimplePreparableReloadListener.m_10786_(SimplePreparableReloadListener.java:11)
[27Aug2026 20:10:17.192] [Worker-Main-2/INFO] [STDERR/]: [com.nukateam.chassis_core.modules.config.utils.ConfigUtils:lambda$getConfigMap$2:74]: 	at java.base/java.util.concurrent.CompletableFuture$AsyncSupply.run(CompletableFuture.java:1768)
[27Aug2026 20:10:17.192] [Worker-Main-2/INFO] [STDERR/]: [com.nukateam.chassis_core.modules.config.utils.ConfigUtils:lambda$getConfigMap$2:74]: 	at java.base/java.util.concurrent.CompletableFuture$AsyncSupply.exec(CompletableFuture.java:1760)
[27Aug2026 20:10:17.192] [Worker-Main-2/INFO] [STDERR/]: [com.nukateam.chassis_core.modules.config.utils.ConfigUtils:lambda$getConfigMap$2:74]: 	at java.base/java.util.concurrent.ForkJoinTask.doExec(ForkJoinTask.java:373)
[27Aug2026 20:10:17.192] [Worker-Main-2/INFO] [STDERR/]: [com.nukateam.chassis_core.modules.config.utils.ConfigUtils:lambda$getConfigMap$2:74]: 	at java.base/java.util.concurrent.ForkJoinPool$WorkQueue.topLevelExec(ForkJoinPool.java:1182)
[27Aug2026 20:10:17.192] [Worker-Main-2/INFO] [STDERR/]: [com.nukateam.chassis_core.modules.config.utils.ConfigUtils:lambda$getConfigMap$2:74]: 	at java.base/java.util.concurrent.ForkJoinPool.scan(ForkJoinPool.java:1655)
[27Aug2026 20:10:17.192] [Worker-Main-2/INFO] [STDERR/]: [com.nukateam.chassis_core.modules.config.utils.ConfigUtils:lambda$getConfigMap$2:74]: 	at java.base/java.util.concurrent.ForkJoinPool.runWorker(ForkJoinPool.java:1622)
[27Aug2026 20:10:17.193] [Worker-Main-2/INFO] [STDERR/]: [com.nukateam.chassis_core.modules.config.utils.ConfigUtils:lambda$getConfigMap$2:74]: 	at java.base/java.util.concurrent.ForkJoinWorkerThread.run(ForkJoinWorkerThread.java:165)
[27Aug2026 20:10:17.193] [Worker-Main-2/ERROR] [com.nukateam.ntgl.Ntgl/]: Missing required properties for ntgl:cc/equipment/t45/t45_right_arm.json
[27Aug2026 20:10:17.193] [Worker-Main-2/INFO] [STDERR/]: [com.nukateam.chassis_core.modules.config.utils.ConfigUtils:lambda$getConfigMap$2:74]: java.io.InvalidObjectException: Missing required property: id
[27Aug2026 20:10:17.193] [Worker-Main-2/INFO] [STDERR/]: [com.nukateam.chassis_core.modules.config.utils.ConfigUtils:lambda$getConfigMap$2:74]: 	at TRANSFORMER/ntgl@3.1.2/com.nukateam.chassis_core.modules.config.annotation.Validator.isValidObject(Validator.java:30)
[27Aug2026 20:10:17.193] [Worker-Main-2/INFO] [STDERR/]: [com.nukateam.chassis_core.modules.config.utils.ConfigUtils:lambda$getConfigMap$2:74]: 	at TRANSFORMER/ntgl@3.1.2/com.nukateam.chassis_core.modules.config.utils.ConfigUtils.lambda$getConfigMap$2(ConfigUtils.java:64)
[27Aug2026 20:10:17.193] [Worker-Main-2/INFO] [STDERR/]: [com.nukateam.chassis_core.modules.config.utils.ConfigUtils:lambda$getConfigMap$2:74]: 	at java.base/java.util.Optional.ifPresent(Optional.java:178)
[27Aug2026 20:10:17.194] [Worker-Main-2/INFO] [STDERR/]: [com.nukateam.chassis_core.modules.config.utils.ConfigUtils:lambda$getConfigMap$2:74]: 	at TRANSFORMER/ntgl@3.1.2/com.nukateam.chassis_core.modules.config.utils.ConfigUtils.lambda$getConfigMap$3(ConfigUtils.java:59)
[27Aug2026 20:10:17.194] [Worker-Main-2/INFO] [STDERR/]: [com.nukateam.chassis_core.modules.config.utils.ConfigUtils:lambda$getConfigMap$2:74]: 	at java.base/java.util.ArrayList.forEach(ArrayList.java:1511)
[27Aug2026 20:10:17.194] [Worker-Main-2/INFO] [STDERR/]: [com.nukateam.chassis_core.modules.config.utils.ConfigUtils:lambda$getConfigMap$2:74]: 	at TRANSFORMER/ntgl@3.1.2/com.nukateam.chassis_core.modules.config.utils.ConfigUtils.lambda$getConfigMap$4(ConfigUtils.java:46)
[27Aug2026 20:10:17.194] [Worker-Main-2/INFO] [STDERR/]: [com.nukateam.chassis_core.modules.config.utils.ConfigUtils:lambda$getConfigMap$2:74]: 	at java.base/java.util.stream.ForEachOps$ForEachOp$OfRef.accept(ForEachOps.java:183)
[27Aug2026 20:10:17.194] [Worker-Main-2/INFO] [STDERR/]: [com.nukateam.chassis_core.modules.config.utils.ConfigUtils:lambda$getConfigMap$2:74]: 	at java.base/java.util.stream.ReferencePipeline$2$1.accept(ReferencePipeline.java:179)
[27Aug2026 20:10:17.194] [Worker-Main-2/INFO] [STDERR/]: [com.nukateam.chassis_core.modules.config.utils.ConfigUtils:lambda$getConfigMap$2:74]: 	at java.base/java.util.Iterator.forEachRemaining(Iterator.java:133)
[27Aug2026 20:10:17.194] [Worker-Main-2/INFO] [STDERR/]: [com.nukateam.chassis_core.modules.config.utils.ConfigUtils:lambda$getConfigMap$2:74]: 	at java.base/java.util.Spliterators$IteratorSpliterator.forEachRemaining(Spliterators.java:1845)
[27Aug2026 20:10:17.194] [Worker-Main-2/INFO] [STDERR/]: [com.nukateam.chassis_core.modules.config.utils.ConfigUtils:lambda$getConfigMap$2:74]: 	at java.base/java.util.stream.AbstractPipeline.copyInto(AbstractPipeline.java:509)
[27Aug2026 20:10:17.194] [Worker-Main-2/INFO] [STDERR/]: [com.nukateam.chassis_core.modules.config.utils.ConfigUtils:lambda$getConfigMap$2:74]: 	at java.base/java.util.stream.AbstractPipeline.wrapAndCopyInto(AbstractPipeline.java:499)
[27Aug2026 20:10:17.194] [Worker-Main-2/INFO] [STDERR/]: [com.nukateam.chassis_core.modules.config.utils.ConfigUtils:lambda$getConfigMap$2:74]: 	at java.base/java.util.stream.ForEachOps$ForEachOp.evaluateSequential(ForEachOps.java:150)
[27Aug2026 20:10:17.195] [Worker-Main-2/INFO] [STDERR/]: [com.nukateam.chassis_core.modules.config.utils.ConfigUtils:lambda$getConfigMap$2:74]: 	at java.base/java.util.stream.ForEachOps$ForEachOp$OfRef.evaluateSequential(ForEachOps.java:173)
[27Aug2026 20:10:17.195] [Worker-Main-2/INFO] [STDERR/]: [com.nukateam.chassis_core.modules.config.utils.ConfigUtils:lambda$getConfigMap$2:74]: 	at java.base/java.util.stream.AbstractPipeline.evaluate(AbstractPipeline.java:234)
[27Aug2026 20:10:17.195] [Worker-Main-2/INFO] [STDERR/]: [com.nukateam.chassis_core.modules.config.utils.ConfigUtils:lambda$getConfigMap$2:74]: 	at java.base/java.util.stream.ReferencePipeline.forEach(ReferencePipeline.java:596)
[27Aug2026 20:10:17.195] [Worker-Main-2/INFO] [STDERR/]: [com.nukateam.chassis_core.modules.config.utils.ConfigUtils:lambda$getConfigMap$2:74]: 	at TRANSFORMER/ntgl@3.1.2/com.nukateam.chassis_core.modules.config.utils.ConfigUtils.getConfigMap(ConfigUtils.java:34)
[27Aug2026 20:10:17.195] [Worker-Main-2/INFO] [STDERR/]: [com.nukateam.chassis_core.modules.config.utils.ConfigUtils:lambda$getConfigMap$2:74]: 	at TRANSFORMER/ntgl@3.1.2/com.nukateam.ntgl.modules.datapack.managers.NetworkEquipmentManager.prepare(NetworkEquipmentManager.java:46)
[27Aug2026 20:10:17.195] [Worker-Main-2/INFO] [STDERR/]: [com.nukateam.chassis_core.modules.config.utils.ConfigUtils:lambda$getConfigMap$2:74]: 	at TRANSFORMER/ntgl@3.1.2/com.nukateam.ntgl.modules.datapack.managers.NetworkEquipmentManager.m_5944_(NetworkEquipmentManager.java:29)
[27Aug2026 20:10:17.195] [Worker-Main-2/INFO] [STDERR/]: [com.nukateam.chassis_core.modules.config.utils.ConfigUtils:lambda$getConfigMap$2:74]: 	at TRANSFORMER/minecraft@1.20.1/net.minecraft.server.packs.resources.SimplePreparableReloadListener.m_10786_(SimplePreparableReloadListener.java:11)
[27Aug2026 20:10:17.195] [Worker-Main-2/INFO] [STDERR/]: [com.nukateam.chassis_core.modules.config.utils.ConfigUtils:lambda$getConfigMap$2:74]: 	at java.base/java.util.concurrent.CompletableFuture$AsyncSupply.run(CompletableFuture.java:1768)
[27Aug2026 20:10:17.196] [Worker-Main-2/INFO] [STDERR/]: [com.nukateam.chassis_core.modules.config.utils.ConfigUtils:lambda$getConfigMap$2:74]: 	at java.base/java.util.concurrent.CompletableFuture$AsyncSupply.exec(CompletableFuture.java:1760)
[27Aug2026 20:10:17.196] [Worker-Main-2/INFO] [STDERR/]: [com.nukateam.chassis_core.modules.config.utils.ConfigUtils:lambda$getConfigMap$2:74]: 	at java.base/java.util.concurrent.ForkJoinTask.doExec(ForkJoinTask.java:373)
[27Aug2026 20:10:17.196] [Worker-Main-2/INFO] [STDERR/]: [com.nukateam.chassis_core.modules.config.utils.ConfigUtils:lambda$getConfigMap$2:74]: 	at java.base/java.util.concurrent.ForkJoinPool$WorkQueue.topLevelExec(ForkJoinPool.java:1182)
[27Aug2026 20:10:17.196] [Worker-Main-2/INFO] [STDERR/]: [com.nukateam.chassis_core.modules.config.utils.ConfigUtils:lambda$getConfigMap$2:74]: 	at java.base/java.util.concurrent.ForkJoinPool.scan(ForkJoinPool.java:1655)
[27Aug2026 20:10:17.196] [Worker-Main-2/INFO] [STDERR/]: [com.nukateam.chassis_core.modules.config.utils.ConfigUtils:lambda$getConfigMap$2:74]: 	at java.base/java.util.concurrent.ForkJoinPool.runWorker(ForkJoinPool.java:1622)
[27Aug2026 20:10:17.196] [Worker-Main-2/INFO] [STDERR/]: [com.nukateam.chassis_core.modules.config.utils.ConfigUtils:lambda$getConfigMap$2:74]: 	at java.base/java.util.concurrent.ForkJoinWorkerThread.run(ForkJoinWorkerThread.java:165)
[27Aug2026 20:10:17.197] [Worker-Main-2/ERROR] [com.nukateam.ntgl.Ntgl/]: Missing required properties for ntgl:cc/equipment/t45/t45_right_leg.json
[27Aug2026 20:10:17.197] [Worker-Main-2/INFO] [STDERR/]: [com.nukateam.chassis_core.modules.config.utils.ConfigUtils:lambda$getConfigMap$2:74]: java.io.InvalidObjectException: Missing required property: id
[27Aug2026 20:10:17.197] [Worker-Main-2/INFO] [STDERR/]: [com.nukateam.chassis_core.modules.config.utils.ConfigUtils:lambda$getConfigMap$2:74]: 	at TRANSFORMER/ntgl@3.1.2/com.nukateam.chassis_core.modules.config.annotation.Validator.isValidObject(Validator.java:30)
[27Aug2026 20:10:17.197] [Worker-Main-2/INFO] [STDERR/]: [com.nukateam.chassis_core.modules.config.utils.ConfigUtils:lambda$getConfigMap$2:74]: 	at TRANSFORMER/ntgl@3.1.2/com.nukateam.chassis_core.modules.config.utils.ConfigUtils.lambda$getConfigMap$2(ConfigUtils.java:64)
[27Aug2026 20:10:17.197] [Worker-Main-2/INFO] [STDERR/]: [com.nukateam.chassis_core.modules.config.utils.ConfigUtils:lambda$getConfigMap$2:74]: 	at java.base/java.util.Optional.ifPresent(Optional.java:178)
[27Aug2026 20:10:17.197] [Worker-Main-2/INFO] [STDERR/]: [com.nukateam.chassis_core.modules.config.utils.ConfigUtils:lambda$getConfigMap$2:74]: 	at TRANSFORMER/ntgl@3.1.2/com.nukateam.chassis_core.modules.config.utils.ConfigUtils.lambda$getConfigMap$3(ConfigUtils.java:59)
[27Aug2026 20:10:17.198] [Worker-Main-2/INFO] [STDERR/]: [com.nukateam.chassis_core.modules.config.utils.ConfigUtils:lambda$getConfigMap$2:74]: 	at java.base/java.util.ArrayList.forEach(ArrayList.java:1511)
[27Aug2026 20:10:17.198] [Worker-Main-2/INFO] [STDERR/]: [com.nukateam.chassis_core.modules.config.utils.ConfigUtils:lambda$getConfigMap$2:74]: 	at TRANSFORMER/ntgl@3.1.2/com.nukateam.chassis_core.modules.config.utils.ConfigUtils.lambda$getConfigMap$4(ConfigUtils.java:46)
[27Aug2026 20:10:17.198] [Worker-Main-2/INFO] [STDERR/]: [com.nukateam.chassis_core.modules.config.utils.ConfigUtils:lambda$getConfigMap$2:74]: 	at java.base/java.util.stream.ForEachOps$ForEachOp$OfRef.accept(ForEachOps.java:183)
[27Aug2026 20:10:17.198] [Worker-Main-2/INFO] [STDERR/]: [com.nukateam.chassis_core.modules.config.utils.ConfigUtils:lambda$getConfigMap$2:74]: 	at java.base/java.util.stream.ReferencePipeline$2$1.accept(ReferencePipeline.java:179)
[27Aug2026 20:10:17.198] [Worker-Main-2/INFO] [STDERR/]: [com.nukateam.chassis_core.modules.config.utils.ConfigUtils:lambda$getConfigMap$2:74]: 	at java.base/java.util.Iterator.forEachRemaining(Iterator.java:133)
[27Aug2026 20:10:17.198] [Worker-Main-2/INFO] [STDERR/]: [com.nukateam.chassis_core.modules.config.utils.ConfigUtils:lambda$getConfigMap$2:74]: 	at java.base/java.util.Spliterators$IteratorSpliterator.forEachRemaining(Spliterators.java:1845)
[27Aug2026 20:10:17.198] [Worker-Main-2/INFO] [STDERR/]: [com.nukateam.chassis_core.modules.config.utils.ConfigUtils:lambda$getConfigMap$2:74]: 	at java.base/java.util.stream.AbstractPipeline.copyInto(AbstractPipeline.java:509)
[27Aug2026 20:10:17.199] [Worker-Main-2/INFO] [STDERR/]: [com.nukateam.chassis_core.modules.config.utils.ConfigUtils:lambda$getConfigMap$2:74]: 	at java.base/java.util.stream.AbstractPipeline.wrapAndCopyInto(AbstractPipeline.java:499)
[27Aug2026 20:10:17.199] [Worker-Main-2/INFO] [STDERR/]: [com.nukateam.chassis_core.modules.config.utils.ConfigUtils:lambda$getConfigMap$2:74]: 	at java.base/java.util.stream.ForEachOps$ForEachOp.evaluateSequential(ForEachOps.java:150)
[27Aug2026 20:10:17.199] [Worker-Main-2/INFO] [STDERR/]: [com.nukateam.chassis_core.modules.config.utils.ConfigUtils:lambda$getConfigMap$2:74]: 	at java.base/java.util.stream.ForEachOps$ForEachOp$OfRef.evaluateSequential(ForEachOps.java:173)
[27Aug2026 20:10:17.199] [Worker-Main-2/INFO] [STDERR/]: [com.nukateam.chassis_core.modules.config.utils.ConfigUtils:lambda$getConfigMap$2:74]: 	at java.base/java.util.stream.AbstractPipeline.evaluate(AbstractPipeline.java:234)
[27Aug2026 20:10:17.199] [Worker-Main-2/INFO] [STDERR/]: [com.nukateam.chassis_core.modules.config.utils.ConfigUtils:lambda$getConfigMap$2:74]: 	at java.base/java.util.stream.ReferencePipeline.forEach(ReferencePipeline.java:596)
[27Aug2026 20:10:17.199] [Worker-Main-2/INFO] [STDERR/]: [com.nukateam.chassis_core.modules.config.utils.ConfigUtils:lambda$getConfigMap$2:74]: 	at TRANSFORMER/ntgl@3.1.2/com.nukateam.chassis_core.modules.config.utils.ConfigUtils.getConfigMap(ConfigUtils.java:34)
[27Aug2026 20:10:17.199] [Worker-Main-2/INFO] [STDERR/]: [com.nukateam.chassis_core.modules.config.utils.ConfigUtils:lambda$getConfigMap$2:74]: 	at TRANSFORMER/ntgl@3.1.2/com.nukateam.ntgl.modules.datapack.managers.NetworkEquipmentManager.prepare(NetworkEquipmentManager.java:46)
[27Aug2026 20:10:17.199] [Worker-Main-2/INFO] [STDERR/]: [com.nukateam.chassis_core.modules.config.utils.ConfigUtils:lambda$getConfigMap$2:74]: 	at TRANSFORMER/ntgl@3.1.2/com.nukateam.ntgl.modules.datapack.managers.NetworkEquipmentManager.m_5944_(NetworkEquipmentManager.java:29)
[27Aug2026 20:10:17.200] [Worker-Main-2/INFO] [STDERR/]: [com.nukateam.chassis_core.modules.config.utils.ConfigUtils:lambda$getConfigMap$2:74]: 	at TRANSFORMER/minecraft@1.20.1/net.minecraft.server.packs.resources.SimplePreparableReloadListener.m_10786_(SimplePreparableReloadListener.java:11)
[27Aug2026 20:10:17.200] [Worker-Main-2/INFO] [STDERR/]: [com.nukateam.chassis_core.modules.config.utils.ConfigUtils:lambda$getConfigMap$2:74]: 	at java.base/java.util.concurrent.CompletableFuture$AsyncSupply.run(CompletableFuture.java:1768)
[27Aug2026 20:10:17.200] [Worker-Main-2/INFO] [STDERR/]: [com.nukateam.chassis_core.modules.config.utils.ConfigUtils:lambda$getConfigMap$2:74]: 	at java.base/java.util.concurrent.CompletableFuture$AsyncSupply.exec(CompletableFuture.java:1760)
[27Aug2026 20:10:17.200] [Worker-Main-2/INFO] [STDERR/]: [com.nukateam.chassis_core.modules.config.utils.ConfigUtils:lambda$getConfigMap$2:74]: 	at java.base/java.util.concurrent.ForkJoinTask.doExec(ForkJoinTask.java:373)
[27Aug2026 20:10:17.200] [Worker-Main-2/INFO] [STDERR/]: [com.nukateam.chassis_core.modules.config.utils.ConfigUtils:lambda$getConfigMap$2:74]: 	at java.base/java.util.concurrent.ForkJoinPool$WorkQueue.topLevelExec(ForkJoinPool.java:1182)
[27Aug2026 20:10:17.200] [Worker-Main-2/INFO] [STDERR/]: [com.nukateam.chassis_core.modules.config.utils.ConfigUtils:lambda$getConfigMap$2:74]: 	at java.base/java.util.concurrent.ForkJoinPool.scan(ForkJoinPool.java:1655)
[27Aug2026 20:10:17.200] [Worker-Main-2/INFO] [STDERR/]: [com.nukateam.chassis_core.modules.config.utils.ConfigUtils:lambda$getConfigMap$2:74]: 	at java.base/java.util.concurrent.ForkJoinPool.runWorker(ForkJoinPool.java:1622)
[27Aug2026 20:10:17.200] [Worker-Main-2/INFO] [STDERR/]: [com.nukateam.chassis_core.modules.config.utils.ConfigUtils:lambda$getConfigMap$2:74]: 	at java.base/java.util.concurrent.ForkJoinWorkerThread.run(ForkJoinWorkerThread.java:165)
[27Aug2026 20:10:17.352] [main/INFO] [com.teamabnormals.blueprint.core.Blueprint/]: Loot Modification Manager has loaded 1 modifier groups
[27Aug2026 20:10:17.410] [main/WARN] [net.minecraft.world.level.storage.loot.LootDataManager/]: Found loot table element validation problem in {loot_tables:alexsmobs:gameplay/seal_reward}.pools[0].entries[0]->{minecraft:gameplay/fishing/junk}.pools[1].condition[1]: Parameters [<parameter minecraft:origin>] are not provided in this context
[27Aug2026 20:10:17.433] [main/INFO] [net.minecraft.world.item.crafting.RecipeManager/]: Skipping loading recipe brewincompatdelight:fermenting/mulled_wine_from_wine as it's serializer returned null
[27Aug2026 20:10:17.434] [main/INFO] [net.minecraft.world.item.crafting.RecipeManager/]: Skipping loading recipe deep_aether:pumpkin_pie as it's serializer returned null
[27Aug2026 20:10:17.440] [main/INFO] [net.minecraft.world.item.crafting.RecipeManager/]: Skipping loading recipe undergarden:gloomgourd_pie as it's serializer returned null
[27Aug2026 20:10:17.442] [main/INFO] [net.minecraft.world.item.crafting.RecipeManager/]: Skipping loading recipe seasonals:crafting/chocolate_pumpkin_muffin as it's serializer returned null
[27Aug2026 20:10:17.442] [main/INFO] [net.minecraft.world.item.crafting.RecipeManager/]: Skipping loading recipe delightful:integration/habitat/cutting/white_anthurium as it's serializer returned null
[27Aug2026 20:10:17.442] [main/INFO] [net.minecraft.world.item.crafting.RecipeManager/]: Skipping loading recipe aether:skyroot_milk_bucket_cake as it's serializer returned null
[27Aug2026 20:10:17.443] [main/INFO] [net.minecraft.world.item.crafting.RecipeManager/]: Skipping loading recipe biomeswevegone:allium_oddion_soup as it's serializer returned null
[27Aug2026 20:10:17.443] [main/INFO] [net.minecraft.world.item.crafting.RecipeManager/]: Skipping loading recipe delightful:knives/blasting/copper_thermal as it's serializer returned null
[27Aug2026 20:10:17.444] [main/INFO] [net.minecraft.world.item.crafting.RecipeManager/]: Skipping loading recipe delightful:knives/ritual/living_knife as it's serializer returned null
[27Aug2026 20:10:17.445] [main/ERROR] [net.minecraft.world.item.crafting.RecipeManager/]: Parsing error loading recipe brewincompatdelight:pouring/lemonade: com.google.gson.JsonSyntaxException: Unknown item 'fruitsdelight:lemon_juice'
[27Aug2026 20:10:17.445] [main/ERROR] [net.minecraft.world.item.crafting.RecipeManager/]: Parsing error loading recipe corn_delight:integration/mekanism/crushing/biofuel_corncob: com.google.gson.JsonSyntaxException: Invalid or unsupported recipe type 'mekanism:crushing'
[27Aug2026 20:10:17.450] [main/INFO] [net.minecraft.world.item.crafting.RecipeManager/]: Skipping loading recipe delightful:integration/windswept/cutting/lavender as it's serializer returned null
[27Aug2026 20:10:17.451] [main/INFO] [net.minecraft.world.item.crafting.RecipeManager/]: Skipping loading recipe delightful:knives/repairing/skyroot_knife as it's serializer returned null
[27Aug2026 20:10:17.452] [main/INFO] [net.minecraft.world.item.crafting.RecipeManager/]: Skipping loading recipe endergetic:poise_fence_from_poise_planks_sawing as it's serializer returned null
[27Aug2026 20:10:17.453] [main/INFO] [net.minecraft.world.item.crafting.RecipeManager/]: Skipping loading recipe brewincompatdelight:china_blue as it's serializer returned null
[27Aug2026 20:10:17.453] [main/ERROR] [net.minecraft.world.item.crafting.RecipeManager/]: Parsing error loading recipe brewincompatdelight:emptying/rum: com.google.gson.JsonSyntaxException: Invalid or unsupported recipe type 'create:emptying'
[27Aug2026 20:10:17.457] [main/INFO] [net.minecraft.world.item.crafting.RecipeManager/]: Skipping loading recipe quark:cookie as it's serializer returned null
[27Aug2026 20:10:17.458] [main/INFO] [net.minecraft.world.item.crafting.RecipeManager/]: Skipping loading recipe delightful:integration/biomeswevegone/cutting/flowers/purple as it's serializer returned null
[27Aug2026 20:10:17.458] [main/INFO] [net.minecraft.world.item.crafting.RecipeManager/]: Skipping loading recipe delightful:knives/osmium_knife as it's serializer returned null
[27Aug2026 20:10:17.459] [main/INFO] [net.minecraft.world.item.crafting.RecipeManager/]: Skipping loading recipe naturalist:cooked_egg as it's serializer returned null
[27Aug2026 20:10:17.460] [main/INFO] [net.minecraft.world.item.crafting.RecipeManager/]: Skipping loading recipe delightful:knives/blasting/tin_caverns_and_chasms as it's serializer returned null
[27Aug2026 20:10:17.460] [main/INFO] [net.minecraft.world.item.crafting.RecipeManager/]: Skipping loading recipe delightful:integration/create/filling/matcha_latte as it's serializer returned null
[27Aug2026 20:10:17.461] [main/INFO] [net.minecraft.world.item.crafting.RecipeManager/]: Skipping loading recipe delightful:knives/smelting/bone/bone_meal_from_smelting_axe as it's serializer returned null
[27Aug2026 20:10:17.461] [main/INFO] [net.minecraft.world.item.crafting.RecipeManager/]: Skipping loading recipe brewincompatdelight:bees_knees as it's serializer returned null
[27Aug2026 20:10:17.462] [main/INFO] [net.minecraft.world.item.crafting.RecipeManager/]: Skipping loading recipe delightful:integration/deeperdarker/cutting/gloomy_cactus as it's serializer returned null
[27Aug2026 20:10:17.462] [main/INFO] [net.minecraft.world.item.crafting.RecipeManager/]: Skipping loading recipe brewincompatdelight:tequila_sunrise as it's serializer returned null
[27Aug2026 20:10:17.463] [main/INFO] [net.minecraft.world.item.crafting.RecipeManager/]: Skipping loading recipe delightful:integration/immersiveengineering/squeezer/cantaloupe_seeds as it's serializer returned null
[27Aug2026 20:10:17.464] [main/INFO] [net.minecraft.world.item.crafting.RecipeManager/]: Skipping loading recipe aether:moa_egg_pumpkin_pie as it's serializer returned null
[27Aug2026 20:10:17.464] [main/INFO] [net.minecraft.world.item.crafting.RecipeManager/]: Skipping loading recipe delightful:integration/cookielicious/source_berry_cookie_tile_slab_stonecutting as it's serializer returned null
[27Aug2026 20:10:17.465] [main/INFO] [net.minecraft.world.item.crafting.RecipeManager/]: Skipping loading recipe delightful:food/roe_blini_from_bread_and_milk as it's serializer returned null
[27Aug2026 20:10:17.466] [main/INFO] [net.minecraft.world.item.crafting.RecipeManager/]: Skipping loading recipe delightful:food/cooking/crab_rangoon_from_milk as it's serializer returned null
[27Aug2026 20:10:17.467] [main/INFO] [net.minecraft.world.item.crafting.RecipeManager/]: Skipping loading recipe justenoughbreeding:breeding/sullysmod/lanternfish as it's serializer returned null
[27Aug2026 20:10:17.467] [main/INFO] [net.minecraft.world.item.crafting.RecipeManager/]: Skipping loading recipe twilightdelight:hydra_burger as it's serializer returned null
[27Aug2026 20:10:17.467] [main/INFO] [net.minecraft.world.item.crafting.RecipeManager/]: Skipping loading recipe delightful:integration/ars_nouveau/mendosteen_crate as it's serializer returned null
[27Aug2026 20:10:17.467] [main/INFO] [net.minecraft.world.item.crafting.RecipeManager/]: Skipping loading recipe delightful:food/wheat_dough_from_flour_and_water as it's serializer returned null
[27Aug2026 20:10:17.468] [main/INFO] [net.minecraft.world.item.crafting.RecipeManager/]: Skipping loading recipe undergardendelight:frosteel_knife as it's serializer returned null
[27Aug2026 20:10:17.469] [main/INFO] [net.minecraft.world.item.crafting.RecipeManager/]: Skipping loading recipe thermal:machines/press/unpacking/press_potato_unpacking as it's serializer returned null
[27Aug2026 20:10:17.469] [main/INFO] [net.minecraft.world.item.crafting.RecipeManager/]: Skipping loading recipe delightful:integration/ars_nouveau/cutting/magebloom as it's serializer returned null
[27Aug2026 20:10:17.481] [main/INFO] [net.minecraft.world.item.crafting.RecipeManager/]: Skipping loading recipe delightful:integration/habitat/cutting/dreadbud as it's serializer returned null
[27Aug2026 20:10:17.482] [main/INFO] [net.minecraft.world.item.crafting.RecipeManager/]: Skipping loading recipe delightful:integration/biomeswevegone/cutting/flowers/cyan as it's serializer returned null
[27Aug2026 20:10:17.482] [main/INFO] [net.minecraft.world.item.crafting.RecipeManager/]: Skipping loading recipe delightful:knives/smelting/lead_eidolon as it's serializer returned null
[27Aug2026 20:10:17.482] [main/INFO] [net.minecraft.world.item.crafting.RecipeManager/]: Skipping loading recipe thermal:machines/press/packing3x3/press_beetroot_packing as it's serializer returned null
[27Aug2026 20:10:17.482] [main/INFO] [net.minecraft.world.item.crafting.RecipeManager/]: Skipping loading recipe thermal:machines/press/unpacking/press_beetroot_unpacking as it's serializer returned null
[27Aug2026 20:10:17.483] [main/INFO] [net.minecraft.world.item.crafting.RecipeManager/]: Skipping loading recipe delightful:integration/cookielicious/source_berry_cookie_tile_stairs_stonecutting as it's serializer returned null
[27Aug2026 20:10:17.483] [main/INFO] [net.minecraft.world.item.crafting.RecipeManager/]: Skipping loading recipe wildberries:cutting/blueberry_pie as it's serializer returned null
[27Aug2026 20:10:17.484] [main/INFO] [net.minecraft.world.item.crafting.RecipeManager/]: Skipping loading recipe botanypots:rusticdelight/crop/wild_bell_peppers as it's serializer returned null
[27Aug2026 20:10:17.484] [main/INFO] [net.minecraft.world.item.crafting.RecipeManager/]: Skipping loading recipe delightful:integration/windswept/cutting/icicles as it's serializer returned null
[27Aug2026 20:10:17.484] [main/INFO] [net.minecraft.world.item.crafting.RecipeManager/]: Skipping loading recipe farmersrespite:cutting/rose_bush as it's serializer returned null
[27Aug2026 20:10:17.485] [main/INFO] [net.minecraft.world.item.crafting.RecipeManager/]: Skipping loading recipe endergetic:cracked_purpur_block_from_baking as it's serializer returned null
[27Aug2026 20:10:17.485] [main/INFO] [net.minecraft.world.item.crafting.RecipeManager/]: Skipping loading recipe moredelight:hamburger_with_egg as it's serializer returned null
[27Aug2026 20:10:17.486] [main/INFO] [net.minecraft.world.item.crafting.RecipeManager/]: Skipping loading recipe delightful:knives/blasting/bone/bone_meal_from_blasting_axe as it's serializer returned null
[27Aug2026 20:10:17.486] [main/INFO] [net.minecraft.world.item.crafting.RecipeManager/]: Skipping loading recipe delightful:integration/undergarden/cutting/miserabell as it's serializer returned null
[27Aug2026 20:10:17.488] [main/INFO] [net.minecraft.world.item.crafting.RecipeManager/]: Skipping loading recipe delightful:integration/vanillabackport/cutting/open_eyeblossom as it's serializer returned null
[27Aug2026 20:10:17.488] [main/INFO] [net.minecraft.world.item.crafting.RecipeManager/]: Skipping loading recipe delightful:integration/atmospheric/orange_dye_from_orange as it's serializer returned null
[27Aug2026 20:10:17.495] [main/INFO] [net.minecraft.world.item.crafting.RecipeManager/]: Skipping loading recipe thermal:storage/beetroot_from_block as it's serializer returned null
[27Aug2026 20:10:17.496] [main/ERROR] [net.minecraft.world.item.crafting.RecipeManager/]: Parsing error loading recipe corn_delight:integration/mekanism/crushing/biofuel_corn_seeds: com.google.gson.JsonSyntaxException: Invalid or unsupported recipe type 'mekanism:crushing'
[27Aug2026 20:10:17.496] [main/INFO] [net.minecraft.world.item.crafting.RecipeManager/]: Skipping loading recipe delightful:knives/blasting/invar_thermal as it's serializer returned null
[27Aug2026 20:10:17.497] [main/INFO] [net.minecraft.world.item.crafting.RecipeManager/]: Skipping loading recipe some_assembly_required:crafting_shapeless/burger_bun as it's serializer returned null
[27Aug2026 20:10:17.497] [main/INFO] [net.minecraft.world.item.crafting.RecipeManager/]: Skipping loading recipe delightful:knives/smelting/lead_thermal as it's serializer returned null
[27Aug2026 20:10:17.497] [main/INFO] [net.minecraft.world.item.crafting.RecipeManager/]: Skipping loading recipe delightful:integration/ars_nouveau/source_berry_ice_cream as it's serializer returned null
[27Aug2026 20:10:17.500] [main/INFO] [net.minecraft.world.item.crafting.RecipeManager/]: Skipping loading recipe upgrade_aquatic:mulberry_pie as it's serializer returned null
[27Aug2026 20:10:17.501] [main/INFO] [net.minecraft.world.item.crafting.RecipeManager/]: Skipping loading recipe delightful:knives/smelting/lead_immersiveengineering as it's serializer returned null
[27Aug2026 20:10:17.502] [main/INFO] [net.minecraft.world.item.crafting.RecipeManager/]: Skipping loading recipe delightful:integration/farmersrespite/brewing/ender_nectar_from_matcha_latte as it's serializer returned null
[27Aug2026 20:10:17.502] [main/INFO] [net.minecraft.world.item.crafting.RecipeManager/]: Skipping loading recipe moredelight:chocolate_popsicle as it's serializer returned null
[27Aug2026 20:10:17.509] [main/INFO] [net.minecraft.world.item.crafting.RecipeManager/]: Skipping loading recipe fruitsdelight:kiwi_popsicle as it's serializer returned null
[27Aug2026 20:10:17.509] [main/INFO] [net.minecraft.world.item.crafting.RecipeManager/]: Skipping loading recipe rusticdelight:brewing/coffee as it's serializer returned null
[27Aug2026 20:10:17.510] [main/INFO] [net.minecraft.world.item.crafting.RecipeManager/]: Skipping loading recipe spawn:tuna_sandwich as it's serializer returned null
[27Aug2026 20:10:17.510] [main/INFO] [net.minecraft.world.item.crafting.RecipeManager/]: Skipping loading recipe delightful:integration/biomeswevegone/unpack_green_apple_crate as it's serializer returned null
[27Aug2026 20:10:17.511] [main/INFO] [net.minecraft.world.item.crafting.RecipeManager/]: Skipping loading recipe delightful:integration/windswept/cutting/moss_campion as it's serializer returned null
[27Aug2026 20:10:17.516] [main/ERROR] [net.minecraft.world.item.crafting.RecipeManager/]: Parsing error loading recipe brewincompatdelight:emptying/hard_lemonade: com.google.gson.JsonSyntaxException: Invalid or unsupported recipe type 'create:emptying'
[27Aug2026 20:10:17.518] [main/INFO] [net.minecraft.world.item.crafting.RecipeManager/]: Skipping loading recipe delightful:integration/farmersrespite/pouring/lavender_tea as it's serializer returned null
[27Aug2026 20:10:17.525] [main/INFO] [net.minecraft.world.item.crafting.RecipeManager/]: Skipping loading recipe delightful:integration/ars_nouveau/source_berry_ice_cream_block as it's serializer returned null
[27Aug2026 20:10:17.526] [main/INFO] [net.minecraft.world.item.crafting.RecipeManager/]: Skipping loading recipe casualness_delight:cutting/quiche_lorraine as it's serializer returned null
[27Aug2026 20:10:17.526] [main/INFO] [net.minecraft.world.item.crafting.RecipeManager/]: Skipping loading recipe hearthandharvest:cooking/waffle as it's serializer returned null
[27Aug2026 20:10:17.526] [main/INFO] [net.minecraft.world.item.crafting.RecipeManager/]: Skipping loading recipe delightful:integration/forestry/squeezer/farmersrespite/melon as it's serializer returned null
[27Aug2026 20:10:17.526] [main/INFO] [net.minecraft.world.item.crafting.RecipeManager/]: Skipping loading recipe delightful:integration/biomeswevegone/unpack_blueberry_sack as it's serializer returned null
[27Aug2026 20:10:17.526] [main/INFO] [net.minecraft.world.item.crafting.RecipeManager/]: Skipping loading recipe delightful:knives/valkyrum_knife as it's serializer returned null
[27Aug2026 20:10:17.526] [main/INFO] [net.minecraft.world.item.crafting.RecipeManager/]: Skipping loading recipe enderio:alloy_smelting/ender_pearl as it's serializer returned null
[27Aug2026 20:10:17.527] [main/INFO] [net.minecraft.world.item.crafting.RecipeManager/]: Skipping loading recipe windswept:pinecone_jam_bottle as it's serializer returned null
[27Aug2026 20:10:17.527] [main/INFO] [net.minecraft.world.item.crafting.RecipeManager/]: Skipping loading recipe delightful:integration/create/filling/long_prickly_pear_juice as it's serializer returned null
[27Aug2026 20:10:17.527] [main/ERROR] [net.minecraft.world.item.crafting.RecipeManager/]: Parsing error loading recipe brewincompatdelight:filling/rum: com.google.gson.JsonSyntaxException: Invalid or unsupported recipe type 'create:filling'
[27Aug2026 20:10:17.530] [main/INFO] [net.minecraft.world.item.crafting.RecipeManager/]: Skipping loading recipe delightful:knives/smelting/bone/bone_meal_from_smelting_chestplate as it's serializer returned null
[27Aug2026 20:10:17.530] [main/INFO] [net.minecraft.world.item.crafting.RecipeManager/]: Skipping loading recipe botanypots:rusticdelight/crop/wild_pale_bell_peppers as it's serializer returned null
[27Aug2026 20:10:17.534] [main/INFO] [net.minecraft.world.item.crafting.RecipeManager/]: Skipping loading recipe delightful:knives/blasting/tin_thermal as it's serializer returned null
[27Aug2026 20:10:17.534] [main/INFO] [net.minecraft.world.item.crafting.RecipeManager/]: Skipping loading recipe vintagedelight:pb_j as it's serializer returned null
[27Aug2026 20:10:17.535] [main/ERROR] [net.minecraft.world.item.crafting.RecipeManager/]: Parsing error loading recipe corn_delight:integration/mekanism/sawing/corncob_sawing: com.google.gson.JsonSyntaxException: Invalid or unsupported recipe type 'mekanism:sawing'
[27Aug2026 20:10:17.544] [main/INFO] [net.minecraft.world.item.crafting.RecipeManager/]: Skipping loading recipe delightful:food/prickly_pear_juice_from_cooked_prickly_pear as it's serializer returned null
[27Aug2026 20:10:17.544] [main/INFO] [net.minecraft.world.item.crafting.RecipeManager/]: Skipping loading recipe delightful:knives/smelting/nickel_thermal as it's serializer returned null
[27Aug2026 20:10:17.544] [main/INFO] [net.minecraft.world.item.crafting.RecipeManager/]: Skipping loading recipe delightful:knives/draco_arcanus_knife as it's serializer returned null
[27Aug2026 20:10:17.547] [main/INFO] [net.minecraft.world.item.crafting.RecipeManager/]: Skipping loading recipe delightful:food/cooking/crab_rangoon_from_cream_cheese as it's serializer returned null
[27Aug2026 20:10:17.548] [main/INFO] [net.minecraft.world.item.crafting.RecipeManager/]: Skipping loading recipe delightful:integration/farmersrespite/brewing/lavender_tea_from_black_tea as it's serializer returned null
[27Aug2026 20:10:17.548] [main/INFO] [net.minecraft.world.item.crafting.RecipeManager/]: Skipping loading recipe vintagedelight:stuffed_burrito as it's serializer returned null
[27Aug2026 20:10:17.548] [main/INFO] [net.minecraft.world.item.crafting.RecipeManager/]: Skipping loading recipe mynethersdelight:cooking/spicy_curry as it's serializer returned null
[27Aug2026 20:10:17.548] [main/INFO] [net.minecraft.world.item.crafting.RecipeManager/]: Skipping loading recipe sprout:water_sausage as it's serializer returned null
[27Aug2026 20:10:17.549] [main/INFO] [net.minecraft.world.item.crafting.RecipeManager/]: Skipping loading recipe forestry:squeezer/fruit/lemon as it's serializer returned null
[27Aug2026 20:10:17.549] [main/INFO] [net.minecraft.world.item.crafting.RecipeManager/]: Skipping loading recipe delightful:knives/onyx_knife as it's serializer returned null
[27Aug2026 20:10:17.549] [main/INFO] [net.minecraft.world.item.crafting.RecipeManager/]: Skipping loading recipe sunflowerdelight:cutting/rose_bush as it's serializer returned null
[27Aug2026 20:10:17.549] [main/INFO] [net.minecraft.world.item.crafting.RecipeManager/]: Skipping loading recipe delightful:integration/atmospheric/passion_fruit_tart as it's serializer returned null
[27Aug2026 20:10:17.549] [main/INFO] [net.minecraft.world.item.crafting.RecipeManager/]: Skipping loading recipe miners_delight:cooking/takoyaki as it's serializer returned null
[27Aug2026 20:10:17.553] [main/INFO] [net.minecraft.world.item.crafting.RecipeManager/]: Skipping loading recipe delightful:food/cooking/nut_butter_bottle_from_salt as it's serializer returned null
[27Aug2026 20:10:17.553] [main/INFO] [net.minecraft.world.item.crafting.RecipeManager/]: Skipping loading recipe delightful:integration/biomeswevegone/cutting/flowers/peach_leather_flower as it's serializer returned null
[27Aug2026 20:10:17.553] [main/INFO] [net.minecraft.world.item.crafting.RecipeManager/]: Skipping loading recipe delightful:integration/biomeswevegone/yucca_fruit_crate as it's serializer returned null
[27Aug2026 20:10:17.556] [main/INFO] [net.minecraft.world.item.crafting.RecipeManager/]: Skipping loading recipe delightful:integration/supplementaries/pancake_from_batter as it's serializer returned null
[27Aug2026 20:10:17.558] [main/INFO] [net.minecraft.world.item.crafting.RecipeManager/]: Skipping loading recipe delightful:knives/smithing/warden_knife as it's serializer returned null
[27Aug2026 20:10:17.558] [main/INFO] [net.minecraft.world.item.crafting.RecipeManager/]: Skipping loading recipe enderio:sag_milling/clay as it's serializer returned null
[27Aug2026 20:10:17.559] [main/INFO] [net.minecraft.world.item.crafting.RecipeManager/]: Skipping loading recipe rusticdelight:vegetable_pancakes as it's serializer returned null
[27Aug2026 20:10:17.559] [main/INFO] [net.minecraft.world.item.crafting.RecipeManager/]: Skipping loading recipe additionaladditions:fried_egg_from_smoking as it's serializer returned null
[27Aug2026 20:10:17.562] [main/INFO] [net.minecraft.world.item.crafting.RecipeManager/]: Skipping loading recipe delightful:knives/lapis_lazuli_knife as it's serializer returned null
[27Aug2026 20:10:17.563] [main/INFO] [net.minecraft.world.item.crafting.RecipeManager/]: Skipping loading recipe endergetic:poise_furnace_boat as it's serializer returned null
[27Aug2026 20:10:17.563] [main/INFO] [net.minecraft.world.item.crafting.RecipeManager/]: Skipping loading recipe brewincompatdelight:mojito as it's serializer returned null
[27Aug2026 20:10:17.563] [main/INFO] [net.minecraft.world.item.crafting.RecipeManager/]: Skipping loading recipe delightful:knives/blasting/brass_create as it's serializer returned null
[27Aug2026 20:10:17.563] [main/INFO] [net.minecraft.world.item.crafting.RecipeManager/]: Skipping loading recipe frozenup:truffle_cake_from_chocolate as it's serializer returned null
[27Aug2026 20:10:17.564] [main/INFO] [net.minecraft.world.item.crafting.RecipeManager/]: Skipping loading recipe delightful:knives/smelting/bronze_thermal as it's serializer returned null
[27Aug2026 20:10:17.564] [main/INFO] [net.minecraft.world.item.crafting.RecipeManager/]: Skipping loading recipe thermal:storage/charcoal_from_block as it's serializer returned null
[27Aug2026 20:10:17.564] [main/INFO] [net.minecraft.world.item.crafting.RecipeManager/]: Skipping loading recipe wildberries:cutting/sweet_berry_pie as it's serializer returned null
[27Aug2026 20:10:17.564] [main/INFO] [net.minecraft.world.item.crafting.RecipeManager/]: Skipping loading recipe delightful:knives/blasting/tin_mekanism as it's serializer returned null
[27Aug2026 20:10:17.564] [main/INFO] [net.minecraft.world.item.crafting.RecipeManager/]: Skipping loading recipe brewincompatdelight:gimlet as it's serializer returned null
[27Aug2026 20:10:17.565] [main/INFO] [net.minecraft.world.item.crafting.RecipeManager/]: Skipping loading recipe delightful:food/wheat_dough_from_flour_and_eggs as it's serializer returned null
[27Aug2026 20:10:17.565] [main/INFO] [net.minecraft.world.item.crafting.RecipeManager/]: Skipping loading recipe delightful:food/salmon_and_roe_blini as it's serializer returned null
[27Aug2026 20:10:17.565] [main/INFO] [net.minecraft.world.item.crafting.RecipeManager/]: Skipping loading recipe delightful:knives/steel_knife as it's serializer returned null
[27Aug2026 20:10:17.565] [main/INFO] [net.minecraft.world.item.crafting.RecipeManager/]: Skipping loading recipe delightful:knives/blasting/diamond_diamond_nuggets as it's serializer returned null
[27Aug2026 20:10:17.566] [main/INFO] [net.minecraft.world.item.crafting.RecipeManager/]: Skipping loading recipe delightful:knives/smelting/copper_copperized as it's serializer returned null
[27Aug2026 20:10:17.566] [main/INFO] [net.minecraft.world.item.crafting.RecipeManager/]: Skipping loading recipe delightful:integration/biomeswevegone/cutting/flowers/white_sakura_petals as it's serializer returned null
[27Aug2026 20:10:17.566] [main/INFO] [net.minecraft.world.item.crafting.RecipeManager/]: Skipping loading recipe miners_delight:insect_wrap as it's serializer returned null
[27Aug2026 20:10:17.567] [main/INFO] [net.minecraft.world.item.crafting.RecipeManager/]: Skipping loading recipe delightful:food/cooking/coconut_curry_no_ginger as it's serializer returned null
[27Aug2026 20:10:17.567] [main/INFO] [net.minecraft.world.item.crafting.RecipeManager/]: Skipping loading recipe delightful:integration/create/emptying/azalea_tea as it's serializer returned null
[27Aug2026 20:10:17.567] [main/INFO] [net.minecraft.world.item.crafting.RecipeManager/]: Skipping loading recipe neapolitan:mixed/strawberry_banana_smoothie as it's serializer returned null
[27Aug2026 20:10:17.569] [main/INFO] [net.minecraft.world.item.crafting.RecipeManager/]: Skipping loading recipe justenoughbreeding:breeding/upgrade_aquatic/lionfish as it's serializer returned null
[27Aug2026 20:10:17.569] [main/INFO] [net.minecraft.world.item.crafting.RecipeManager/]: Skipping loading recipe endergetic:poise_slab_from_poise_planks_sawing as it's serializer returned null
[27Aug2026 20:10:17.569] [main/INFO] [net.minecraft.world.item.crafting.RecipeManager/]: Skipping loading recipe delightful:knives/stratus_knife as it's serializer returned null
[27Aug2026 20:10:17.570] [main/INFO] [net.minecraft.world.item.crafting.RecipeManager/]: Skipping loading recipe mypersonaldelight:crafting/tear_popsicle as it's serializer returned null
[27Aug2026 20:10:17.570] [main/INFO] [net.minecraft.world.item.crafting.RecipeManager/]: Skipping loading recipe delightful:knives/mythril_knife as it's serializer returned null
[27Aug2026 20:10:17.570] [main/INFO] [net.minecraft.world.item.crafting.RecipeManager/]: Skipping loading recipe vintagedelight:cooking/nut_mash_jar as it's serializer returned null
[27Aug2026 20:10:17.571] [main/INFO] [net.minecraft.world.item.crafting.RecipeManager/]: Skipping loading recipe delightful:integration/habitat/cutting/purple_anthurium as it's serializer returned null
[27Aug2026 20:10:17.571] [main/ERROR] [net.minecraft.world.item.crafting.RecipeManager/]: Parsing error loading recipe brewincompatdelight:emptying/white_wine: com.google.gson.JsonSyntaxException: Invalid or unsupported recipe type 'create:emptying'
[27Aug2026 20:10:17.572] [main/INFO] [net.minecraft.world.item.crafting.RecipeManager/]: Skipping loading recipe delightful:integration/ars_nouveau/cutting/blue_archwood_wood as it's serializer returned null
[27Aug2026 20:10:17.575] [main/INFO] [net.minecraft.world.item.crafting.RecipeManager/]: Skipping loading recipe delightful:integration/venison as it's serializer returned null
[27Aug2026 20:10:17.576] [main/INFO] [net.minecraft.world.item.crafting.RecipeManager/]: Skipping loading recipe delightful:integration/farmersrespite/pouring/ender_nectar as it's serializer returned null
[27Aug2026 20:10:17.576] [main/INFO] [net.minecraft.world.item.crafting.RecipeManager/]: Skipping loading recipe endergetic:chiseled_poise_bookshelf as it's serializer returned null
[27Aug2026 20:10:17.576] [main/INFO] [net.minecraft.world.item.crafting.RecipeManager/]: Skipping loading recipe foragersinsight:creamy_salmon_bagel as it's serializer returned null
[27Aug2026 20:10:17.577] [main/INFO] [net.minecraft.world.item.crafting.RecipeManager/]: Skipping loading recipe delightful:integration/biomeswevegone/cutting/flowers/white as it's serializer returned null
[27Aug2026 20:10:17.577] [main/INFO] [net.minecraft.world.item.crafting.RecipeManager/]: Skipping loading recipe delightful:integration/atmospheric/cutting/barrel_cactus as it's serializer returned null
[27Aug2026 20:10:17.577] [main/INFO] [net.minecraft.world.item.crafting.RecipeManager/]: Skipping loading recipe autumnity:pancake as it's serializer returned null
[27Aug2026 20:10:17.578] [main/INFO] [net.minecraft.world.item.crafting.RecipeManager/]: Skipping loading recipe delightful:integration/thermal/sawmill/mini_melon as it's serializer returned null
[27Aug2026 20:10:17.580] [main/INFO] [net.minecraft.world.item.crafting.RecipeManager/]: Skipping loading recipe brewincompatdelight:salted_margarita as it's serializer returned null
[27Aug2026 20:10:17.581] [main/INFO] [net.minecraft.world.item.crafting.RecipeManager/]: Skipping loading recipe wildberries:cranberry_pie_from_slices as it's serializer returned null
[27Aug2026 20:10:17.581] [main/INFO] [net.minecraft.world.item.crafting.RecipeManager/]: Skipping loading recipe endergetic:eumus_brick_from_baking as it's serializer returned null
[27Aug2026 20:10:17.581] [main/INFO] [net.minecraft.world.item.crafting.RecipeManager/]: Skipping loading recipe delightful:knives/steeleaf_knife as it's serializer returned null
[27Aug2026 20:10:17.582] [main/INFO] [net.minecraft.world.item.crafting.RecipeManager/]: Skipping loading recipe forestry:squeezer/cactus as it's serializer returned null
[27Aug2026 20:10:17.582] [main/INFO] [net.minecraft.world.item.crafting.RecipeManager/]: Skipping loading recipe delightful:integration/windswept/cutting/red_rose as it's serializer returned null
[27Aug2026 20:10:17.582] [main/INFO] [net.minecraft.world.item.crafting.RecipeManager/]: Skipping loading recipe brewincompatdelight:fermenting/hard_lemonade_from_lemonade as it's serializer returned null
[27Aug2026 20:10:17.583] [main/INFO] [net.minecraft.world.item.crafting.RecipeManager/]: Skipping loading recipe brewincompatdelight:whiskey_sour as it's serializer returned null
[27Aug2026 20:10:17.583] [main/INFO] [net.minecraft.world.item.crafting.RecipeManager/]: Skipping loading recipe delightful:integration/habitat/cutting/pink_ball_cactus as it's serializer returned null
[27Aug2026 20:10:17.584] [main/INFO] [net.minecraft.world.item.crafting.RecipeManager/]: Skipping loading recipe delightful:food/salmon_and_roe_blini_from_milk as it's serializer returned null
[27Aug2026 20:10:17.584] [main/INFO] [net.minecraft.world.item.crafting.RecipeManager/]: Skipping loading recipe delightful:integration/create/filling/ender_nectar as it's serializer returned null
[27Aug2026 20:10:17.584] [main/INFO] [net.minecraft.world.item.crafting.RecipeManager/]: Skipping loading recipe brewincompatdelight:hot_toddy as it's serializer returned null
[27Aug2026 20:10:17.584] [main/INFO] [net.minecraft.world.item.crafting.RecipeManager/]: Skipping loading recipe delightful:integration/biomeswevegone/cutting/green_apple_pie as it's serializer returned null
[27Aug2026 20:10:17.585] [main/INFO] [net.minecraft.world.item.crafting.RecipeManager/]: Skipping loading recipe delightful:integration/create/emptying/aged_roe as it's serializer returned null
[27Aug2026 20:10:17.585] [main/INFO] [net.minecraft.world.item.crafting.RecipeManager/]: Skipping loading recipe delightful:integration/cookielicious/glow_jam_cookie_tile_slab_stonecutting as it's serializer returned null
[27Aug2026 20:10:17.585] [main/INFO] [net.minecraft.world.item.crafting.RecipeManager/]: Skipping loading recipe duckling:pumpkin_pie as it's serializer returned null
[27Aug2026 20:10:17.585] [main/INFO] [net.minecraft.world.item.crafting.RecipeManager/]: Skipping loading recipe delightful:integration/biomeswevegone/cutting/flowers/pink_allium as it's serializer returned null
[27Aug2026 20:10:17.586] [main/INFO] [net.minecraft.world.item.crafting.RecipeManager/]: Skipping loading recipe delightful:integration/undergarden/cutting/gloomgourd_pie as it's serializer returned null
[27Aug2026 20:10:17.586] [main/INFO] [net.minecraft.world.item.crafting.RecipeManager/]: Skipping loading recipe delightful:integration/biomeswevegone/cutting/flowers/daffodil as it's serializer returned null
[27Aug2026 20:10:17.586] [main/INFO] [net.minecraft.world.item.crafting.RecipeManager/]: Skipping loading recipe vintagedelight:deluxe_burger_from_bun as it's serializer returned null
[27Aug2026 20:10:17.586] [main/INFO] [net.minecraft.world.item.crafting.RecipeManager/]: Skipping loading recipe wildberries:cutting/blackberry_pie as it's serializer returned null
[27Aug2026 20:10:17.587] [main/INFO] [net.minecraft.world.item.crafting.RecipeManager/]: Skipping loading recipe delightful:integration/twigs/cutting/cobblestone as it's serializer returned null
[27Aug2026 20:10:17.587] [main/INFO] [net.minecraft.world.item.crafting.RecipeManager/]: Skipping loading recipe duckling:cake as it's serializer returned null
[27Aug2026 20:10:17.588] [main/INFO] [net.minecraft.world.item.crafting.RecipeManager/]: Skipping loading recipe delightful:integration/biomeswevegone/cutting/flowers/kovan_flower as it's serializer returned null
[27Aug2026 20:10:17.588] [main/INFO] [net.minecraft.world.item.crafting.RecipeManager/]: Skipping loading recipe delightful:integration/windswept/mutton_pie_from_slices as it's serializer returned null
[27Aug2026 20:10:17.588] [main/INFO] [net.minecraft.world.item.crafting.RecipeManager/]: Skipping loading recipe delightful:food/pie_crust_from_flour as it's serializer returned null
[27Aug2026 20:10:17.589] [main/INFO] [net.minecraft.world.item.crafting.RecipeManager/]: Skipping loading recipe delightful:integration/unusualend/chorus_muffin as it's serializer returned null
[27Aug2026 20:10:17.593] [main/INFO] [net.minecraft.world.item.crafting.RecipeManager/]: Skipping loading recipe delightful:knives/smelting/silver_eidolon as it's serializer returned null
[27Aug2026 20:10:17.595] [main/INFO] [net.minecraft.world.item.crafting.RecipeManager/]: Skipping loading recipe delightful:knives/holystone_knife as it's serializer returned null
[27Aug2026 20:10:17.595] [main/INFO] [net.minecraft.world.item.crafting.RecipeManager/]: Skipping loading recipe delightful:knives/blasting/constantan_immersiveengineering as it's serializer returned null
[27Aug2026 20:10:17.596] [main/INFO] [net.minecraft.world.item.crafting.RecipeManager/]: Skipping loading recipe delightful:integration/brewinandchewin/fermenting/caviar_from_water as it's serializer returned null
[27Aug2026 20:10:17.596] [main/INFO] [net.minecraft.world.item.crafting.RecipeManager/]: Skipping loading recipe delightful:integration/snowyspirit/cutting/ginger_flower as it's serializer returned null
[27Aug2026 20:10:17.596] [main/INFO] [net.minecraft.world.item.crafting.RecipeManager/]: Skipping loading recipe delightful:integration/biomeswevegone/cutting/flowers/begonia as it's serializer returned null
[27Aug2026 20:10:17.597] [main/INFO] [net.minecraft.world.item.crafting.RecipeManager/]: Skipping loading recipe delightful:integration/farmersrespite/brewing/matcha_latte_from_milk as it's serializer returned null
[27Aug2026 20:10:17.600] [main/INFO] [net.minecraft.world.item.crafting.RecipeManager/]: Skipping loading recipe delightful:integration/cookielicious/source_berry_cookie_tile_wall as it's serializer returned null
[27Aug2026 20:10:17.601] [main/INFO] [net.minecraft.world.item.crafting.RecipeManager/]: Skipping loading recipe malum:malum/soul_stained_steel_knife as it's serializer returned null
[27Aug2026 20:10:17.601] [main/INFO] [net.minecraft.world.item.crafting.RecipeManager/]: Skipping loading recipe delightful:integration/rottenleather/chunkwich as it's serializer returned null
[27Aug2026 20:10:17.601] [main/INFO] [net.minecraft.world.item.crafting.RecipeManager/]: Skipping loading recipe delightful:knives/smelting/steel_immersiveengineering as it's serializer returned null
[27Aug2026 20:10:17.602] [main/INFO] [net.minecraft.world.item.crafting.RecipeManager/]: Skipping loading recipe undergardendelight:cutting/knife/gloomgourd_pie as it's serializer returned null
[27Aug2026 20:10:17.602] [main/INFO] [net.minecraft.world.item.crafting.RecipeManager/]: Skipping loading recipe delightful:knives/thyrium_knife as it's serializer returned null
[27Aug2026 20:10:17.603] [main/INFO] [net.minecraft.world.item.crafting.RecipeManager/]: Skipping loading recipe delightful:integration/biomeswevegone/cutting/flowers/light_gray as it's serializer returned null
[27Aug2026 20:10:17.603] [main/INFO] [net.minecraft.world.item.crafting.RecipeManager/]: Skipping loading recipe seeddelight:cutting/acorn_2 as it's serializer returned null
[27Aug2026 20:10:17.603] [main/INFO] [net.minecraft.world.item.crafting.RecipeManager/]: Skipping loading recipe thermal:storage/beetroot_block as it's serializer returned null
[27Aug2026 20:10:17.603] [main/INFO] [net.minecraft.world.item.crafting.RecipeManager/]: Skipping loading recipe wildberries:glow_berry_pie_from_slices as it's serializer returned null
[27Aug2026 20:10:17.603] [main/INFO] [net.minecraft.world.item.crafting.RecipeManager/]: Skipping loading recipe abnormals_delight:buzzier_bees/cutting/white_clover as it's serializer returned null
[27Aug2026 20:10:17.604] [main/ERROR] [net.minecraft.world.item.crafting.RecipeManager/]: Parsing error loading recipe brewincompatdelight:filling/hard_cider: com.google.gson.JsonSyntaxException: Invalid or unsupported recipe type 'create:filling'
[27Aug2026 20:10:17.604] [main/INFO] [net.minecraft.world.item.crafting.RecipeManager/]: Skipping loading recipe thermal:storage/apple_block as it's serializer returned null
[27Aug2026 20:10:17.604] [main/INFO] [net.minecraft.world.item.crafting.RecipeManager/]: Skipping loading recipe delightful:knives/blasting/constantan_thermal as it's serializer returned null
[27Aug2026 20:10:17.604] [main/INFO] [net.minecraft.world.item.crafting.RecipeManager/]: Skipping loading recipe delightful:integration/ecologics/bowl_from_coconut_husk as it's serializer returned null
[27Aug2026 20:10:17.605] [main/INFO] [net.minecraft.world.item.crafting.RecipeManager/]: Skipping loading recipe delightful:knives/zanite_knife as it's serializer returned null
[27Aug2026 20:10:17.606] [main/INFO] [net.minecraft.world.item.crafting.RecipeManager/]: Skipping loading recipe delightful:integration/biomemakeover/cutting/saguaro_cactus as it's serializer returned null
[27Aug2026 20:10:17.606] [main/INFO] [net.minecraft.world.item.crafting.RecipeManager/]: Skipping loading recipe delightful:cutting/raw_venison as it's serializer returned null
[27Aug2026 20:10:17.606] [main/INFO] [net.minecraft.world.item.crafting.RecipeManager/]: Skipping loading recipe delightful:integration/biomeswevegone/cutting/flowers/yellow as it's serializer returned null
[27Aug2026 20:10:17.606] [main/INFO] [net.minecraft.world.item.crafting.RecipeManager/]: Skipping loading recipe vintagedelight:deluxe_burger as it's serializer returned null
[27Aug2026 20:10:17.607] [main/INFO] [net.minecraft.world.item.crafting.RecipeManager/]: Skipping loading recipe ecologics:beetroot_soup_from_coconut_husk as it's serializer returned null
[27Aug2026 20:10:17.607] [main/INFO] [net.minecraft.world.item.crafting.RecipeManager/]: Skipping loading recipe ars_nouveau:source_berry_roll as it's serializer returned null
[27Aug2026 20:10:17.607] [main/INFO] [net.minecraft.world.item.crafting.RecipeManager/]: Skipping loading recipe delightful:knives/electrum_knife as it's serializer returned null
[27Aug2026 20:10:17.607] [main/INFO] [net.minecraft.world.item.crafting.RecipeManager/]: Skipping loading recipe enderio:alloy_smelting/cake_base as it's serializer returned null
[27Aug2026 20:10:17.607] [main/INFO] [net.minecraft.world.item.crafting.RecipeManager/]: Skipping loading recipe delightful:integration/sunflowerdelight/red_dye_from_rosebud as it's serializer returned null
[27Aug2026 20:10:17.607] [main/INFO] [net.minecraft.world.item.crafting.RecipeManager/]: Skipping loading recipe delightful:knives/smelting/silver_immersiveengineering as it's serializer returned null
[27Aug2026 20:10:17.611] [main/INFO] [net.minecraft.world.item.crafting.RecipeManager/]: Skipping loading recipe delightful:knives/smelting/brass_create as it's serializer returned null
[27Aug2026 20:10:17.611] [main/INFO] [net.minecraft.world.item.crafting.RecipeManager/]: Skipping loading recipe delightful:knives/smelting/invar_thermal as it's serializer returned null
[27Aug2026 20:10:17.611] [main/INFO] [net.minecraft.world.item.crafting.RecipeManager/]: Skipping loading recipe wildberries:raspberry_pie_from_slices as it's serializer returned null
[27Aug2026 20:10:17.611] [main/INFO] [net.minecraft.world.item.crafting.RecipeManager/]: Skipping loading recipe delightful:knives/smithing/stratus_knife as it's serializer returned null
[27Aug2026 20:10:17.615] [main/INFO] [net.minecraft.world.item.crafting.RecipeManager/]: Skipping loading recipe casualness_delight:cutting/cheese_wheel as it's serializer returned null
[27Aug2026 20:10:17.616] [main/INFO] [net.minecraft.world.item.crafting.RecipeManager/]: Skipping loading recipe create:rose_quartz_block_from_rose_quartz_stonecutting as it's serializer returned null
[27Aug2026 20:10:17.616] [main/INFO] [net.minecraft.world.item.crafting.RecipeManager/]: Skipping loading recipe casualness_delight:crafting_shaped/donkey_burger as it's serializer returned null
[27Aug2026 20:10:17.616] [main/INFO] [net.minecraft.world.item.crafting.RecipeManager/]: Skipping loading recipe thermal:storage/carrot_block as it's serializer returned null
[27Aug2026 20:10:17.616] [main/INFO] [net.minecraft.world.item.crafting.RecipeManager/]: Skipping loading recipe delightful:knives/blasting/lead_immersiveengineering as it's serializer returned null
[27Aug2026 20:10:17.616] [main/INFO] [net.minecraft.world.item.crafting.RecipeManager/]: Skipping loading recipe delightful:knives/blasting/bone/bone_meal_from_blasting_shovel as it's serializer returned null
[27Aug2026 20:10:17.616] [main/INFO] [net.minecraft.world.item.crafting.RecipeManager/]: Skipping loading recipe minecraft:mushroom_stew as it's serializer returned null
[27Aug2026 20:10:17.616] [main/INFO] [net.minecraft.world.item.crafting.RecipeManager/]: Skipping loading recipe untameddelight:boar_hamburger as it's serializer returned null
[27Aug2026 20:10:17.617] [main/INFO] [net.minecraft.world.item.crafting.RecipeManager/]: Skipping loading recipe hearthandharvest:integration/brewinandchewin/fermenting/unripe_cheddar_cheese_wheel as it's serializer returned null
[27Aug2026 20:10:17.617] [main/INFO] [net.minecraft.world.item.crafting.RecipeManager/]: Skipping loading recipe brewincompatdelight:cooking/soy_wax as it's serializer returned null
[27Aug2026 20:10:17.620] [main/INFO] [net.minecraft.world.item.crafting.RecipeManager/]: Skipping loading recipe rusticdelight:pancakes as it's serializer returned null
[27Aug2026 20:10:17.620] [main/INFO] [net.minecraft.world.item.crafting.RecipeManager/]: Skipping loading recipe atmospheric:passion_fruit_tart as it's serializer returned null
[27Aug2026 20:10:17.621] [main/INFO] [net.minecraft.world.item.crafting.RecipeManager/]: Skipping loading recipe sunflowerdelight:cooking/rose_lemonade as it's serializer returned null
[27Aug2026 20:10:17.621] [main/INFO] [net.minecraft.world.item.crafting.RecipeManager/]: Skipping loading recipe delightful:integration/create/emptying/eggnog as it's serializer returned null
[27Aug2026 20:10:17.621] [main/INFO] [net.minecraft.world.item.crafting.RecipeManager/]: Skipping loading recipe duckling:holiday_fruit_cake as it's serializer returned null
[27Aug2026 20:10:17.621] [main/INFO] [net.minecraft.world.item.crafting.RecipeManager/]: Skipping loading recipe delightful:knives/repairing/skyjade_knife as it's serializer returned null
[27Aug2026 20:10:17.621] [main/INFO] [net.minecraft.world.item.crafting.RecipeManager/]: Skipping loading recipe delightful:integration/atmospheric/cutting/passion_fruit_tart as it's serializer returned null
[27Aug2026 20:10:17.622] [main/INFO] [net.minecraft.world.item.crafting.RecipeManager/]: Skipping loading recipe endergetic:poise_ladder as it's serializer returned null
[27Aug2026 20:10:17.622] [main/INFO] [net.minecraft.world.item.crafting.RecipeManager/]: Skipping loading recipe endergetic:poise_door_from_poise_stems_sawing as it's serializer returned null
[27Aug2026 20:10:17.622] [main/INFO] [net.minecraft.world.item.crafting.RecipeManager/]: Skipping loading recipe supplementaries:pancake_fd as it's serializer returned null
[27Aug2026 20:10:17.622] [main/INFO] [net.minecraft.world.item.crafting.RecipeManager/]: Skipping loading recipe delightful:food/honey_glazed_walnut as it's serializer returned null
[27Aug2026 20:10:17.623] [main/INFO] [net.minecraft.world.item.crafting.RecipeManager/]: Skipping loading recipe delightful:knives/repairing/stratus_knife as it's serializer returned null
[27Aug2026 20:10:17.623] [main/INFO] [net.minecraft.world.item.crafting.RecipeManager/]: Skipping loading recipe thermal:machines/press/unpacking/press_carrot_unpacking as it's serializer returned null
[27Aug2026 20:10:17.623] [main/INFO] [net.minecraft.world.item.crafting.RecipeManager/]: Skipping loading recipe brewincompatdelight:screwdriver as it's serializer returned null
[27Aug2026 20:10:17.623] [main/INFO] [net.minecraft.world.item.crafting.RecipeManager/]: Skipping loading recipe endergetic:trapped_poise_chest as it's serializer returned null
[27Aug2026 20:10:17.623] [main/INFO] [net.minecraft.world.item.crafting.RecipeManager/]: Skipping loading recipe thermal:storage/apple_from_block as it's serializer returned null
[27Aug2026 20:10:17.624] [main/INFO] [net.minecraft.world.item.crafting.RecipeManager/]: Skipping loading recipe delightful:knives/smithing/pearlescent_knife as it's serializer returned null
[27Aug2026 20:10:17.624] [main/INFO] [net.minecraft.world.item.crafting.RecipeManager/]: Skipping loading recipe neapolitan:banana/banana_bread as it's serializer returned null
[27Aug2026 20:10:17.624] [main/INFO] [net.minecraft.world.item.crafting.RecipeManager/]: Skipping loading recipe justenoughbreeding:breeding/naturalist/catfish as it's serializer returned null
[27Aug2026 20:10:17.628] [main/ERROR] [net.minecraft.world.item.crafting.RecipeManager/]: Parsing error loading recipe brewincompatdelight:filling/gin: com.google.gson.JsonSyntaxException: Invalid or unsupported recipe type 'create:filling'
[27Aug2026 20:10:17.628] [main/INFO] [net.minecraft.world.item.crafting.RecipeManager/]: Skipping loading recipe delightful:food/cooking/sinigang as it's serializer returned null
[27Aug2026 20:10:17.628] [main/INFO] [net.minecraft.world.item.crafting.RecipeManager/]: Skipping loading recipe delightful:knives/smithing/fluix_knife as it's serializer returned null
[27Aug2026 20:10:17.629] [main/INFO] [net.minecraft.world.item.crafting.RecipeManager/]: Skipping loading recipe sob:crafting/pbnj as it's serializer returned null
[27Aug2026 20:10:17.629] [main/INFO] [net.minecraft.world.item.crafting.RecipeManager/]: Skipping loading recipe thermal:machines/refinery/refinery_sap as it's serializer returned null
[27Aug2026 20:10:17.629] [main/ERROR] [net.minecraft.world.item.crafting.RecipeManager/]: Parsing error loading recipe brewincompatdelight:filling/kraken_rum: com.google.gson.JsonSyntaxException: Invalid or unsupported recipe type 'create:filling'
[27Aug2026 20:10:17.630] [main/ERROR] [net.minecraft.world.item.crafting.RecipeManager/]: Parsing error loading recipe brewincompatdelight:emptying/peach_wine: com.google.gson.JsonSyntaxException: Invalid or unsupported recipe type 'create:emptying'
[27Aug2026 20:10:17.630] [main/INFO] [net.minecraft.world.item.crafting.RecipeManager/]: Skipping loading recipe delightful:integration/biomeswevegone/cutting/golden_spined_cactus as it's serializer returned null
[27Aug2026 20:10:17.632] [main/INFO] [net.minecraft.world.item.crafting.RecipeManager/]: Skipping loading recipe delightful:integration/cookielicious/glow_jam_cookie_tile_wall_stonecutting as it's serializer returned null
[27Aug2026 20:10:17.633] [main/INFO] [net.minecraft.world.item.crafting.RecipeManager/]: Skipping loading recipe delightful:integration/windswept/cutting/mutton_pie as it's serializer returned null
[27Aug2026 20:10:17.633] [main/INFO] [net.minecraft.world.item.crafting.RecipeManager/]: Skipping loading recipe delightful:food/cooking/venison_stew as it's serializer returned null
[27Aug2026 20:10:17.633] [main/INFO] [net.minecraft.world.item.crafting.RecipeManager/]: Skipping loading recipe brewincompatdelight:medina as it's serializer returned null
[27Aug2026 20:10:17.633] [main/INFO] [net.minecraft.world.item.crafting.RecipeManager/]: Skipping loading recipe rusticdelight:honey_pancakes as it's serializer returned null
[27Aug2026 20:10:17.634] [main/INFO] [net.minecraft.world.item.crafting.RecipeManager/]: Skipping loading recipe deep_aether:skyroot_milk_bucket_cake as it's serializer returned null
[27Aug2026 20:10:17.634] [main/INFO] [net.minecraft.world.item.crafting.RecipeManager/]: Skipping loading recipe delightful:integration/vanillabackport/cutting/pale_oak_sapling as it's serializer returned null
[27Aug2026 20:10:17.634] [main/INFO] [net.minecraft.world.item.crafting.RecipeManager/]: Skipping loading recipe hearthandharvest:batter as it's serializer returned null
[27Aug2026 20:10:17.634] [main/ERROR] [net.minecraft.world.item.crafting.RecipeManager/]: Parsing error loading recipe brewincompatdelight:filling/sweet_red_wine: com.google.gson.JsonSyntaxException: Invalid or unsupported recipe type 'create:filling'
[27Aug2026 20:10:17.634] [main/INFO] [net.minecraft.world.item.crafting.RecipeManager/]: Skipping loading recipe delightful:integration/ars_nouveau/cutting/green_archwood_log as it's serializer returned null
[27Aug2026 20:10:17.635] [main/INFO] [net.minecraft.world.item.crafting.RecipeManager/]: Skipping loading recipe delightful:integration/immersiveengineering/squeezer/salmonberry_pips as it's serializer returned null
[27Aug2026 20:10:17.638] [main/INFO] [net.minecraft.world.item.crafting.RecipeManager/]: Skipping loading recipe delightful:integration/thermal/tree_extractor/yellow_maple as it's serializer returned null
[27Aug2026 20:10:17.638] [main/INFO] [net.minecraft.world.item.crafting.RecipeManager/]: Skipping loading recipe delightful:integration/biomeswevegone/cutting/flowering_barrel_cactus as it's serializer returned null
[27Aug2026 20:10:17.641] [main/INFO] [net.minecraft.world.item.crafting.RecipeManager/]: Skipping loading recipe thermal:machines/press/packing3x3/press_charcoal_packing as it's serializer returned null
[27Aug2026 20:10:17.641] [main/INFO] [net.minecraft.world.item.crafting.RecipeManager/]: Skipping loading recipe snowyspirit:eggnog as it's serializer returned null
[27Aug2026 20:10:17.644] [main/INFO] [net.minecraft.world.item.crafting.RecipeManager/]: Skipping loading recipe buzzier_bees:white_clover_compat as it's serializer returned null
[27Aug2026 20:10:17.644] [main/INFO] [net.minecraft.world.item.crafting.RecipeManager/]: Skipping loading recipe delightful:knives/smelting/tin_thermal as it's serializer returned null
[27Aug2026 20:10:17.644] [main/INFO] [net.minecraft.world.item.crafting.RecipeManager/]: Skipping loading recipe delightful:food/cooking/glow_jam_jar as it's serializer returned null
[27Aug2026 20:10:17.644] [main/INFO] [net.minecraft.world.item.crafting.RecipeManager/]: Skipping loading recipe endergetic:cracked_eumus_bricks_from_baking as it's serializer returned null
[27Aug2026 20:10:17.644] [main/INFO] [net.minecraft.world.item.crafting.RecipeManager/]: Skipping loading recipe delightful:knives/blasting/bone/bone_meal_from_blasting_leggings as it's serializer returned null
[27Aug2026 20:10:17.645] [main/INFO] [net.minecraft.world.item.crafting.RecipeManager/]: Skipping loading recipe delightful:food/cooking/venison_stew_no_animal_fat as it's serializer returned null
[27Aug2026 20:10:17.645] [main/INFO] [net.minecraft.world.item.crafting.RecipeManager/]: Skipping loading recipe delightful:integration/create/emptying/ender_nectar as it's serializer returned null
[27Aug2026 20:10:17.645] [main/INFO] [net.minecraft.world.item.crafting.RecipeManager/]: Skipping loading recipe delightful:knives/smithing/netherite_opal_knife as it's serializer returned null
[27Aug2026 20:10:17.645] [main/INFO] [net.minecraft.world.item.crafting.RecipeManager/]: Skipping loading recipe seasonals:crafting/pumpkin_adzuki_stew as it's serializer returned null
[27Aug2026 20:10:17.645] [main/INFO] [net.minecraft.world.item.crafting.RecipeManager/]: Skipping loading recipe thermal:storage/carrot_from_block as it's serializer returned null
[27Aug2026 20:10:17.645] [main/INFO] [net.minecraft.world.item.crafting.RecipeManager/]: Skipping loading recipe ecologics:mushroom_stew_from_coconut_husk as it's serializer returned null
[27Aug2026 20:10:17.645] [main/INFO] [net.minecraft.world.item.crafting.RecipeManager/]: Skipping loading recipe delightful:integration/cosmopolitan/campfire/llama_marshmallow_brown as it's serializer returned null
[27Aug2026 20:10:17.645] [main/INFO] [net.minecraft.world.item.crafting.RecipeManager/]: Skipping loading recipe delightful:matcha_ice_cream_block as it's serializer returned null
[27Aug2026 20:10:17.646] [main/INFO] [net.minecraft.world.item.crafting.RecipeManager/]: Skipping loading recipe delightful:knives/blasting/bone/bone_meal_from_blasting_chestplate as it's serializer returned null
[27Aug2026 20:10:17.646] [main/INFO] [net.minecraft.world.item.crafting.RecipeManager/]: Skipping loading recipe delightful:knives/skyroot_knife as it's serializer returned null
[27Aug2026 20:10:17.646] [main/INFO] [net.minecraft.world.item.crafting.RecipeManager/]: Skipping loading recipe undergarden:indigo_stew as it's serializer returned null
[27Aug2026 20:10:17.646] [main/INFO] [net.minecraft.world.item.crafting.RecipeManager/]: Skipping loading recipe enderio:cake as it's serializer returned null
[27Aug2026 20:10:17.646] [main/ERROR] [net.minecraft.world.item.crafting.RecipeManager/]: Parsing error loading recipe brewincompatdelight:filling/moonshine: com.google.gson.JsonSyntaxException: Invalid or unsupported recipe type 'create:filling'
[27Aug2026 20:10:17.647] [main/INFO] [net.minecraft.world.item.crafting.RecipeManager/]: Skipping loading recipe seeddelight:cutting/acorn as it's serializer returned null
[27Aug2026 20:10:17.647] [main/INFO] [net.minecraft.world.item.crafting.RecipeManager/]: Skipping loading recipe brewincompatdelight:aqua_velva as it's serializer returned null
[27Aug2026 20:10:17.647] [main/INFO] [net.minecraft.world.item.crafting.RecipeManager/]: Skipping loading recipe vintagedelight:cheese_burger_from_bun as it's serializer returned null
[27Aug2026 20:10:17.647] [main/INFO] [net.minecraft.world.item.crafting.RecipeManager/]: Skipping loading recipe delightful:integration/undergarden/cutting/ink_mushroom as it's serializer returned null
[27Aug2026 20:10:17.647] [main/INFO] [net.minecraft.world.item.crafting.RecipeManager/]: Skipping loading recipe nirvana:weed_brownie as it's serializer returned null
[27Aug2026 20:10:17.648] [main/INFO] [net.minecraft.world.item.crafting.RecipeManager/]: Skipping loading recipe justenoughbreeding:breeding/upgrade_aquatic/pike as it's serializer returned null
[27Aug2026 20:10:17.648] [main/INFO] [net.minecraft.world.item.crafting.RecipeManager/]: Skipping loading recipe delightful:integration/cookielicious/glow_jam_cookie_tile_slab as it's serializer returned null
[27Aug2026 20:10:17.649] [main/INFO] [net.minecraft.world.item.crafting.RecipeManager/]: Skipping loading recipe delightful:integration/ars_nouveau/source_berry_pie_from_slices as it's serializer returned null
[27Aug2026 20:10:17.649] [main/INFO] [net.minecraft.world.item.crafting.RecipeManager/]: Skipping loading recipe delightful:knives/smithing/obsidian_infused_enderite_knife as it's serializer returned null
[27Aug2026 20:10:17.649] [main/INFO] [net.minecraft.world.item.crafting.RecipeManager/]: Skipping loading recipe delightful:knives/smithing/enderite_knife as it's serializer returned null
[27Aug2026 20:10:17.649] [main/INFO] [net.minecraft.world.item.crafting.RecipeManager/]: Skipping loading recipe delightful:food/roe_blini as it's serializer returned null
[27Aug2026 20:10:17.650] [main/INFO] [net.minecraft.world.item.crafting.RecipeManager/]: Skipping loading recipe delightful:knives/utherium_knife as it's serializer returned null
[27Aug2026 20:10:17.650] [main/INFO] [net.minecraft.world.item.crafting.RecipeManager/]: Skipping loading recipe frozenup:mug_of_milk as it's serializer returned null
[27Aug2026 20:10:17.651] [main/INFO] [net.minecraft.world.item.crafting.RecipeManager/]: Skipping loading recipe hearthandharvest:egg_crate as it's serializer returned null
[27Aug2026 20:10:17.652] [main/INFO] [net.minecraft.world.item.crafting.RecipeManager/]: Skipping loading recipe delightful:knives/smelting/lead_oreganized as it's serializer returned null
[27Aug2026 20:10:17.652] [main/INFO] [net.minecraft.world.item.crafting.RecipeManager/]: Skipping loading recipe rusticdelight:chocolate_pancakes as it's serializer returned null
[27Aug2026 20:10:17.653] [main/INFO] [net.minecraft.world.item.crafting.RecipeManager/]: Skipping loading recipe delightful:integration/ars_nouveau/unpack_mendosteen_crate as it's serializer returned null
[27Aug2026 20:10:17.653] [main/INFO] [net.minecraft.world.item.crafting.RecipeManager/]: Skipping loading recipe delightful:knives/kiwano_knife as it's serializer returned null
[27Aug2026 20:10:17.653] [main/INFO] [net.minecraft.world.item.crafting.RecipeManager/]: Skipping loading recipe delightful:knives/repairing/zanite_knife as it's serializer returned null
[27Aug2026 20:10:17.654] [main/INFO] [net.minecraft.world.item.crafting.RecipeManager/]: Skipping loading recipe delightful:knives/leaf_knife as it's serializer returned null
[27Aug2026 20:10:17.655] [main/INFO] [net.minecraft.world.item.crafting.RecipeManager/]: Skipping loading recipe thermal:machines/press/packing3x3/press_potato_packing as it's serializer returned null
[27Aug2026 20:10:17.655] [main/ERROR] [net.minecraft.world.item.crafting.RecipeManager/]: Parsing error loading recipe rusticdelight:cooking/batter: com.google.gson.JsonSyntaxException: Missing item, expected to find a string
[27Aug2026 20:10:17.655] [main/INFO] [net.minecraft.world.item.crafting.RecipeManager/]: Skipping loading recipe delightful:knives/smelting/bone/bone_meal_from_smelting_leggings as it's serializer returned null
[27Aug2026 20:10:17.656] [main/INFO] [net.minecraft.world.item.crafting.RecipeManager/]: Skipping loading recipe delightful:cutting/cooked_venison as it's serializer returned null
[27Aug2026 20:10:17.657] [main/INFO] [net.minecraft.world.item.crafting.RecipeManager/]: Skipping loading recipe windswept:mutton_pie as it's serializer returned null
[27Aug2026 20:10:17.657] [main/INFO] [net.minecraft.world.item.crafting.RecipeManager/]: Skipping loading recipe brewincompatdelight:half_and_half as it's serializer returned null
[27Aug2026 20:10:17.657] [main/INFO] [net.minecraft.world.item.crafting.RecipeManager/]: Skipping loading recipe delightful:integration/twigs/cutting/azalea_flower_ecologics as it's serializer returned null
[27Aug2026 20:10:17.657] [main/INFO] [net.minecraft.world.item.crafting.RecipeManager/]: Skipping loading recipe biomeswevegone:green_apple_pie as it's serializer returned null
[27Aug2026 20:10:17.657] [main/INFO] [net.minecraft.world.item.crafting.RecipeManager/]: Skipping loading recipe thermal:machines/press/packing3x3/press_apple_packing as it's serializer returned null
[27Aug2026 20:10:17.658] [main/INFO] [net.minecraft.world.item.crafting.RecipeManager/]: Skipping loading recipe endergetic:poise_button_from_poise_planks_sawing as it's serializer returned null
[27Aug2026 20:10:17.658] [main/INFO] [net.minecraft.world.item.crafting.RecipeManager/]: Skipping loading recipe abnormals_delight:autumnity/pumpkin_bread as it's serializer returned null
[27Aug2026 20:10:17.658] [main/INFO] [net.minecraft.world.item.crafting.RecipeManager/]: Skipping loading recipe delightful:knives/blasting/silver_immersiveengineering as it's serializer returned null
[27Aug2026 20:10:17.660] [main/INFO] [net.minecraft.world.item.crafting.RecipeManager/]: Skipping loading recipe naturalist:pumpkin_pie as it's serializer returned null
[27Aug2026 20:10:17.660] [main/INFO] [net.minecraft.world.item.crafting.RecipeManager/]: Skipping loading recipe delightful:knives/constantan_knife as it's serializer returned null
[27Aug2026 20:10:17.660] [main/INFO] [net.minecraft.world.item.crafting.RecipeManager/]: Skipping loading recipe delightful:integration/dungeonsdelight/monster_cooking/rock_candy as it's serializer returned null
[27Aug2026 20:10:17.660] [main/INFO] [net.minecraft.world.item.crafting.RecipeManager/]: Skipping loading recipe delightful:knives/smelting/bone/bone_meal_from_smelting_shovel as it's serializer returned null
[27Aug2026 20:10:17.661] [main/INFO] [net.minecraft.world.item.crafting.RecipeManager/]: Skipping loading recipe delightful:food/smore_from_chocolate as it's serializer returned null
[27Aug2026 20:10:17.662] [main/ERROR] [net.minecraft.world.item.crafting.RecipeManager/]: Parsing error loading recipe corn_delight:integration/mekanism/sawing/corn_seeds_sawing: com.google.gson.JsonSyntaxException: Invalid or unsupported recipe type 'mekanism:sawing'
[27Aug2026 20:10:17.662] [main/ERROR] [net.minecraft.world.item.crafting.RecipeManager/]: Parsing error loading recipe brewincompatdelight:filling/nut_brown_ale: com.google.gson.JsonSyntaxException: Invalid or unsupported recipe type 'create:filling'
[27Aug2026 20:10:17.662] [main/INFO] [net.minecraft.world.item.crafting.RecipeManager/]: Skipping loading recipe delightful:integration/ars_nouveau/frostaya_crate as it's serializer returned null
[27Aug2026 20:10:17.662] [main/INFO] [net.minecraft.world.item.crafting.RecipeManager/]: Skipping loading recipe buzzier_bees:white_clover as it's serializer returned null
[27Aug2026 20:10:17.662] [main/INFO] [net.minecraft.world.item.crafting.RecipeManager/]: Skipping loading recipe delightful:integration/ars_nouveau/unpack_bastion_fruit_crate as it's serializer returned null
[27Aug2026 20:10:17.662] [main/INFO] [net.minecraft.world.item.crafting.RecipeManager/]: Skipping loading recipe delightful:integration/upgrade_aquatic/cutting/beachgrass as it's serializer returned null
[27Aug2026 20:10:17.662] [main/INFO] [net.minecraft.world.item.crafting.RecipeManager/]: Skipping loading recipe frozenup:mug_of_truffle_hot_chocolate as it's serializer returned null
[27Aug2026 20:10:17.662] [main/INFO] [net.minecraft.world.item.crafting.RecipeManager/]: Skipping loading recipe undergardendelight:utherium_knife as it's serializer returned null
[27Aug2026 20:10:17.663] [main/INFO] [net.minecraft.world.item.crafting.RecipeManager/]: Skipping loading recipe delightful:integration/thermal/press/cantaloupe_packing as it's serializer returned null
[27Aug2026 20:10:17.663] [main/INFO] [net.minecraft.world.item.crafting.RecipeManager/]: Skipping loading recipe endergetic:poise_boards_from_poise_planks_sawing as it's serializer returned null
[27Aug2026 20:10:17.663] [main/INFO] [net.minecraft.world.item.crafting.RecipeManager/]: Skipping loading recipe delightful:integration/mynethersdelight/chilidog_from_cactus_chili as it's serializer returned null
[27Aug2026 20:10:17.663] [main/INFO] [net.minecraft.world.item.crafting.RecipeManager/]: Skipping loading recipe foragersinsight:acorn_cookie as it's serializer returned null
[27Aug2026 20:10:17.663] [main/INFO] [net.minecraft.world.item.crafting.RecipeManager/]: Skipping loading recipe wildberries:cutting/raspberry_pie as it's serializer returned null
[27Aug2026 20:10:17.663] [main/INFO] [net.minecraft.world.item.crafting.RecipeManager/]: Skipping loading recipe delightful:integration/biomeswevegone/cutting/flowers/silver_vase_flower as it's serializer returned null
[27Aug2026 20:10:17.664] [main/INFO] [net.minecraft.world.item.crafting.RecipeManager/]: Skipping loading recipe delightful:knives/smelting/forgotten_undergarden as it's serializer returned null
[27Aug2026 20:10:17.664] [main/INFO] [net.minecraft.world.item.crafting.RecipeManager/]: Skipping loading recipe delightful:knives/blasting/silver_eidolon as it's serializer returned null
[27Aug2026 20:10:17.664] [main/INFO] [net.minecraft.world.item.crafting.RecipeManager/]: Skipping loading recipe delightful:integration/habitat/cutting/rafflesia as it's serializer returned null
[27Aug2026 20:10:17.664] [main/INFO] [net.minecraft.world.item.crafting.RecipeManager/]: Skipping loading recipe delightful:knives/smelting/warden_deeperdarker as it's serializer returned null
[27Aug2026 20:10:17.665] [main/INFO] [net.minecraft.world.item.crafting.RecipeManager/]: Skipping loading recipe twilightdelight:cutting/cooked_venison_rib as it's serializer returned null
[27Aug2026 20:10:17.665] [main/INFO] [net.minecraft.world.item.crafting.RecipeManager/]: Skipping loading recipe delightful:integration/biomeswevegone/blueberry_pie_from_slices as it's serializer returned null
[27Aug2026 20:10:17.667] [main/INFO] [net.minecraft.world.item.crafting.RecipeManager/]: Skipping loading recipe delightful:knives/skyjade_knife as it's serializer returned null
[27Aug2026 20:10:17.667] [main/INFO] [net.minecraft.world.item.crafting.RecipeManager/]: Skipping loading recipe delightful:integration/ars_nouveau/cutting/source_berry_pie as it's serializer returned null
[27Aug2026 20:10:17.668] [main/INFO] [net.minecraft.world.item.crafting.RecipeManager/]: Skipping loading recipe moredelight:cutting/diced_potatoes as it's serializer returned null
[27Aug2026 20:10:17.668] [main/ERROR] [net.minecraft.world.item.crafting.RecipeManager/]: Parsing error loading recipe brewincompatdelight:filling/blue_curacao: com.google.gson.JsonSyntaxException: Invalid or unsupported recipe type 'create:filling'
[27Aug2026 20:10:17.669] [main/INFO] [net.minecraft.world.item.crafting.RecipeManager/]: Skipping loading recipe delightful:knives/smelting/osmium_mekanism as it's serializer returned null
[27Aug2026 20:10:17.669] [main/INFO] [net.minecraft.world.item.crafting.RecipeManager/]: Skipping loading recipe delightful:integration/farmersrespite/brewing/azalea_tea_from_strong_yellow_tea as it's serializer returned null
[27Aug2026 20:10:17.669] [main/INFO] [net.minecraft.world.item.crafting.RecipeManager/]: Skipping loading recipe brewincompatdelight:lemon_lime as it's serializer returned null
[27Aug2026 20:10:17.670] [main/INFO] [net.minecraft.world.item.crafting.RecipeManager/]: Skipping loading recipe delightful:integration/thermal/organic_compost_from_compost as it's serializer returned null
[27Aug2026 20:10:17.671] [main/INFO] [net.minecraft.world.item.crafting.RecipeManager/]: Skipping loading recipe delightful:knives/invar_knife as it's serializer returned null
[27Aug2026 20:10:17.672] [main/INFO] [net.minecraft.world.item.crafting.RecipeManager/]: Skipping loading recipe seeddelight:cooking/stir_fried_cabbage_with_acorn_2 as it's serializer returned null
[27Aug2026 20:10:17.672] [main/INFO] [net.minecraft.world.item.crafting.RecipeManager/]: Skipping loading recipe delightful:knives/knightmetal_knife as it's serializer returned null
[27Aug2026 20:10:17.672] [main/ERROR] [net.minecraft.world.item.crafting.RecipeManager/]: Parsing error loading recipe brewinandchewin:pouring/soymilk_bottle: com.google.gson.JsonSyntaxException: Unknown item 'vegandelight:soymilk_bottle'
[27Aug2026 20:10:17.673] [main/INFO] [net.minecraft.world.item.crafting.RecipeManager/]: Skipping loading recipe delightful:integration/farmersrespite/pouring/prickly_pear_juice as it's serializer returned null
[27Aug2026 20:10:17.674] [main/INFO] [net.minecraft.world.item.crafting.RecipeManager/]: Skipping loading recipe deep_aether:cake as it's serializer returned null
[27Aug2026 20:10:17.674] [main/INFO] [net.minecraft.world.item.crafting.RecipeManager/]: Skipping loading recipe additionaladditions:honeyed_apple as it's serializer returned null
[27Aug2026 20:10:17.674] [main/INFO] [net.minecraft.world.item.crafting.RecipeManager/]: Skipping loading recipe delightful:integration/habitat/cutting/orange_ball_cactus as it's serializer returned null
[27Aug2026 20:10:17.675] [main/INFO] [net.minecraft.world.item.crafting.RecipeManager/]: Skipping loading recipe miners_delight:squid_sandwich as it's serializer returned null
[27Aug2026 20:10:17.675] [main/INFO] [net.minecraft.world.item.crafting.RecipeManager/]: Skipping loading recipe hauntedharvest:corn_bread as it's serializer returned null
[27Aug2026 20:10:17.675] [main/INFO] [net.minecraft.world.item.crafting.RecipeManager/]: Skipping loading recipe delightful:integration/cookielicious/glow_jam_cookie_tiles as it's serializer returned null
[27Aug2026 20:10:17.676] [main/INFO] [net.minecraft.world.item.crafting.RecipeManager/]: Skipping loading recipe delightful:knives/brass_knife as it's serializer returned null
[27Aug2026 20:10:17.676] [main/INFO] [net.minecraft.world.item.crafting.RecipeManager/]: Skipping loading recipe endergetic:poise_pressure_plate_from_poise_stems_sawing as it's serializer returned null
[27Aug2026 20:10:17.676] [main/INFO] [net.minecraft.world.item.crafting.RecipeManager/]: Skipping loading recipe seasonals:crafting/mixed_berry_muffin as it's serializer returned null
[27Aug2026 20:10:17.676] [main/INFO] [net.minecraft.world.item.crafting.RecipeManager/]: Skipping loading recipe create:sandpaper_polishing/rose_quartz as it's serializer returned null
[27Aug2026 20:10:17.677] [main/INFO] [net.minecraft.world.item.crafting.RecipeManager/]: Skipping loading recipe justenoughbreeding:breeding/naturalist/bass as it's serializer returned null
[27Aug2026 20:10:17.677] [main/INFO] [net.minecraft.world.item.crafting.RecipeManager/]: Skipping loading recipe delightful:integration/ars_nouveau/cutting/purple_archwood_log as it's serializer returned null
[27Aug2026 20:10:17.677] [main/INFO] [net.minecraft.world.item.crafting.RecipeManager/]: Skipping loading recipe delightful:knives/copper_knife as it's serializer returned null
[27Aug2026 20:10:17.677] [main/INFO] [net.minecraft.world.item.crafting.RecipeManager/]: Skipping loading recipe supplementaries:altimeter as it's serializer returned null
[27Aug2026 20:10:17.677] [main/INFO] [net.minecraft.world.item.crafting.RecipeManager/]: Skipping loading recipe brewincompatdelight:gin_and_juice as it's serializer returned null
[27Aug2026 20:10:17.677] [main/INFO] [net.minecraft.world.item.crafting.RecipeManager/]: Skipping loading recipe delightful:knives/blasting/emerald_emeraldequipment as it's serializer returned null
[27Aug2026 20:10:17.677] [main/INFO] [net.minecraft.world.item.crafting.RecipeManager/]: Skipping loading recipe casualness_delight:crafting_shaped/green_tongue as it's serializer returned null
[27Aug2026 20:10:17.678] [main/INFO] [net.minecraft.world.item.crafting.RecipeManager/]: Skipping loading recipe delightful:knives/bronze_knife as it's serializer returned null
[27Aug2026 20:10:17.678] [main/INFO] [net.minecraft.world.item.crafting.RecipeManager/]: Skipping loading recipe delightful:integration/create/filling/lavender_tea as it's serializer returned null
[27Aug2026 20:10:17.678] [main/INFO] [net.minecraft.world.item.crafting.RecipeManager/]: Skipping loading recipe delightful:integration/farmersrespite/brewing/long_prickly_pear_juice as it's serializer returned null
[27Aug2026 20:10:17.678] [main/INFO] [net.minecraft.world.item.crafting.RecipeManager/]: Skipping loading recipe delightful:integration/habitat/cutting/kabloom_fruit as it's serializer returned null
[27Aug2026 20:10:17.679] [main/INFO] [net.minecraft.world.item.crafting.RecipeManager/]: Skipping loading recipe upgrade_aquatic:mulberry_jam_bottle as it's serializer returned null
[27Aug2026 20:10:17.679] [main/INFO] [net.minecraft.world.item.crafting.RecipeManager/]: Skipping loading recipe oceansdelight:cutting/tentacles as it's serializer returned null
[27Aug2026 20:10:17.679] [main/INFO] [net.minecraft.world.item.crafting.RecipeManager/]: Skipping loading recipe windswept_delights:melon_popsicle_from_icicles as it's serializer returned null
[27Aug2026 20:10:17.679] [main/INFO] [net.minecraft.world.item.crafting.RecipeManager/]: Skipping loading recipe delightful:integration/ars_nouveau/unpack_frostaya_crate as it's serializer returned null
[27Aug2026 20:10:17.680] [main/INFO] [net.minecraft.world.item.crafting.RecipeManager/]: Skipping loading recipe aether:nature_staff as it's serializer returned null
[27Aug2026 20:10:17.680] [main/INFO] [net.minecraft.world.item.crafting.RecipeManager/]: Skipping loading recipe endergetic:large_poise_boat as it's serializer returned null
[27Aug2026 20:10:17.680] [main/INFO] [net.minecraft.world.item.crafting.RecipeManager/]: Skipping loading recipe delightful:integration/farmersrespite/pouring/azalea_tea as it's serializer returned null
[27Aug2026 20:10:17.680] [main/INFO] [net.minecraft.world.item.crafting.RecipeManager/]: Skipping loading recipe delightful:integration/aether_redux/infuse_and_charge_infused_veridium_knife as it's serializer returned null
[27Aug2026 20:10:17.680] [main/INFO] [net.minecraft.world.item.crafting.RecipeManager/]: Skipping loading recipe aether:moa_egg_cake as it's serializer returned null
[27Aug2026 20:10:17.681] [main/INFO] [net.minecraft.world.item.crafting.RecipeManager/]: Skipping loading recipe delightful:integration/thermal/tree_extractor/orange_maple as it's serializer returned null
[27Aug2026 20:10:17.682] [main/INFO] [net.minecraft.world.item.crafting.RecipeManager/]: Skipping loading recipe buzzier_bees:pink_clover_compat as it's serializer returned null
[27Aug2026 20:10:17.682] [main/INFO] [net.minecraft.world.item.crafting.RecipeManager/]: Skipping loading recipe brewincompatdelight:mermaid_lemonade as it's serializer returned null
[27Aug2026 20:10:17.684] [main/INFO] [net.minecraft.world.item.crafting.RecipeManager/]: Skipping loading recipe seeddelight:cooking/stir_fried_cabbage_with_acorn as it's serializer returned null
[27Aug2026 20:10:17.684] [main/INFO] [net.minecraft.world.item.crafting.RecipeManager/]: Skipping loading recipe wildberries:blackberry_pie as it's serializer returned null
[27Aug2026 20:10:17.684] [main/INFO] [net.minecraft.world.item.crafting.RecipeManager/]: Skipping loading recipe delightful:integration/habitat/cutting/red_anthurium as it's serializer returned null
[27Aug2026 20:10:17.684] [main/INFO] [net.minecraft.world.item.crafting.RecipeManager/]: Skipping loading recipe delightful:knives/black_opal_knife as it's serializer returned null
[27Aug2026 20:10:17.684] [main/INFO] [net.minecraft.world.item.crafting.RecipeManager/]: Skipping loading recipe delightful:integration/atmospheric/lime_dye_from_aloe as it's serializer returned null
[27Aug2026 20:10:17.684] [main/INFO] [net.minecraft.world.item.crafting.RecipeManager/]: Skipping loading recipe delightful:integration/cooked_venison as it's serializer returned null
[27Aug2026 20:10:17.685] [main/INFO] [net.minecraft.world.item.crafting.RecipeManager/]: Skipping loading recipe sob:crafting/banana_sundae as it's serializer returned null
[27Aug2026 20:10:17.685] [main/INFO] [net.minecraft.world.item.crafting.RecipeManager/]: Skipping loading recipe delightful:knives/smelting/copper_abnormals as it's serializer returned null
[27Aug2026 20:10:17.686] [main/INFO] [net.minecraft.world.item.crafting.RecipeManager/]: Skipping loading recipe delightful:integration/sunflowerdelight/cutting/rosebud as it's serializer returned null
[27Aug2026 20:10:17.687] [main/INFO] [net.minecraft.world.item.crafting.RecipeManager/]: Skipping loading recipe delightful:knives/aluminum_knife as it's serializer returned null
[27Aug2026 20:10:17.687] [main/INFO] [net.minecraft.world.item.crafting.RecipeManager/]: Skipping loading recipe thermal:storage/gunpowder_block as it's serializer returned null
[27Aug2026 20:10:17.687] [main/INFO] [net.minecraft.world.item.crafting.RecipeManager/]: Skipping loading recipe delightful:integration/cookielicious/glow_jam_cookie_tile_stairs as it's serializer returned null
[27Aug2026 20:10:17.688] [main/INFO] [net.minecraft.world.item.crafting.RecipeManager/]: Skipping loading recipe delightful:effect_providers/spite as it's serializer returned null
[27Aug2026 20:10:17.689] [main/INFO] [net.minecraft.world.item.crafting.RecipeManager/]: Skipping loading recipe delightful:integration/brewinandchewin/fermenting/egg_grog_from_eggnog as it's serializer returned null
[27Aug2026 20:10:17.689] [main/INFO] [net.minecraft.world.item.crafting.RecipeManager/]: Skipping loading recipe twigs:stick_from_twig as it's serializer returned null
[27Aug2026 20:10:17.689] [main/INFO] [net.minecraft.world.item.crafting.RecipeManager/]: Skipping loading recipe delightful:food/cooking/crab_rangoon as it's serializer returned null
[27Aug2026 20:10:17.689] [main/INFO] [net.minecraft.world.item.crafting.RecipeManager/]: Skipping loading recipe delightful:integration/biomeswevegone/cutting/flowers/orange as it's serializer returned null
[27Aug2026 20:10:17.689] [main/INFO] [net.minecraft.world.item.crafting.RecipeManager/]: Skipping loading recipe delightful:integration/biomeswevegone/cutting/flowers/yellow_sakura_petals as it's serializer returned null
[27Aug2026 20:10:17.689] [main/ERROR] [net.minecraft.world.item.crafting.RecipeManager/]: Parsing error loading recipe corn_delight:integration/mekanism/crushing/biofuel_corn: com.google.gson.JsonSyntaxException: Invalid or unsupported recipe type 'mekanism:crushing'
[27Aug2026 20:10:17.690] [main/INFO] [net.minecraft.world.item.crafting.RecipeManager/]: Skipping loading recipe frozenup:mug_of_chocolate_milk_from_chocolate as it's serializer returned null
[27Aug2026 20:10:17.691] [main/INFO] [net.minecraft.world.item.crafting.RecipeManager/]: Skipping loading recipe endergetic:poise_ladder_from_poise_planks_sawing as it's serializer returned null
[27Aug2026 20:10:17.691] [main/INFO] [net.minecraft.world.item.crafting.RecipeManager/]: Skipping loading recipe delightful:integration/biomemakeover/cutting/barrel_cactus as it's serializer returned null
[27Aug2026 20:10:17.691] [main/INFO] [net.minecraft.world.item.crafting.RecipeManager/]: Skipping loading recipe botanypots:rusticdelight/crop/wild_coffee as it's serializer returned null
[27Aug2026 20:10:17.694] [main/INFO] [net.minecraft.world.item.crafting.RecipeManager/]: Skipping loading recipe rusticdelight:cherry_blossom_pancakes as it's serializer returned null
[27Aug2026 20:10:17.694] [main/INFO] [net.minecraft.world.item.crafting.RecipeManager/]: Skipping loading recipe delightful:knives/smelting/nickel_immersiveengineering as it's serializer returned null
[27Aug2026 20:10:17.695] [main/INFO] [net.minecraft.world.item.crafting.RecipeManager/]: Skipping loading recipe delightful:integration/biomeswevegone/cutting/prickly_pear_cactus as it's serializer returned null
[27Aug2026 20:10:17.695] [main/INFO] [net.minecraft.world.item.crafting.RecipeManager/]: Skipping loading recipe fruitsdelight:fig_pudding as it's serializer returned null
[27Aug2026 20:10:17.696] [main/INFO] [net.minecraft.world.item.crafting.RecipeManager/]: Skipping loading recipe delightful:knives/blasting/bone/bone_meal_from_blasting_hoe as it's serializer returned null
[27Aug2026 20:10:17.696] [main/INFO] [net.minecraft.world.item.crafting.RecipeManager/]: Skipping loading recipe endergetic:poise_ladder_from_poise_stems_sawing as it's serializer returned null
[27Aug2026 20:10:17.696] [main/INFO] [net.minecraft.world.item.crafting.RecipeManager/]: Skipping loading recipe delightful:integration/cookielicious/glow_jam_cookie_tile_stairs_stonecutting as it's serializer returned null
[27Aug2026 20:10:17.696] [main/INFO] [net.minecraft.world.item.crafting.RecipeManager/]: Skipping loading recipe delightful:knives/blasting/zinc_create as it's serializer returned null
[27Aug2026 20:10:17.696] [main/INFO] [net.minecraft.world.item.crafting.RecipeManager/]: Skipping loading recipe endergetic:poise_chest as it's serializer returned null
[27Aug2026 20:10:17.697] [main/INFO] [net.minecraft.world.item.crafting.RecipeManager/]: Skipping loading recipe delightful:knives/amethyst_knife as it's serializer returned null
[27Aug2026 20:10:17.698] [main/INFO] [net.minecraft.world.item.crafting.RecipeManager/]: Skipping loading recipe neapolitan:mixed/neapolitan_ice_cream_from_vanilla as it's serializer returned null
[27Aug2026 20:10:17.698] [main/INFO] [net.minecraft.world.item.crafting.RecipeManager/]: Skipping loading recipe brewincompatdelight:brass_monkey as it's serializer returned null
[27Aug2026 20:10:17.698] [main/INFO] [net.minecraft.world.item.crafting.RecipeManager/]: Skipping loading recipe moredelight:loaded_hamburger as it's serializer returned null
[27Aug2026 20:10:17.698] [main/ERROR] [net.minecraft.world.item.crafting.RecipeManager/]: Parsing error loading recipe brewincompatdelight:emptying/kraken_rum: com.google.gson.JsonSyntaxException: Invalid or unsupported recipe type 'create:emptying'
[27Aug2026 20:10:17.698] [main/INFO] [net.minecraft.world.item.crafting.RecipeManager/]: Skipping loading recipe delightful:knives/smelting/tin_mekanism as it's serializer returned null
[27Aug2026 20:10:17.698] [main/INFO] [net.minecraft.world.item.crafting.RecipeManager/]: Skipping loading recipe delightful:food/prickly_pear_juice_from_prickly_pear as it's serializer returned null
[27Aug2026 20:10:17.698] [main/INFO] [net.minecraft.world.item.crafting.RecipeManager/]: Skipping loading recipe ae2:inscriber/ender_dust as it's serializer returned null
[27Aug2026 20:10:17.699] [main/INFO] [net.minecraft.world.item.crafting.RecipeManager/]: Skipping loading recipe wildberries:cranberry_pie as it's serializer returned null
[27Aug2026 20:10:17.699] [main/INFO] [net.minecraft.world.item.crafting.RecipeManager/]: Skipping loading recipe delightful:knives/smelting/electrum_immersiveengineering as it's serializer returned null
[27Aug2026 20:10:17.700] [main/INFO] [net.minecraft.world.item.crafting.RecipeManager/]: Skipping loading recipe delightful:integration/create_sa/gilded_quartz_knife as it's serializer returned null
[27Aug2026 20:10:17.700] [main/INFO] [net.minecraft.world.item.crafting.RecipeManager/]: Skipping loading recipe delightful:knives/smithing/alf_knife as it's serializer returned null
[27Aug2026 20:10:17.700] [main/INFO] [net.minecraft.world.item.crafting.RecipeManager/]: Skipping loading recipe delightful:knives/smelting/bone/bone_meal_from_smelting_pickaxe as it's serializer returned null
[27Aug2026 20:10:17.700] [main/INFO] [net.minecraft.world.item.crafting.RecipeManager/]: Skipping loading recipe brewincompatdelight:fermenting/mulled_wine_from_sweet_wine as it's serializer returned null
[27Aug2026 20:10:17.700] [main/INFO] [net.minecraft.world.item.crafting.RecipeManager/]: Skipping loading recipe seasonals:crafting/pumpkin_puree as it's serializer returned null
[27Aug2026 20:10:17.700] [main/INFO] [net.minecraft.world.item.crafting.RecipeManager/]: Skipping loading recipe delightful:integration/biomeswevegone/cutting/flowers/flower_patch as it's serializer returned null
[27Aug2026 20:10:17.700] [main/INFO] [net.minecraft.world.item.crafting.RecipeManager/]: Skipping loading recipe endergetic:poise_slab_from_poise_stems_sawing as it's serializer returned null
[27Aug2026 20:10:17.701] [main/INFO] [net.minecraft.world.item.crafting.RecipeManager/]: Skipping loading recipe delightful:integration/biomeswevegone/cutting/flowers/amaranth as it's serializer returned null
[27Aug2026 20:10:17.702] [main/INFO] [net.minecraft.world.item.crafting.RecipeManager/]: Skipping loading recipe undergarden:veiled_stew as it's serializer returned null
[27Aug2026 20:10:17.702] [main/INFO] [net.minecraft.world.item.crafting.RecipeManager/]: Skipping loading recipe delightful:knives/repairing/gravitite_knife as it's serializer returned null
[27Aug2026 20:10:17.702] [main/INFO] [net.minecraft.world.item.crafting.RecipeManager/]: Skipping loading recipe delightful:knives/froststeel_knife as it's serializer returned null
[27Aug2026 20:10:17.703] [main/INFO] [net.minecraft.world.item.crafting.RecipeManager/]: Skipping loading recipe delightful:integration/autumnity/cooking/pancake_from_batter as it's serializer returned null
[27Aug2026 20:10:17.703] [main/INFO] [net.minecraft.world.item.crafting.RecipeManager/]: Skipping loading recipe delightful:integration/brewinandchewin/pouring/aged_roe as it's serializer returned null
[27Aug2026 20:10:17.703] [main/INFO] [net.minecraft.world.item.crafting.RecipeManager/]: Skipping loading recipe delightful:integration/brewinandchewin/fermenting/aged_roe_from_water as it's serializer returned null
[27Aug2026 20:10:17.703] [main/INFO] [net.minecraft.world.item.crafting.RecipeManager/]: Skipping loading recipe delightful:integration/thermal/insolator_salmonberries as it's serializer returned null
[27Aug2026 20:10:17.703] [main/INFO] [net.minecraft.world.item.crafting.RecipeManager/]: Skipping loading recipe delightful:food/roe_roll as it's serializer returned null
[27Aug2026 20:10:17.703] [main/INFO] [net.minecraft.world.item.crafting.RecipeManager/]: Skipping loading recipe corn_delight:cooking/stuffed_pumpkin_from_cornbread as it's serializer returned null
[27Aug2026 20:10:17.703] [main/INFO] [net.minecraft.world.item.crafting.RecipeManager/]: Skipping loading recipe delightful:knives/infused_veridium_knife as it's serializer returned null
[27Aug2026 20:10:17.704] [main/INFO] [net.minecraft.world.item.crafting.RecipeManager/]: Skipping loading recipe delightful:integration/ars_nouveau/imbuement_pomegranate as it's serializer returned null
[27Aug2026 20:10:17.704] [main/INFO] [net.minecraft.world.item.crafting.RecipeManager/]: Skipping loading recipe delightful:food/salmon_and_roe_blini_from_bread_and_milk as it's serializer returned null
[27Aug2026 20:10:17.704] [main/INFO] [net.minecraft.world.item.crafting.RecipeManager/]: Skipping loading recipe ecologics:rabbit_stew_from_red_mushroom_and_coconut_husk as it's serializer returned null
[27Aug2026 20:10:17.704] [main/INFO] [net.minecraft.world.item.crafting.RecipeManager/]: Skipping loading recipe delightful:knives/veridium_knife as it's serializer returned null
[27Aug2026 20:10:17.704] [main/INFO] [net.minecraft.world.item.crafting.RecipeManager/]: Skipping loading recipe biomeswevegone:blooming_oddion as it's serializer returned null
[27Aug2026 20:10:17.704] [main/INFO] [net.minecraft.world.item.crafting.RecipeManager/]: Skipping loading recipe delightful:food/baklava as it's serializer returned null
[27Aug2026 20:10:17.705] [main/INFO] [net.minecraft.world.item.crafting.RecipeManager/]: Skipping loading recipe miners_delight:vegan_hamburger as it's serializer returned null
[27Aug2026 20:10:17.705] [main/INFO] [net.minecraft.world.item.crafting.RecipeManager/]: Skipping loading recipe thermal:storage/gunpowder_from_block as it's serializer returned null
[27Aug2026 20:10:17.705] [main/ERROR] [net.minecraft.world.item.crafting.RecipeManager/]: Parsing error loading recipe corn_delight:integration/mekanism/sawing/corn_block_sawing: com.google.gson.JsonSyntaxException: Invalid or unsupported recipe type 'mekanism:sawing'
[27Aug2026 20:10:17.705] [main/INFO] [net.minecraft.world.item.crafting.RecipeManager/]: Skipping loading recipe delightful:knives/gravitite_knife as it's serializer returned null
[27Aug2026 20:10:17.705] [main/INFO] [net.minecraft.world.item.crafting.RecipeManager/]: Skipping loading recipe delightful:integration/ars_nouveau/cutting/red_archwood_log as it's serializer returned null
[27Aug2026 20:10:17.705] [main/INFO] [net.minecraft.world.item.crafting.RecipeManager/]: Skipping loading recipe delightful:knives/large_amethyst_knife as it's serializer returned null
[27Aug2026 20:10:17.706] [main/INFO] [net.minecraft.world.item.crafting.RecipeManager/]: Skipping loading recipe delightful:integration/farmersrespite/brewing/ender_nectar_from_matcha_latte_and_chorus as it's serializer returned null
[27Aug2026 20:10:17.706] [main/INFO] [net.minecraft.world.item.crafting.RecipeManager/]: Skipping loading recipe delightful:integration/ars_nouveau/source_berry_milkshake as it's serializer returned null
[27Aug2026 20:10:17.706] [main/INFO] [net.minecraft.world.item.crafting.RecipeManager/]: Skipping loading recipe delightful:knives/ironwood_knife as it's serializer returned null
[27Aug2026 20:10:17.706] [main/INFO] [net.minecraft.world.item.crafting.RecipeManager/]: Skipping loading recipe wildberries:raspberry_pie as it's serializer returned null
[27Aug2026 20:10:17.706] [main/INFO] [net.minecraft.world.item.crafting.RecipeManager/]: Skipping loading recipe foragersinsight:acorn_dough as it's serializer returned null
[27Aug2026 20:10:17.707] [main/INFO] [net.minecraft.world.item.crafting.RecipeManager/]: Skipping loading recipe delightful:knives/smelting/constantan_immersiveengineering as it's serializer returned null
[27Aug2026 20:10:17.707] [main/INFO] [net.minecraft.world.item.crafting.RecipeManager/]: Skipping loading recipe brewincompatdelight:fermenting/mulled_wine_from_white_wine as it's serializer returned null
[27Aug2026 20:10:17.707] [main/INFO] [net.minecraft.world.item.crafting.RecipeManager/]: Skipping loading recipe neapolitan:strawberry/strawberry_scones as it's serializer returned null
[27Aug2026 20:10:17.708] [main/INFO] [net.minecraft.world.item.crafting.RecipeManager/]: Skipping loading recipe botanypots:rusticdelight/crop/wild_cotton as it's serializer returned null
[27Aug2026 20:10:17.708] [main/INFO] [net.minecraft.world.item.crafting.RecipeManager/]: Skipping loading recipe delightful:integration/ars_nouveau/bastion_fruit_crate as it's serializer returned null
[27Aug2026 20:10:17.708] [main/INFO] [net.minecraft.world.item.crafting.RecipeManager/]: Skipping loading recipe delightful:integration/cookielicious/source_berry_cookie_tile_wall_stonecutting as it's serializer returned null
[27Aug2026 20:10:17.708] [main/INFO] [net.minecraft.world.item.crafting.RecipeManager/]: Skipping loading recipe delightful:knives/experience_knife as it's serializer returned null
[27Aug2026 20:10:17.708] [main/INFO] [net.minecraft.world.item.crafting.RecipeManager/]: Skipping loading recipe delightful:knives/nether_quartz_knife as it's serializer returned null
[27Aug2026 20:10:17.708] [main/INFO] [net.minecraft.world.item.crafting.RecipeManager/]: Skipping loading recipe naturalist:cake as it's serializer returned null
[27Aug2026 20:10:17.709] [main/INFO] [net.minecraft.world.item.crafting.RecipeManager/]: Skipping loading recipe delightful:integration/create/filling/eggnog as it's serializer returned null
[27Aug2026 20:10:17.709] [main/INFO] [net.minecraft.world.item.crafting.RecipeManager/]: Skipping loading recipe delightful:integration/habitat/cutting/ball_cactus_block as it's serializer returned null
[27Aug2026 20:10:17.709] [main/INFO] [net.minecraft.world.item.crafting.RecipeManager/]: Skipping loading recipe endergetic:poise_beehive as it's serializer returned null
[27Aug2026 20:10:17.709] [main/INFO] [net.minecraft.world.item.crafting.RecipeManager/]: Skipping loading recipe delightful:integration/oreganized/cutting/grooved_ice as it's serializer returned null
[27Aug2026 20:10:17.709] [main/INFO] [net.minecraft.world.item.crafting.RecipeManager/]: Skipping loading recipe delightful:integration/neapolitan/lime_dye_from_mint as it's serializer returned null
[27Aug2026 20:10:17.709] [main/INFO] [net.minecraft.world.item.crafting.RecipeManager/]: Skipping loading recipe delightful:integration/ars_nouveau/cutting/purple_archwood_wood as it's serializer returned null
[27Aug2026 20:10:17.709] [main/INFO] [net.minecraft.world.item.crafting.RecipeManager/]: Skipping loading recipe miners_delight:vegan_wrap as it's serializer returned null
[27Aug2026 20:10:17.711] [main/INFO] [net.minecraft.world.item.crafting.RecipeManager/]: Skipping loading recipe delightful:knives/blasting/copper_abnormals as it's serializer returned null
[27Aug2026 20:10:17.711] [main/ERROR] [net.minecraft.world.item.crafting.RecipeManager/]: Parsing error loading recipe brewincompatdelight:filling/peach_wine: com.google.gson.JsonSyntaxException: Invalid or unsupported recipe type 'create:filling'
[27Aug2026 20:10:17.712] [main/INFO] [net.minecraft.world.item.crafting.RecipeManager/]: Skipping loading recipe delightful:integration/create/emptying/lavender_tea as it's serializer returned null
[27Aug2026 20:10:17.712] [main/INFO] [net.minecraft.world.item.crafting.RecipeManager/]: Skipping loading recipe ecologics:tropical_stew as it's serializer returned null
[27Aug2026 20:10:17.712] [main/INFO] [net.minecraft.world.item.crafting.RecipeManager/]: Skipping loading recipe delightful:food/cooking/azalea_tea as it's serializer returned null
[27Aug2026 20:10:17.712] [main/INFO] [net.minecraft.world.item.crafting.RecipeManager/]: Skipping loading recipe delightful:integration/farmersrespite/brewing/eggnog_from_milk as it's serializer returned null
[27Aug2026 20:10:17.713] [main/INFO] [net.minecraft.world.item.crafting.RecipeManager/]: Skipping loading recipe delightful:food/salmon_and_roe_blini_from_bread as it's serializer returned null
[27Aug2026 20:10:17.713] [main/INFO] [net.minecraft.world.item.crafting.RecipeManager/]: Skipping loading recipe ars_nouveau:magebloom_fiber as it's serializer returned null
[27Aug2026 20:10:17.713] [main/INFO] [net.minecraft.world.item.crafting.RecipeManager/]: Skipping loading recipe delightful:integration/environmental/cutting/giant_tall_grass as it's serializer returned null
[27Aug2026 20:10:17.713] [main/INFO] [net.minecraft.world.item.crafting.RecipeManager/]: Skipping loading recipe delightful:knives/smelting/tin_caverns_and_chasms as it's serializer returned null
[27Aug2026 20:10:17.713] [main/ERROR] [net.minecraft.world.item.crafting.RecipeManager/]: Parsing error loading recipe brewincompatdelight:emptying/nut_brown_ale: com.google.gson.JsonSyntaxException: Invalid or unsupported recipe type 'create:emptying'
[27Aug2026 20:10:17.713] [main/ERROR] [net.minecraft.world.item.crafting.RecipeManager/]: Parsing error loading recipe brewincompatdelight:filling/red_wine: com.google.gson.JsonSyntaxException: Invalid or unsupported recipe type 'create:filling'
[27Aug2026 20:10:17.713] [main/INFO] [net.minecraft.world.item.crafting.RecipeManager/]: Skipping loading recipe delightful:integration/biomesoplenty/cutting/white_lavender as it's serializer returned null
[27Aug2026 20:10:17.714] [main/INFO] [net.minecraft.world.item.crafting.RecipeManager/]: Skipping loading recipe twilightdelight:cutting/raw_venison_rib as it's serializer returned null
[27Aug2026 20:10:17.714] [main/INFO] [net.minecraft.world.item.crafting.RecipeManager/]: Skipping loading recipe endergetic:poise_button_from_poise_stems_sawing as it's serializer returned null
[27Aug2026 20:10:17.714] [main/INFO] [net.minecraft.world.item.crafting.RecipeManager/]: Skipping loading recipe ends_delight:food/chorus_fruit_popsicle as it's serializer returned null
[27Aug2026 20:10:17.714] [main/INFO] [net.minecraft.world.item.crafting.RecipeManager/]: Skipping loading recipe thermal:machines/centrifuge/centrifuge_syrup_bottle as it's serializer returned null
[27Aug2026 20:10:17.714] [main/INFO] [net.minecraft.world.item.crafting.RecipeManager/]: Skipping loading recipe justenoughbreeding:breeding/minecraft/salmon as it's serializer returned null
[27Aug2026 20:10:17.715] [main/INFO] [net.minecraft.world.item.crafting.RecipeManager/]: Skipping loading recipe ecologics:rabbit_stew_from_brown_mushroom_and_coconut_husk as it's serializer returned null
[27Aug2026 20:10:17.715] [main/INFO] [net.minecraft.world.item.crafting.RecipeManager/]: Skipping loading recipe unusualend:chorus_pie_recipe as it's serializer returned null
[27Aug2026 20:10:17.715] [main/INFO] [net.minecraft.world.item.crafting.RecipeManager/]: Skipping loading recipe delightful:integration/thermal/tree_extractor/maple as it's serializer returned null
[27Aug2026 20:10:17.715] [main/INFO] [net.minecraft.world.item.crafting.RecipeManager/]: Skipping loading recipe frozenup:mug_of_chocolate_milk as it's serializer returned null
[27Aug2026 20:10:17.716] [main/INFO] [net.minecraft.world.item.crafting.RecipeManager/]: Skipping loading recipe brewincompatdelight:fermenting/peach_wine_from_water as it's serializer returned null
[27Aug2026 20:10:17.716] [main/INFO] [net.minecraft.world.item.crafting.RecipeManager/]: Skipping loading recipe aether:skyroot_milk_bucket_moa_egg_cake as it's serializer returned null
[27Aug2026 20:10:17.719] [main/INFO] [net.minecraft.world.item.crafting.RecipeManager/]: Skipping loading recipe delightful:integration/thermal/sawmill/cantaloupe as it's serializer returned null
[27Aug2026 20:10:17.719] [main/INFO] [net.minecraft.world.item.crafting.RecipeManager/]: Skipping loading recipe sob:crafting/builder_smoothie as it's serializer returned null
[27Aug2026 20:10:17.720] [main/INFO] [net.minecraft.world.item.crafting.RecipeManager/]: Skipping loading recipe delightful:effect_providers/rotten as it's serializer returned null
[27Aug2026 20:10:17.720] [main/INFO] [net.minecraft.world.item.crafting.RecipeManager/]: Skipping loading recipe delightful:integration/habitat/cutting/yellow_ball_cactus as it's serializer returned null
[27Aug2026 20:10:17.720] [main/INFO] [net.minecraft.world.item.crafting.RecipeManager/]: Skipping loading recipe undergardendelight:forgotten_knife as it's serializer returned null
[27Aug2026 20:10:17.720] [main/INFO] [net.minecraft.world.item.crafting.RecipeManager/]: Skipping loading recipe delightful:knives/terra_knife as it's serializer returned null
[27Aug2026 20:10:17.721] [main/INFO] [net.minecraft.world.item.crafting.RecipeManager/]: Skipping loading recipe delightful:food/pie_crust_from_flour_and_fat as it's serializer returned null
[27Aug2026 20:10:17.721] [main/INFO] [net.minecraft.world.item.crafting.RecipeManager/]: Skipping loading recipe twigs:azalea_flowers_from_flowering_azalea as it's serializer returned null
[27Aug2026 20:10:17.721] [main/INFO] [net.minecraft.world.item.crafting.RecipeManager/]: Skipping loading recipe delightful:integration/ars_nouveau/bombegranate_crate as it's serializer returned null
[27Aug2026 20:10:17.721] [main/INFO] [net.minecraft.world.item.crafting.RecipeManager/]: Skipping loading recipe thermal:storage/potato_block as it's serializer returned null
[27Aug2026 20:10:17.722] [main/INFO] [net.minecraft.world.item.crafting.RecipeManager/]: Skipping loading recipe quark:building/stonecutting/mud_pillar_stonecutter as it's serializer returned null
[27Aug2026 20:10:17.723] [main/INFO] [net.minecraft.world.item.crafting.RecipeManager/]: Skipping loading recipe delightful:integration/biomeswevegone/cutting/flowers/cyan_pitcher_plant as it's serializer returned null
[27Aug2026 20:10:17.723] [main/INFO] [net.minecraft.world.item.crafting.RecipeManager/]: Skipping loading recipe delightful:integration/biomeswevegone/unpack_baobab_fruit_crate as it's serializer returned null
[27Aug2026 20:10:17.724] [main/INFO] [net.minecraft.world.item.crafting.RecipeManager/]: Skipping loading recipe delightful:integration/biomeswevegone/cutting/flowers/pink_anemone as it's serializer returned null
[27Aug2026 20:10:17.724] [main/INFO] [net.minecraft.world.item.crafting.RecipeManager/]: Skipping loading recipe brewincompatdelight:pina_colada as it's serializer returned null
[27Aug2026 20:10:17.724] [main/INFO] [net.minecraft.world.item.crafting.RecipeManager/]: Skipping loading recipe delightful:integration/biomeswevegone/cutting/flowers/magenta_pitcher_plant as it's serializer returned null
[27Aug2026 20:10:17.725] [main/INFO] [net.minecraft.world.item.crafting.RecipeManager/]: Skipping loading recipe wildberries:blackberry_pie_from_slices as it's serializer returned null
[27Aug2026 20:10:17.727] [main/INFO] [net.minecraft.world.item.crafting.RecipeManager/]: Skipping loading recipe delightful:food/clover_honey as it's serializer returned null
[27Aug2026 20:10:17.728] [main/INFO] [net.minecraft.world.item.crafting.RecipeManager/]: Skipping loading recipe endergetic:poise_trapdoor_from_poise_stems_sawing as it's serializer returned null
[27Aug2026 20:10:17.728] [main/INFO] [net.minecraft.world.item.crafting.RecipeManager/]: Skipping loading recipe finsandtails:crab_sandwich as it's serializer returned null
[27Aug2026 20:10:17.729] [main/INFO] [net.minecraft.world.item.crafting.RecipeManager/]: Skipping loading recipe delightful:knives/blasting/osmium_mekanism as it's serializer returned null
[27Aug2026 20:10:17.730] [main/INFO] [net.minecraft.world.item.crafting.RecipeManager/]: Skipping loading recipe delightful:knives/smelting/bone/bone_meal_from_smelting_boots as it's serializer returned null
[27Aug2026 20:10:17.730] [main/INFO] [net.minecraft.world.item.crafting.RecipeManager/]: Skipping loading recipe delightful:knives/soul_steel_knife as it's serializer returned null
[27Aug2026 20:10:17.731] [main/INFO] [net.minecraft.world.item.crafting.RecipeManager/]: Skipping loading recipe brewincompatdelight:singapore_sling as it's serializer returned null
[27Aug2026 20:10:17.731] [main/INFO] [net.minecraft.world.item.crafting.RecipeManager/]: Skipping loading recipe delightful:knives/mixing/blazing_knife as it's serializer returned null
[27Aug2026 20:10:17.731] [main/INFO] [net.minecraft.world.item.crafting.RecipeManager/]: Skipping loading recipe sob:crafting/veggie_wrap as it's serializer returned null
[27Aug2026 20:10:17.731] [main/INFO] [net.minecraft.world.item.crafting.RecipeManager/]: Skipping loading recipe delightful:integration/biomemakeover/cutting/barrel_cactus_flowered as it's serializer returned null
[27Aug2026 20:10:17.732] [main/INFO] [net.minecraft.world.item.crafting.RecipeManager/]: Skipping loading recipe delightful:knives/emerald_knife as it's serializer returned null
[27Aug2026 20:10:17.732] [main/INFO] [net.minecraft.world.item.crafting.RecipeManager/]: Skipping loading recipe delightful:food/roe_blini_from_milk as it's serializer returned null
[27Aug2026 20:10:17.732] [main/INFO] [net.minecraft.world.item.crafting.RecipeManager/]: Skipping loading recipe delightful:integration/brewinandchewin/fermenting/caviar_from_water_and_caviar as it's serializer returned null
[27Aug2026 20:10:17.732] [main/INFO] [net.minecraft.world.item.crafting.RecipeManager/]: Skipping loading recipe justenoughbreeding:breeding/minecraft/pufferfish as it's serializer returned null
[27Aug2026 20:10:17.732] [main/INFO] [net.minecraft.world.item.crafting.RecipeManager/]: Skipping loading recipe delightful:knives/blasting/bronze_thermal as it's serializer returned null
[27Aug2026 20:10:17.733] [main/INFO] [net.minecraft.world.item.crafting.RecipeManager/]: Skipping loading recipe delightful:knives/blasting/copper_create as it's serializer returned null
[27Aug2026 20:10:17.734] [main/INFO] [net.minecraft.world.item.crafting.RecipeManager/]: Skipping loading recipe delightful:knives/blasting/copper_copperized as it's serializer returned null
[27Aug2026 20:10:17.734] [main/INFO] [net.minecraft.world.item.crafting.RecipeManager/]: Skipping loading recipe justenoughbreeding:breeding/minecraft/tropical_fish as it's serializer returned null
[27Aug2026 20:10:17.734] [main/INFO] [net.minecraft.world.item.crafting.RecipeManager/]: Skipping loading recipe brewincompatdelight:johnny_silverhand as it's serializer returned null
[27Aug2026 20:10:17.735] [main/INFO] [net.minecraft.world.item.crafting.RecipeManager/]: Skipping loading recipe delightful:integration/biomeswevegone/cutting/flowers/lime as it's serializer returned null
[27Aug2026 20:10:17.736] [main/INFO] [net.minecraft.world.item.crafting.RecipeManager/]: Skipping loading recipe delightful:integration/immersive_weathering/tallow_from_animal_fat as it's serializer returned null
[27Aug2026 20:10:17.736] [main/INFO] [net.minecraft.world.item.crafting.RecipeManager/]: Skipping loading recipe twigs:azalea_flowers_from_flowering_azalea_leaves as it's serializer returned null
[27Aug2026 20:10:17.737] [main/INFO] [net.minecraft.world.item.crafting.RecipeManager/]: Skipping loading recipe neapolitan:strawberry_banana_smoothie as it's serializer returned null
[27Aug2026 20:10:17.737] [main/INFO] [net.minecraft.world.item.crafting.RecipeManager/]: Skipping loading recipe minecraft:salt_from_bucket as it's serializer returned null
[27Aug2026 20:10:17.737] [main/INFO] [net.minecraft.world.item.crafting.RecipeManager/]: Skipping loading recipe delightful:integration/biomeswevegone/cutting/flowers/light_blue as it's serializer returned null
[27Aug2026 20:10:17.737] [main/INFO] [net.minecraft.world.item.crafting.RecipeManager/]: Skipping loading recipe delightful:integration/biomeswevegone/cutting/flowers/blue as it's serializer returned null
[27Aug2026 20:10:17.738] [main/INFO] [net.minecraft.world.item.crafting.RecipeManager/]: Skipping loading recipe enderio:sag_milling/ender_pearl as it's serializer returned null
[27Aug2026 20:10:17.738] [main/INFO] [net.minecraft.world.item.crafting.RecipeManager/]: Skipping loading recipe delightful:knives/refined_glowstone_knife as it's serializer returned null
[27Aug2026 20:10:17.738] [main/INFO] [net.minecraft.world.item.crafting.RecipeManager/]: Skipping loading recipe delightful:integration/create/filling/azalea_tea as it's serializer returned null
[27Aug2026 20:10:17.738] [main/INFO] [net.minecraft.world.item.crafting.RecipeManager/]: Skipping loading recipe delightful:food/marshmallow_stick_from_marshmallow as it's serializer returned null
[27Aug2026 20:10:17.738] [main/INFO] [net.minecraft.world.item.crafting.RecipeManager/]: Skipping loading recipe delightful:integration/habitat/cutting/flowering_pink_ball_cactus_block as it's serializer returned null
[27Aug2026 20:10:17.739] [main/INFO] [net.minecraft.world.item.crafting.RecipeManager/]: Skipping loading recipe delightful:integration/thermal/bottler_sap_bottle as it's serializer returned null
[27Aug2026 20:10:17.739] [main/INFO] [net.minecraft.world.item.crafting.RecipeManager/]: Skipping loading recipe delightful:integration/cookielicious/glow_jam_cookie_tile_wall as it's serializer returned null
[27Aug2026 20:10:17.739] [main/INFO] [net.minecraft.world.item.crafting.RecipeManager/]: Skipping loading recipe hearthandharvest:chicken_pot_pie as it's serializer returned null
[27Aug2026 20:10:17.740] [main/INFO] [net.minecraft.world.item.crafting.RecipeManager/]: Skipping loading recipe phantasm:chorus_fruit_salad as it's serializer returned null
[27Aug2026 20:10:17.741] [main/INFO] [net.minecraft.world.item.crafting.RecipeManager/]: Skipping loading recipe delightful:food/nut_dough_from_flour_and_eggs as it's serializer returned null
[27Aug2026 20:10:17.742] [main/INFO] [net.minecraft.world.item.crafting.RecipeManager/]: Skipping loading recipe farmersrespite:cooking/blazing_chili as it's serializer returned null
[27Aug2026 20:10:17.744] [main/INFO] [net.minecraft.world.item.crafting.RecipeManager/]: Skipping loading recipe delightful:integration/cosmopolitan/campfire/llama_marshmallow as it's serializer returned null
[27Aug2026 20:10:17.744] [main/INFO] [net.minecraft.world.item.crafting.RecipeManager/]: Skipping loading recipe delightful:integration/brewinandchewin/fermenting/egg_grog_from_milk_and_ginger as it's serializer returned null
[27Aug2026 20:10:17.744] [main/INFO] [net.minecraft.world.item.crafting.RecipeManager/]: Skipping loading recipe sob:crafting/peanut_butter as it's serializer returned null
[27Aug2026 20:10:17.745] [main/INFO] [net.minecraft.world.item.crafting.RecipeManager/]: Skipping loading recipe delightful:integration/farmersrespite/pouring/eggnog as it's serializer returned null
[27Aug2026 20:10:17.746] [main/INFO] [net.minecraft.world.item.crafting.RecipeManager/]: Skipping loading recipe delightful:integration/biomeswevegone/cutting/flowers/richea as it's serializer returned null
[27Aug2026 20:10:17.746] [main/INFO] [net.minecraft.world.item.crafting.RecipeManager/]: Skipping loading recipe hearthandharvest:integration/brewinandchewin/fermenting/unripe_goat_cheese_wheel as it's serializer returned null
[27Aug2026 20:10:17.747] [main/INFO] [net.minecraft.world.item.crafting.RecipeManager/]: Skipping loading recipe delightful:integration/farmersrespite/brewing/nut_milk_from_water as it's serializer returned null
[27Aug2026 20:10:17.748] [main/INFO] [net.minecraft.world.item.crafting.RecipeManager/]: Skipping loading recipe farmersdelight:cutting/buzzier_bees/pink_clover as it's serializer returned null
[27Aug2026 20:10:17.748] [main/INFO] [net.minecraft.world.item.crafting.RecipeManager/]: Skipping loading recipe sob:crafting/golden_prickly_pear as it's serializer returned null
[27Aug2026 20:10:17.748] [main/INFO] [net.minecraft.world.item.crafting.RecipeManager/]: Skipping loading recipe delightful:integration/biomeswevegone/cutting/flowers/magenta as it's serializer returned null
[27Aug2026 20:10:17.748] [main/INFO] [net.minecraft.world.item.crafting.RecipeManager/]: Skipping loading recipe sob:cooking/echo_rock_candy as it's serializer returned null
[27Aug2026 20:10:17.749] [main/ERROR] [net.minecraft.world.item.crafting.RecipeManager/]: Parsing error loading recipe brewinandchewin:pouring/soymilk_bucket: com.google.gson.JsonSyntaxException: Unknown item 'vegandelight:soymilk_bucket'
[27Aug2026 20:10:17.750] [main/INFO] [net.minecraft.world.item.crafting.RecipeManager/]: Skipping loading recipe delightful:salmonberry_ice_cream_block as it's serializer returned null
[27Aug2026 20:10:17.750] [main/INFO] [net.minecraft.world.item.crafting.RecipeManager/]: Skipping loading recipe botanypots:rusticdelight/crop/wild_dark_bell_peppers as it's serializer returned null
[27Aug2026 20:10:17.750] [main/INFO] [net.minecraft.world.item.crafting.RecipeManager/]: Skipping loading recipe delightful:knives/blasting/bone/bone_meal_from_blasting_pickaxe as it's serializer returned null
[27Aug2026 20:10:17.751] [main/INFO] [net.minecraft.world.item.crafting.RecipeManager/]: Skipping loading recipe delightful:knives/smelting/electrum_thermal as it's serializer returned null
[27Aug2026 20:10:17.751] [main/INFO] [net.minecraft.world.item.crafting.RecipeManager/]: Skipping loading recipe enderio:sag_milling/sand as it's serializer returned null
[27Aug2026 20:10:17.751] [main/INFO] [net.minecraft.world.item.crafting.RecipeManager/]: Skipping loading recipe miners_delight:insect_sandwich as it's serializer returned null
[27Aug2026 20:10:17.751] [main/INFO] [net.minecraft.world.item.crafting.RecipeManager/]: Skipping loading recipe delightful:knives/blasting/nickel_immersiveengineering as it's serializer returned null
[27Aug2026 20:10:17.752] [main/INFO] [net.minecraft.world.item.crafting.RecipeManager/]: Skipping loading recipe delightful:knives/certus_quartz_knife as it's serializer returned null
[27Aug2026 20:10:17.752] [main/ERROR] [net.minecraft.world.item.crafting.RecipeManager/]: Parsing error loading recipe brewincompatdelight:emptying/hard_cider: com.google.gson.JsonSyntaxException: Invalid or unsupported recipe type 'create:emptying'
[27Aug2026 20:10:17.752] [main/INFO] [net.minecraft.world.item.crafting.RecipeManager/]: Skipping loading recipe endergetic:poise_planks_from_poise_stems_sawing as it's serializer returned null
[27Aug2026 20:10:17.752] [main/INFO] [net.minecraft.world.item.crafting.RecipeManager/]: Skipping loading recipe delightful:integration/mynethersdelight/cooking/chilidog_from_cactus_chili as it's serializer returned null
[27Aug2026 20:10:17.752] [main/INFO] [net.minecraft.world.item.crafting.RecipeManager/]: Skipping loading recipe delightful:knives/blasting/silver_thermal as it's serializer returned null
[27Aug2026 20:10:17.753] [main/INFO] [net.minecraft.world.item.crafting.RecipeManager/]: Skipping loading recipe delightful:integration/ars_nouveau/cutting/red_archwood_wood as it's serializer returned null
[27Aug2026 20:10:17.753] [main/INFO] [net.minecraft.world.item.crafting.RecipeManager/]: Skipping loading recipe frozenup:truffle_cake as it's serializer returned null
[27Aug2026 20:10:17.753] [main/INFO] [net.minecraft.world.item.crafting.RecipeManager/]: Skipping loading recipe enlightened_end:smithing/adamantite_knife as it's serializer returned null
[27Aug2026 20:10:17.754] [main/INFO] [net.minecraft.world.item.crafting.RecipeManager/]: Skipping loading recipe frozenup:mug_of_truffle_hot_chocolate_from_chocolate as it's serializer returned null
[27Aug2026 20:10:17.755] [main/INFO] [net.minecraft.world.item.crafting.RecipeManager/]: Skipping loading recipe windswept:lavender_tea as it's serializer returned null
[27Aug2026 20:10:17.755] [main/INFO] [net.minecraft.world.item.crafting.RecipeManager/]: Skipping loading recipe wildberries:cutting/cranberry_pie as it's serializer returned null
[27Aug2026 20:10:17.756] [main/INFO] [net.minecraft.world.item.crafting.RecipeManager/]: Skipping loading recipe delightful:knives/smelting/copper_create as it's serializer returned null
[27Aug2026 20:10:17.756] [main/INFO] [net.minecraft.world.item.crafting.RecipeManager/]: Skipping loading recipe brewincompatdelight:cooking/mulled_cider as it's serializer returned null
[27Aug2026 20:10:17.756] [main/INFO] [net.minecraft.world.item.crafting.RecipeManager/]: Skipping loading recipe delightful:food/berry_matcha_latte_neapolitan as it's serializer returned null
[27Aug2026 20:10:17.756] [main/ERROR] [net.minecraft.world.item.crafting.RecipeManager/]: Parsing error loading recipe brewincompatdelight:filling/whiskey: com.google.gson.JsonSyntaxException: Invalid or unsupported recipe type 'create:filling'
[27Aug2026 20:10:17.756] [main/INFO] [net.minecraft.world.item.crafting.RecipeManager/]: Skipping loading recipe wildberries:cutting/glow_berry_pie_slice as it's serializer returned null
[27Aug2026 20:10:17.756] [main/INFO] [net.minecraft.world.item.crafting.RecipeManager/]: Skipping loading recipe delightful:integration/unusualend/chorus_pie as it's serializer returned null
[27Aug2026 20:10:17.756] [main/INFO] [net.minecraft.world.item.crafting.RecipeManager/]: Skipping loading recipe delightful:integration/windswept/cutting/foxglove as it's serializer returned null
[27Aug2026 20:10:17.757] [main/INFO] [net.minecraft.world.item.crafting.RecipeManager/]: Skipping loading recipe delightful:knives/blasting/bone/bone_meal_from_blasting_sword as it's serializer returned null
[27Aug2026 20:10:17.759] [main/INFO] [net.minecraft.world.item.crafting.RecipeManager/]: Skipping loading recipe abnormals_delight:neapolitan/melon_popsicle as it's serializer returned null
[27Aug2026 20:10:17.759] [main/INFO] [net.minecraft.world.item.crafting.RecipeManager/]: Skipping loading recipe delightful:integration/windswept/mutton_pie as it's serializer returned null
[27Aug2026 20:10:17.762] [main/INFO] [net.minecraft.world.item.crafting.RecipeManager/]: Skipping loading recipe delightful:integration/cookielicious/source_berry_cookie_tiles as it's serializer returned null
[27Aug2026 20:10:17.763] [main/INFO] [net.minecraft.world.item.crafting.RecipeManager/]: Skipping loading recipe botanypots:rusticdelight/crop/coffee as it's serializer returned null
[27Aug2026 20:10:17.763] [main/INFO] [net.minecraft.world.item.crafting.RecipeManager/]: Skipping loading recipe delightful:knives/smelting/steel_mekanism as it's serializer returned null
[27Aug2026 20:10:17.764] [main/INFO] [net.minecraft.world.item.crafting.RecipeManager/]: Skipping loading recipe delightful:integration/ars_nouveau/imbuement_mangosteen as it's serializer returned null
[27Aug2026 20:10:17.764] [main/INFO] [net.minecraft.world.item.crafting.RecipeManager/]: Skipping loading recipe delightful:integration/autumnity/cooking/sap as it's serializer returned null
[27Aug2026 20:10:17.764] [main/INFO] [net.minecraft.world.item.crafting.RecipeManager/]: Skipping loading recipe delightful:integration/upgrade_aquatic/mulberry_pie_from_slices as it's serializer returned null
[27Aug2026 20:10:17.764] [main/INFO] [net.minecraft.world.item.crafting.RecipeManager/]: Skipping loading recipe delightful:knives/smelting/bone/bone_meal_from_smelting_hoe as it's serializer returned null
[27Aug2026 20:10:17.764] [main/INFO] [net.minecraft.world.item.crafting.RecipeManager/]: Skipping loading recipe delightful:integration/upgrade_aquatic/cutting/mulberry_pie as it's serializer returned null
[27Aug2026 20:10:17.764] [main/INFO] [net.minecraft.world.item.crafting.RecipeManager/]: Skipping loading recipe delightful:integration/habitat/cutting/flowering_yellow_ball_cactus_block as it's serializer returned null
[27Aug2026 20:10:17.764] [main/INFO] [net.minecraft.world.item.crafting.RecipeManager/]: Skipping loading recipe delightful:knives/smithing/resonarium_knife as it's serializer returned null
[27Aug2026 20:10:17.765] [main/INFO] [net.minecraft.world.item.crafting.RecipeManager/]: Skipping loading recipe delightful:integration/rusticdelight/batter_from_flour as it's serializer returned null
[27Aug2026 20:10:17.765] [main/INFO] [net.minecraft.world.item.crafting.RecipeManager/]: Skipping loading recipe fruitsdelight:hamimelon_popsicle as it's serializer returned null
[27Aug2026 20:10:17.765] [main/INFO] [net.minecraft.world.item.crafting.RecipeManager/]: Skipping loading recipe delightful:knives/smithing/rose_gold_knife as it's serializer returned null
[27Aug2026 20:10:17.765] [main/INFO] [net.minecraft.world.item.crafting.RecipeManager/]: Skipping loading recipe neapolitan:cake as it's serializer returned null
[27Aug2026 20:10:17.767] [main/INFO] [net.minecraft.world.item.crafting.RecipeManager/]: Skipping loading recipe delightful:integration/biomeswevegone/unpack_yucca_fruit_crate as it's serializer returned null
[27Aug2026 20:10:17.769] [main/INFO] [net.minecraft.world.item.crafting.RecipeManager/]: Skipping loading recipe farmersdelight:cutting/autumnity/autumn_crocus as it's serializer returned null
[27Aug2026 20:10:17.769] [main/INFO] [net.minecraft.world.item.crafting.RecipeManager/]: Skipping loading recipe hearthandharvest:peanut_butter_and_jelly_sandwich as it's serializer returned null
[27Aug2026 20:10:17.770] [main/INFO] [net.minecraft.world.item.crafting.RecipeManager/]: Skipping loading recipe buzzier_bees:pink_clover as it's serializer returned null
[27Aug2026 20:10:17.770] [main/INFO] [net.minecraft.world.item.crafting.RecipeManager/]: Skipping loading recipe naturalist:cooked_egg_from_campfire_cooking as it's serializer returned null
[27Aug2026 20:10:17.770] [main/ERROR] [net.minecraft.world.item.crafting.RecipeManager/]: Parsing error loading recipe brewincompatdelight:filling/white_wine: com.google.gson.JsonSyntaxException: Invalid or unsupported recipe type 'create:filling'
[27Aug2026 20:10:17.772] [main/INFO] [net.minecraft.world.item.crafting.RecipeManager/]: Skipping loading recipe delightful:integration/immersiveengineering/squeezer/peanut_vd as it's serializer returned null
[27Aug2026 20:10:17.773] [main/INFO] [net.minecraft.world.item.crafting.RecipeManager/]: Skipping loading recipe delightful:food/deluxe_cheeseburger_from_bun as it's serializer returned null
[27Aug2026 20:10:17.773] [main/INFO] [net.minecraft.world.item.crafting.RecipeManager/]: Skipping loading recipe delightful:food/cooking/ender_nectar as it's serializer returned null
[27Aug2026 20:10:17.773] [main/INFO] [net.minecraft.world.item.crafting.RecipeManager/]: Skipping loading recipe delightful:food/matcha_ice_cream as it's serializer returned null
[27Aug2026 20:10:17.773] [main/INFO] [net.minecraft.world.item.crafting.RecipeManager/]: Skipping loading recipe delightful:integration/biomesoplenty/cutting/endbloom as it's serializer returned null
[27Aug2026 20:10:17.773] [main/ERROR] [net.minecraft.world.item.crafting.RecipeManager/]: Parsing error loading recipe brewincompatdelight:filling/tequila: com.google.gson.JsonSyntaxException: Invalid or unsupported recipe type 'create:filling'
[27Aug2026 20:10:17.774] [main/INFO] [net.minecraft.world.item.crafting.RecipeManager/]: Skipping loading recipe create:crafting/appliances/slime_ball as it's serializer returned null
[27Aug2026 20:10:17.774] [main/INFO] [net.minecraft.world.item.crafting.RecipeManager/]: Skipping loading recipe atmospheric:currant_muffin as it's serializer returned null
[27Aug2026 20:10:17.775] [main/ERROR] [net.minecraft.world.item.crafting.RecipeManager/]: Parsing error loading recipe brewincompatdelight:emptying/sweet_red_wine: com.google.gson.JsonSyntaxException: Invalid or unsupported recipe type 'create:emptying'
[27Aug2026 20:10:17.775] [main/INFO] [net.minecraft.world.item.crafting.RecipeManager/]: Skipping loading recipe farmersdelight:cutting/buzzier_bees/buttercup as it's serializer returned null
[27Aug2026 20:10:17.775] [main/INFO] [net.minecraft.world.item.crafting.RecipeManager/]: Skipping loading recipe delightful:integration/habitat/cutting/flowering_red_ball_cactus_block as it's serializer returned null
[27Aug2026 20:10:17.776] [main/INFO] [net.minecraft.world.item.crafting.RecipeManager/]: Skipping loading recipe abnormals_delight:buzzier_bees/cutting/pink_clover as it's serializer returned null
[27Aug2026 20:10:17.777] [main/INFO] [net.minecraft.world.item.crafting.RecipeManager/]: Skipping loading recipe casualness_delight:cutting/stargazy_pie as it's serializer returned null
[27Aug2026 20:10:17.777] [main/INFO] [net.minecraft.world.item.crafting.RecipeManager/]: Skipping loading recipe delightful:knives/smelting/copper_thermal as it's serializer returned null
[27Aug2026 20:10:17.777] [main/INFO] [net.minecraft.world.item.crafting.RecipeManager/]: Skipping loading recipe delightful:integration/biomeswevegone/cutting/winter_succulent as it's serializer returned null
[27Aug2026 20:10:17.777] [main/INFO] [net.minecraft.world.item.crafting.RecipeManager/]: Skipping loading recipe delightful:knives/tin_knife as it's serializer returned null
[27Aug2026 20:10:17.777] [main/INFO] [net.minecraft.world.item.crafting.RecipeManager/]: Skipping loading recipe delightful:knives/smelting/constantan_thermal as it's serializer returned null
[27Aug2026 20:10:17.778] [main/INFO] [net.minecraft.world.item.crafting.RecipeManager/]: Skipping loading recipe delightful:integration/create/emptying/long_prickly_pear_juice as it's serializer returned null
[27Aug2026 20:10:17.778] [main/INFO] [net.minecraft.world.item.crafting.RecipeManager/]: Skipping loading recipe delightful:food/cheeseburger_from_milk as it's serializer returned null
[27Aug2026 20:10:17.778] [main/INFO] [net.minecraft.world.item.crafting.RecipeManager/]: Skipping loading recipe delightful:integration/brewinandchewin/pouring/eggnog as it's serializer returned null
[27Aug2026 20:10:17.778] [main/INFO] [net.minecraft.world.item.crafting.RecipeManager/]: Skipping loading recipe delightful:integration/ars_nouveau/cutting/green_archwood_wood as it's serializer returned null
[27Aug2026 20:10:17.778] [main/INFO] [net.minecraft.world.item.crafting.RecipeManager/]: Skipping loading recipe delightful:knives/blasting/steel_immersiveengineering as it's serializer returned null
[27Aug2026 20:10:17.778] [main/INFO] [net.minecraft.world.item.crafting.RecipeManager/]: Skipping loading recipe delightful:knives/smelting/bronze_mekanism as it's serializer returned null
[27Aug2026 20:10:17.781] [main/INFO] [net.minecraft.world.item.crafting.RecipeManager/]: Skipping loading recipe delightful:integration/supplementaries/soap_from_animal_fat as it's serializer returned null
[27Aug2026 20:10:17.782] [main/INFO] [net.minecraft.world.item.crafting.RecipeManager/]: Skipping loading recipe delightful:food/cooking/cactus_chili as it's serializer returned null
[27Aug2026 20:10:17.782] [main/INFO] [net.minecraft.world.item.crafting.RecipeManager/]: Skipping loading recipe neapolitan:adzuki/adzuki_bun as it's serializer returned null
[27Aug2026 20:10:17.782] [main/ERROR] [net.minecraft.world.item.crafting.RecipeManager/]: Parsing error loading recipe brewincompatdelight:emptying/red_wine: com.google.gson.JsonSyntaxException: Invalid or unsupported recipe type 'create:emptying'
[27Aug2026 20:10:17.783] [main/INFO] [net.minecraft.world.item.crafting.RecipeManager/]: Skipping loading recipe delightful:knives/blasting/bone/bone_meal_from_blasting_helmet as it's serializer returned null
[27Aug2026 20:10:17.783] [main/INFO] [net.minecraft.world.item.crafting.RecipeManager/]: Skipping loading recipe delightful:integration/upgrade_aquatic/cutting/tall_beachgrass as it's serializer returned null
[27Aug2026 20:10:17.783] [main/INFO] [net.minecraft.world.item.crafting.RecipeManager/]: Skipping loading recipe delightful:integration/windswept/cutting/cooked_goat as it's serializer returned null
[27Aug2026 20:10:17.783] [main/INFO] [net.minecraft.world.item.crafting.RecipeManager/]: Skipping loading recipe delightful:food/salmon_and_roe_blini_from_roe_blini as it's serializer returned null
[27Aug2026 20:10:17.783] [main/INFO] [net.minecraft.world.item.crafting.RecipeManager/]: Skipping loading recipe endergetic:poise_fence_gate_from_poise_stems_sawing as it's serializer returned null
[27Aug2026 20:10:17.784] [main/INFO] [net.minecraft.world.item.crafting.RecipeManager/]: Skipping loading recipe windswept_delights:wild_berry_popsicle as it's serializer returned null
[27Aug2026 20:10:17.784] [main/INFO] [net.minecraft.world.item.crafting.RecipeManager/]: Skipping loading recipe sunflowerdelight:rose_candy_craft as it's serializer returned null
[27Aug2026 20:10:17.787] [main/INFO] [net.minecraft.world.item.crafting.RecipeManager/]: Skipping loading recipe hearthandharvest:turtle_egg_crate as it's serializer returned null
[27Aug2026 20:10:17.787] [main/INFO] [net.minecraft.world.item.crafting.RecipeManager/]: Skipping loading recipe delightful:knives/blasting/forgotten_undergarden as it's serializer returned null
[27Aug2026 20:10:17.787] [main/INFO] [net.minecraft.world.item.crafting.RecipeManager/]: Skipping loading recipe wildberries:sweet_berry_pie as it's serializer returned null
[27Aug2026 20:10:17.787] [main/INFO] [net.minecraft.world.item.crafting.RecipeManager/]: Skipping loading recipe delightful:integration/aether_redux/infuse_and_charge_veridium_knife as it's serializer returned null
[27Aug2026 20:10:17.788] [main/INFO] [net.minecraft.world.item.crafting.RecipeManager/]: Skipping loading recipe miners_delight:cooking/stuffed_squid as it's serializer returned null
[27Aug2026 20:10:17.788] [main/INFO] [net.minecraft.world.item.crafting.RecipeManager/]: Skipping loading recipe peculiars:aloe_berry_smoothie as it's serializer returned null
[27Aug2026 20:10:17.788] [main/INFO] [net.minecraft.world.item.crafting.RecipeManager/]: Skipping loading recipe thermal:machines/press/packing3x3/press_carrot_packing as it's serializer returned null
[27Aug2026 20:10:17.788] [main/INFO] [net.minecraft.world.item.crafting.RecipeManager/]: Skipping loading recipe moredelight:simple_hamburger as it's serializer returned null
[27Aug2026 20:10:17.788] [main/INFO] [net.minecraft.world.item.crafting.RecipeManager/]: Skipping loading recipe undergardendelight:gloomgourd_pie as it's serializer returned null
[27Aug2026 20:10:17.788] [main/INFO] [net.minecraft.world.item.crafting.RecipeManager/]: Skipping loading recipe delightful:knives/blasting/nickel_thermal as it's serializer returned null
[27Aug2026 20:10:17.789] [main/INFO] [net.minecraft.world.item.crafting.RecipeManager/]: Skipping loading recipe wildberries:glow_berry_pie_craft as it's serializer returned null
[27Aug2026 20:10:17.789] [main/INFO] [net.minecraft.world.item.crafting.RecipeManager/]: Skipping loading recipe delightful:integration/windswept/cutting/red_rose_bush as it's serializer returned null
[27Aug2026 20:10:17.789] [main/INFO] [net.minecraft.world.item.crafting.RecipeManager/]: Skipping loading recipe delightful:integration/create/filling/aged_roe as it's serializer returned null
[27Aug2026 20:10:17.789] [main/INFO] [net.minecraft.world.item.crafting.RecipeManager/]: Skipping loading recipe enderio:sag_milling/redstone_ore as it's serializer returned null
[27Aug2026 20:10:17.789] [main/INFO] [net.minecraft.world.item.crafting.RecipeManager/]: Skipping loading recipe delightful:integration/undergarden/cutting/veil_mushroom as it's serializer returned null
[27Aug2026 20:10:17.789] [main/INFO] [net.minecraft.world.item.crafting.RecipeManager/]: Skipping loading recipe delightful:integration/biomeswevegone/baobab_fruit_crate as it's serializer returned null
[27Aug2026 20:10:17.790] [main/INFO] [net.minecraft.world.item.crafting.RecipeManager/]: Skipping loading recipe delightful:knives/smelting/copper_immersiveengineering as it's serializer returned null
[27Aug2026 20:10:17.791] [main/INFO] [net.minecraft.world.item.crafting.RecipeManager/]: Skipping loading recipe delightful:knives/allthemodium_knife as it's serializer returned null
[27Aug2026 20:10:17.791] [main/INFO] [net.minecraft.world.item.crafting.RecipeManager/]: Skipping loading recipe untameddelight:kebab_wrap as it's serializer returned null
[27Aug2026 20:10:17.791] [main/INFO] [net.minecraft.world.item.crafting.RecipeManager/]: Skipping loading recipe delightful:integration/biomeswevegone/cutting/flowers/gray as it's serializer returned null
[27Aug2026 20:10:17.792] [main/INFO] [net.minecraft.world.item.crafting.RecipeManager/]: Skipping loading recipe delightful:integration/undergarden/cutting/blood_mushroom as it's serializer returned null
[27Aug2026 20:10:17.792] [main/INFO] [net.minecraft.world.item.crafting.RecipeManager/]: Skipping loading recipe wildberries:blueberry_pie_from_slices as it's serializer returned null
[27Aug2026 20:10:17.793] [main/INFO] [net.minecraft.world.item.crafting.RecipeManager/]: Skipping loading recipe delightful:integration/brewinandchewin/pouring/caviar as it's serializer returned null
[27Aug2026 20:10:17.795] [main/INFO] [net.minecraft.world.item.crafting.RecipeManager/]: Skipping loading recipe delightful:integration/farmersrespite/pouring/matcha_latte as it's serializer returned null
[27Aug2026 20:10:17.796] [main/INFO] [net.minecraft.world.item.crafting.RecipeManager/]: Skipping loading recipe foragersinsight:seed_butter_jamwich as it's serializer returned null
[27Aug2026 20:10:17.796] [main/INFO] [net.minecraft.world.item.crafting.RecipeManager/]: Skipping loading recipe delightful:integration/thermal/pulverizer_wheat as it's serializer returned null
[27Aug2026 20:10:17.796] [main/INFO] [net.minecraft.world.item.crafting.RecipeManager/]: Skipping loading recipe delightful:integration/habitat/cutting/edelweiss as it's serializer returned null
[27Aug2026 20:10:17.798] [main/INFO] [net.minecraft.world.item.crafting.RecipeManager/]: Skipping loading recipe undergardendelight:cloggrum_knife as it's serializer returned null
[27Aug2026 20:10:17.799] [main/INFO] [net.minecraft.world.item.crafting.RecipeManager/]: Skipping loading recipe seeddelight:m_acorn_kernel as it's serializer returned null
[27Aug2026 20:10:17.799] [main/INFO] [net.minecraft.world.item.crafting.RecipeManager/]: Skipping loading recipe delightful:knives/blasting/lead_eidolon as it's serializer returned null
[27Aug2026 20:10:17.800] [main/INFO] [net.minecraft.world.item.crafting.RecipeManager/]: Skipping loading recipe vampiresdelight:pure_sorbet as it's serializer returned null
[27Aug2026 20:10:17.801] [main/INFO] [net.minecraft.world.item.crafting.RecipeManager/]: Skipping loading recipe delightful:knives/blasting/warden_deeperdarker as it's serializer returned null
[27Aug2026 20:10:17.801] [main/INFO] [net.minecraft.world.item.crafting.RecipeManager/]: Skipping loading recipe delightful:integration/biomesoplenty/cutting/tiny_cactus as it's serializer returned null
[27Aug2026 20:10:17.801] [main/INFO] [net.minecraft.world.item.crafting.RecipeManager/]: Skipping loading recipe delightful:integration/cookielicious/source_berry_cookie_tile_slab as it's serializer returned null
[27Aug2026 20:10:17.802] [main/INFO] [net.minecraft.world.item.crafting.RecipeManager/]: Skipping loading recipe delightful:integration/atmospheric/passion_fruit_tart_from_slices as it's serializer returned null
[27Aug2026 20:10:17.802] [main/INFO] [net.minecraft.world.item.crafting.RecipeManager/]: Skipping loading recipe hearthandharvest:sweet_berry_crate as it's serializer returned null
[27Aug2026 20:10:17.802] [main/INFO] [net.minecraft.world.item.crafting.RecipeManager/]: Skipping loading recipe corn_delight:cooking/classic_corn_dog as it's serializer returned null
[27Aug2026 20:10:17.802] [main/INFO] [net.minecraft.world.item.crafting.RecipeManager/]: Skipping loading recipe undergarden:inky_stew as it's serializer returned null
[27Aug2026 20:10:17.802] [main/INFO] [net.minecraft.world.item.crafting.RecipeManager/]: Skipping loading recipe delightful:integration/farmersrespite/pouring/long_prickly_pear_juice as it's serializer returned null
[27Aug2026 20:10:17.802] [main/INFO] [net.minecraft.world.item.crafting.RecipeManager/]: Skipping loading recipe delightful:integration/twigs/cutting/twig as it's serializer returned null
[27Aug2026 20:10:17.803] [main/INFO] [net.minecraft.world.item.crafting.RecipeManager/]: Skipping loading recipe delightful:knives/fiery_knife as it's serializer returned null
[27Aug2026 20:10:17.803] [main/INFO] [net.minecraft.world.item.crafting.RecipeManager/]: Skipping loading recipe delightful:knives/blasting/lead_oreganized as it's serializer returned null
[27Aug2026 20:10:17.803] [main/INFO] [net.minecraft.world.item.crafting.RecipeManager/]: Skipping loading recipe vintagedelight:cheese_burger as it's serializer returned null
[27Aug2026 20:10:17.806] [main/INFO] [net.minecraft.world.item.crafting.RecipeManager/]: Skipping loading recipe thermal:machines/press/unpacking/press_charcoal_unpacking as it's serializer returned null
[27Aug2026 20:10:17.806] [main/INFO] [net.minecraft.world.item.crafting.RecipeManager/]: Skipping loading recipe endergetic:poise_boards as it's serializer returned null
[27Aug2026 20:10:17.806] [main/INFO] [net.minecraft.world.item.crafting.RecipeManager/]: Skipping loading recipe delightful:integration/vanillabackport/cutting/closed_eyeblossom as it's serializer returned null
[27Aug2026 20:10:17.806] [main/INFO] [net.minecraft.world.item.crafting.RecipeManager/]: Skipping loading recipe delightful:food/cooking/jam_jar as it's serializer returned null
[27Aug2026 20:10:17.807] [main/INFO] [net.minecraft.world.item.crafting.RecipeManager/]: Skipping loading recipe justenoughbreeding:breeding/upgrade_aquatic/perch as it's serializer returned null
[27Aug2026 20:10:17.807] [main/INFO] [net.minecraft.world.item.crafting.RecipeManager/]: Skipping loading recipe biomeswevegone:blueberry_pie as it's serializer returned null
[27Aug2026 20:10:17.807] [main/INFO] [net.minecraft.world.item.crafting.RecipeManager/]: Skipping loading recipe delightful:knives/blasting/lead_thermal as it's serializer returned null
[27Aug2026 20:10:17.809] [main/INFO] [net.minecraft.world.item.crafting.RecipeManager/]: Skipping loading recipe delightful:knives/blasting/electrum_immersiveengineering as it's serializer returned null
[27Aug2026 20:10:17.809] [main/INFO] [net.minecraft.world.item.crafting.RecipeManager/]: Skipping loading recipe autumnity:pumpkin_bread as it's serializer returned null
[27Aug2026 20:10:17.809] [main/INFO] [net.minecraft.world.item.crafting.RecipeManager/]: Skipping loading recipe delightful:knives/sinisite_knife as it's serializer returned null
[27Aug2026 20:10:17.809] [main/INFO] [net.minecraft.world.item.crafting.RecipeManager/]: Skipping loading recipe foragersinsight:jammy_breakfast_sandwich as it's serializer returned null
[27Aug2026 20:10:17.809] [main/INFO] [net.minecraft.world.item.crafting.RecipeManager/]: Skipping loading recipe thermal:storage/potato_from_block as it's serializer returned null
[27Aug2026 20:10:17.809] [main/INFO] [net.minecraft.world.item.crafting.RecipeManager/]: Skipping loading recipe delightful:food/cooking/coconut_curry as it's serializer returned null
[27Aug2026 20:10:17.809] [main/INFO] [net.minecraft.world.item.crafting.RecipeManager/]: Skipping loading recipe hearthandharvest:glow_berry_crate as it's serializer returned null
[27Aug2026 20:10:17.809] [main/INFO] [net.minecraft.world.item.crafting.RecipeManager/]: Skipping loading recipe delightful:integration/biomeswevegone/cutting/flowers/black as it's serializer returned null
[27Aug2026 20:10:17.809] [main/INFO] [net.minecraft.world.item.crafting.RecipeManager/]: Skipping loading recipe delightful:knives/lead_knife as it's serializer returned null
[27Aug2026 20:10:17.810] [main/ERROR] [net.minecraft.world.item.crafting.RecipeManager/]: Parsing error loading recipe brewincompatdelight:emptying/gin: com.google.gson.JsonSyntaxException: Invalid or unsupported recipe type 'create:emptying'
[27Aug2026 20:10:17.810] [main/INFO] [net.minecraft.world.item.crafting.RecipeManager/]: Skipping loading recipe botanypots:delightful/crop/cantaloupe as it's serializer returned null
[27Aug2026 20:10:17.810] [main/INFO] [net.minecraft.world.item.crafting.RecipeManager/]: Skipping loading recipe ars_nouveau:source_berry_pie as it's serializer returned null
[27Aug2026 20:10:17.810] [main/INFO] [net.minecraft.world.item.crafting.RecipeManager/]: Skipping loading recipe delightful:integration/habitat/cutting/red_ball_cactus as it's serializer returned null
[27Aug2026 20:10:17.810] [main/INFO] [net.minecraft.world.item.crafting.RecipeManager/]: Skipping loading recipe delightful:integration/naturesaura/cutting/aura_cactus as it's serializer returned null
[27Aug2026 20:10:17.811] [main/INFO] [net.minecraft.world.item.crafting.RecipeManager/]: Skipping loading recipe delightful:knives/blasting/bronze_mekanism as it's serializer returned null
[27Aug2026 20:10:17.811] [main/INFO] [net.minecraft.world.item.crafting.RecipeManager/]: Skipping loading recipe delightful:integration/create/filling/prickly_pear_juice as it's serializer returned null
[27Aug2026 20:10:17.811] [main/INFO] [net.minecraft.world.item.crafting.RecipeManager/]: Skipping loading recipe endergetic:poise_sign_from_poise_stems_sawing as it's serializer returned null
[27Aug2026 20:10:17.811] [main/INFO] [net.minecraft.world.item.crafting.RecipeManager/]: Skipping loading recipe delightful:knives/adamantium_knife as it's serializer returned null
[27Aug2026 20:10:17.812] [main/INFO] [net.minecraft.world.item.crafting.RecipeManager/]: Skipping loading recipe brewincompatdelight:cooking/grenadine as it's serializer returned null
[27Aug2026 20:10:17.813] [main/INFO] [net.minecraft.world.item.crafting.RecipeManager/]: Skipping loading recipe quark:building/crafting/mud_pillar as it's serializer returned null
[27Aug2026 20:10:17.814] [main/INFO] [net.minecraft.world.item.crafting.RecipeManager/]: Skipping loading recipe brewincompatdelight:cranberry_juice as it's serializer returned null
[27Aug2026 20:10:17.814] [main/INFO] [net.minecraft.world.item.crafting.RecipeManager/]: Skipping loading recipe endergetic:poise_boards_from_poise_stems_sawing as it's serializer returned null
[27Aug2026 20:10:17.814] [main/ERROR] [net.minecraft.world.item.crafting.RecipeManager/]: Parsing error loading recipe brewincompatdelight:emptying/tequila: com.google.gson.JsonSyntaxException: Invalid or unsupported recipe type 'create:emptying'
[27Aug2026 20:10:17.814] [main/INFO] [net.minecraft.world.item.crafting.RecipeManager/]: Skipping loading recipe delightful:integration/biomeswevegone/cutting/blueberry_pie as it's serializer returned null
[27Aug2026 20:10:17.814] [main/INFO] [net.minecraft.world.item.crafting.RecipeManager/]: Skipping loading recipe delightful:integration/ars_nouveau/source_berry_cookie as it's serializer returned null
[27Aug2026 20:10:17.814] [main/INFO] [net.minecraft.world.item.crafting.RecipeManager/]: Skipping loading recipe wildberries:sweet_berry_pie_from_slices as it's serializer returned null
[27Aug2026 20:10:17.815] [main/INFO] [net.minecraft.world.item.crafting.RecipeManager/]: Skipping loading recipe brewincompatdelight:mint_julep as it's serializer returned null
[27Aug2026 20:10:17.815] [main/INFO] [net.minecraft.world.item.crafting.RecipeManager/]: Skipping loading recipe thermal:machines/press/unpacking/press_apple_unpacking as it's serializer returned null
[27Aug2026 20:10:17.815] [main/INFO] [net.minecraft.world.item.crafting.RecipeManager/]: Skipping loading recipe thermal:machines/bottler/bottler_syrup_bottle as it's serializer returned null
[27Aug2026 20:10:17.816] [main/ERROR] [net.minecraft.world.item.crafting.RecipeManager/]: Parsing error loading recipe brewincompatdelight:pouring/unripe_flaxen_cheese_wheel: com.google.gson.JsonSyntaxException: Unknown item 'minecraft:soy_wax'
[27Aug2026 20:10:17.816] [main/INFO] [net.minecraft.world.item.crafting.RecipeManager/]: Skipping loading recipe delightful:knives/manasteel_knife as it's serializer returned null
[27Aug2026 20:10:17.816] [main/INFO] [net.minecraft.world.item.crafting.RecipeManager/]: Skipping loading recipe vampiresdelight:bat_taco as it's serializer returned null
[27Aug2026 20:10:17.816] [main/INFO] [net.minecraft.world.item.crafting.RecipeManager/]: Skipping loading recipe create:crafting/curiosities/cake as it's serializer returned null
[27Aug2026 20:10:17.816] [main/INFO] [net.minecraft.world.item.crafting.RecipeManager/]: Skipping loading recipe delightful:integration/ars_nouveau/cutting/blue_archwood_log as it's serializer returned null
[27Aug2026 20:10:17.816] [main/INFO] [net.minecraft.world.item.crafting.RecipeManager/]: Skipping loading recipe delightful:knives/elementium_knife as it's serializer returned null
[27Aug2026 20:10:17.817] [main/INFO] [net.minecraft.world.item.crafting.RecipeManager/]: Skipping loading recipe delightful:integration/ars_nouveau/unpack_bombegranate_crate as it's serializer returned null
[27Aug2026 20:10:17.817] [main/INFO] [net.minecraft.world.item.crafting.RecipeManager/]: Skipping loading recipe delightful:knives/nickel_knife as it's serializer returned null
[27Aug2026 20:10:17.817] [main/INFO] [net.minecraft.world.item.crafting.RecipeManager/]: Skipping loading recipe endergetic:poise_stairs_from_poise_stems_sawing as it's serializer returned null
[27Aug2026 20:10:17.818] [main/ERROR] [net.minecraft.world.item.crafting.RecipeManager/]: Parsing error loading recipe brewincompatdelight:emptying/whiskey: com.google.gson.JsonSyntaxException: Invalid or unsupported recipe type 'create:emptying'
[27Aug2026 20:10:17.818] [main/INFO] [net.minecraft.world.item.crafting.RecipeManager/]: Skipping loading recipe hearthandharvest:smore as it's serializer returned null
[27Aug2026 20:10:17.818] [main/INFO] [net.minecraft.world.item.crafting.RecipeManager/]: Skipping loading recipe delightful:knives/blasting/electrum_thermal as it's serializer returned null
[27Aug2026 20:10:17.818] [main/INFO] [net.minecraft.world.item.crafting.RecipeManager/]: Skipping loading recipe delightful:food/deluxe_cheeseburger_from_milk as it's serializer returned null
[27Aug2026 20:10:17.819] [main/INFO] [net.minecraft.world.item.crafting.RecipeManager/]: Skipping loading recipe delightful:mixing/matcha_gummy as it's serializer returned null
[27Aug2026 20:10:17.819] [main/INFO] [net.minecraft.world.item.crafting.RecipeManager/]: Skipping loading recipe vintagedelight:stuffed_burrito_from_tortilla as it's serializer returned null
[27Aug2026 20:10:17.819] [main/INFO] [net.minecraft.world.item.crafting.RecipeManager/]: Skipping loading recipe minecraft:rabbit_stew_from_brown_mushroom as it's serializer returned null
[27Aug2026 20:10:17.819] [main/INFO] [net.minecraft.world.item.crafting.RecipeManager/]: Skipping loading recipe delightful:knives/necronium_knife as it's serializer returned null
[27Aug2026 20:10:17.820] [main/INFO] [net.minecraft.world.item.crafting.RecipeManager/]: Skipping loading recipe delightful:integration/biomeswevegone/cutting/mini_cactus as it's serializer returned null
[27Aug2026 20:10:17.820] [main/INFO] [net.minecraft.world.item.crafting.RecipeManager/]: Skipping loading recipe wildberries:blueberry_pie as it's serializer returned null
[27Aug2026 20:10:17.820] [main/INFO] [net.minecraft.world.item.crafting.RecipeManager/]: Skipping loading recipe delightful:knives/repairing/holystone_knife as it's serializer returned null
[27Aug2026 20:10:17.820] [main/INFO] [net.minecraft.world.item.crafting.RecipeManager/]: Skipping loading recipe biomeswevegone:white_puffball_stew as it's serializer returned null
[27Aug2026 20:10:17.822] [main/INFO] [net.minecraft.world.item.crafting.RecipeManager/]: Skipping loading recipe delightful:integration/undergarden/gloomgourd_pie_from_slices as it's serializer returned null
[27Aug2026 20:10:17.822] [main/ERROR] [net.minecraft.world.item.crafting.RecipeManager/]: Parsing error loading recipe brewincompatdelight:emptying/moonshine: com.google.gson.JsonSyntaxException: Invalid or unsupported recipe type 'create:emptying'
[27Aug2026 20:10:17.822] [main/INFO] [net.minecraft.world.item.crafting.RecipeManager/]: Skipping loading recipe thermal:storage/charcoal_block as it's serializer returned null
[27Aug2026 20:10:17.823] [main/INFO] [net.minecraft.world.item.crafting.RecipeManager/]: Skipping loading recipe twilightdelight:ghast_burger as it's serializer returned null
[27Aug2026 20:10:17.823] [main/INFO] [net.minecraft.world.item.crafting.RecipeManager/]: Skipping loading recipe endergetic:poise_bookshelf as it's serializer returned null
[27Aug2026 20:10:17.825] [main/INFO] [net.minecraft.world.item.crafting.RecipeManager/]: Skipping loading recipe delightful:integration/thermal/organic_compost_from_sawdust as it's serializer returned null
[27Aug2026 20:10:17.826] [main/INFO] [net.minecraft.world.item.crafting.RecipeManager/]: Skipping loading recipe botanypots:rusticdelight/crop/bell_peppers as it's serializer returned null
[27Aug2026 20:10:17.826] [main/INFO] [net.minecraft.world.item.crafting.RecipeManager/]: Skipping loading recipe thermal:machines/press/packing3x3/press_gunpowder_packing as it's serializer returned null
[27Aug2026 20:10:17.828] [main/INFO] [net.minecraft.world.item.crafting.RecipeManager/]: Skipping loading recipe delightful:food/salmonberry_ice_cream as it's serializer returned null
[27Aug2026 20:10:17.828] [main/INFO] [net.minecraft.world.item.crafting.RecipeManager/]: Skipping loading recipe delightful:knives/smelting/silver_thermal as it's serializer returned null
[27Aug2026 20:10:17.829] [main/INFO] [net.minecraft.world.item.crafting.RecipeManager/]: Skipping loading recipe delightful:knives/smelting/zinc_create as it's serializer returned null
[27Aug2026 20:10:17.830] [main/INFO] [net.minecraft.world.item.crafting.RecipeManager/]: Skipping loading recipe thermal:machines/press/unpacking/press_gunpowder_unpacking as it's serializer returned null
[27Aug2026 20:10:17.830] [main/INFO] [net.minecraft.world.item.crafting.RecipeManager/]: Skipping loading recipe delightful:integration/biomeswevegone/blueberry_sack as it's serializer returned null
[27Aug2026 20:10:17.831] [main/INFO] [net.minecraft.world.item.crafting.RecipeManager/]: Skipping loading recipe minecraft:salt_from_bottle as it's serializer returned null
[27Aug2026 20:10:17.832] [main/INFO] [net.minecraft.world.item.crafting.RecipeManager/]: Skipping loading recipe delightful:integration/habitat/cutting/yellow_anthurium as it's serializer returned null
[27Aug2026 20:10:17.832] [main/INFO] [net.minecraft.world.item.crafting.RecipeManager/]: Skipping loading recipe delightful:knives/smelting/bone/bone_meal_from_smelting_helmet as it's serializer returned null
[27Aug2026 20:10:17.832] [main/INFO] [net.minecraft.world.item.crafting.RecipeManager/]: Skipping loading recipe delightful:integration/windswept/cutting/goat as it's serializer returned null
[27Aug2026 20:10:17.832] [main/INFO] [net.minecraft.world.item.crafting.RecipeManager/]: Skipping loading recipe delightful:integration/create/emptying/matcha_latte as it's serializer returned null
[27Aug2026 20:10:17.834] [main/INFO] [net.minecraft.world.item.crafting.RecipeManager/]: Skipping loading recipe delightful:integration/create/emptying/prickly_pear_juice as it's serializer returned null
[27Aug2026 20:10:17.834] [main/INFO] [net.minecraft.world.item.crafting.RecipeManager/]: Skipping loading recipe delightful:integration/biomeswevegone/cutting/flowers/rose as it's serializer returned null
[27Aug2026 20:10:17.835] [main/INFO] [net.minecraft.world.item.crafting.RecipeManager/]: Skipping loading recipe delightful:knives/cloggrum_knife as it's serializer returned null
[27Aug2026 20:10:17.835] [main/INFO] [net.minecraft.world.item.crafting.RecipeManager/]: Skipping loading recipe biomemakeover:glowshroom_stew as it's serializer returned null
[27Aug2026 20:10:17.835] [main/INFO] [net.minecraft.world.item.crafting.RecipeManager/]: Skipping loading recipe delightful:integration/thermal/centrifuge_sap_bottle as it's serializer returned null
[27Aug2026 20:10:17.835] [main/INFO] [net.minecraft.world.item.crafting.RecipeManager/]: Skipping loading recipe forestry:squeezer/fruit/walnut as it's serializer returned null
[27Aug2026 20:10:17.836] [main/INFO] [net.minecraft.world.item.crafting.RecipeManager/]: Skipping loading recipe farmersdelight:cutting/cooked_crab as it's serializer returned null
[27Aug2026 20:10:17.836] [main/INFO] [net.minecraft.world.item.crafting.RecipeManager/]: Skipping loading recipe additionaladditions:fried_egg as it's serializer returned null
[27Aug2026 20:10:17.836] [main/INFO] [net.minecraft.world.item.crafting.RecipeManager/]: Skipping loading recipe brewincompatdelight:fermenting/mulled_wine_from_peach_wine as it's serializer returned null
[27Aug2026 20:10:17.836] [main/INFO] [net.minecraft.world.item.crafting.RecipeManager/]: Skipping loading recipe delightful:knives/smithing/forgotten_knife as it's serializer returned null
[27Aug2026 20:10:17.837] [main/INFO] [net.minecraft.world.item.crafting.RecipeManager/]: Skipping loading recipe delightful:food/cheeseburger_from_bun as it's serializer returned null
[27Aug2026 20:10:17.837] [main/INFO] [net.minecraft.world.item.crafting.RecipeManager/]: Skipping loading recipe delightful:integration/biomeswevegone/cutting/flowers/pink_allium_flower_bush as it's serializer returned null
[27Aug2026 20:10:17.837] [main/INFO] [net.minecraft.world.item.crafting.RecipeManager/]: Skipping loading recipe delightful:knives/fiery_iron_knife as it's serializer returned null
[27Aug2026 20:10:17.838] [main/INFO] [net.minecraft.world.item.crafting.RecipeManager/]: Skipping loading recipe minecraft:rabbit_stew_from_red_mushroom as it's serializer returned null
[27Aug2026 20:10:17.841] [main/INFO] [net.minecraft.world.item.crafting.RecipeManager/]: Skipping loading recipe delightful:integration/biomeswevegone/green_apple_pie_from_slices as it's serializer returned null
[27Aug2026 20:10:17.841] [main/INFO] [net.minecraft.world.item.crafting.RecipeManager/]: Skipping loading recipe delightful:mixing/cantaloupe_gummy as it's serializer returned null
[27Aug2026 20:10:17.841] [main/INFO] [net.minecraft.world.item.crafting.RecipeManager/]: Skipping loading recipe delightful:integration/foragersinsight/cutting/acorn as it's serializer returned null
[27Aug2026 20:10:17.842] [main/INFO] [net.minecraft.world.item.crafting.RecipeManager/]: Skipping loading recipe farmersdelight:cutting/buzzier_bees/white_clover as it's serializer returned null
[27Aug2026 20:10:17.842] [main/INFO] [net.minecraft.world.item.crafting.RecipeManager/]: Skipping loading recipe minecraft:beetroot_soup as it's serializer returned null
[27Aug2026 20:10:17.843] [main/INFO] [net.minecraft.world.item.crafting.RecipeManager/]: Skipping loading recipe delightful:integration/ars_nouveau/source_berry_gummy as it's serializer returned null
[27Aug2026 20:10:17.843] [main/INFO] [net.minecraft.world.item.crafting.RecipeManager/]: Skipping loading recipe farmersdelight:cutting/cooked_crab_ecologics as it's serializer returned null
[27Aug2026 20:10:17.843] [main/ERROR] [net.minecraft.world.item.crafting.RecipeManager/]: Parsing error loading recipe brewincompatdelight:pouring/unripe_scarlet_cheese_wheel: com.google.gson.JsonSyntaxException: Unknown item 'minecraft:soy_wax'
[27Aug2026 20:10:17.844] [main/INFO] [net.minecraft.world.item.crafting.RecipeManager/]: Skipping loading recipe justenoughbreeding:breeding/tide/sturgeon as it's serializer returned null
[27Aug2026 20:10:17.844] [main/INFO] [net.minecraft.world.item.crafting.RecipeManager/]: Skipping loading recipe endergetic:poise_fence_from_poise_stems_sawing as it's serializer returned null
[27Aug2026 20:10:17.844] [main/INFO] [net.minecraft.world.item.crafting.RecipeManager/]: Skipping loading recipe delightful:integration/cookielicious/source_berry_cookie_tile_stairs as it's serializer returned null
[27Aug2026 20:10:17.844] [main/ERROR] [net.minecraft.world.item.crafting.RecipeManager/]: Parsing error loading recipe brewincompatdelight:emptying/mulled_wine: com.google.gson.JsonSyntaxException: Invalid or unsupported recipe type 'create:emptying'
[27Aug2026 20:10:17.844] [main/INFO] [net.minecraft.world.item.crafting.RecipeManager/]: Skipping loading recipe additionaladditions:fried_egg_from_campfire_cooking as it's serializer returned null
[27Aug2026 20:10:17.845] [main/INFO] [net.minecraft.world.item.crafting.RecipeManager/]: Skipping loading recipe delightful:integration/ecologics/cutting/coconut_husk as it's serializer returned null
[27Aug2026 20:10:17.845] [main/INFO] [net.minecraft.world.item.crafting.RecipeManager/]: Skipping loading recipe delightful:knives/smelting/emerald_emeraldequipment as it's serializer returned null
[27Aug2026 20:10:17.845] [main/INFO] [net.minecraft.world.item.crafting.RecipeManager/]: Skipping loading recipe naturalist:shellstone as it's serializer returned null
[27Aug2026 20:10:17.845] [main/INFO] [net.minecraft.world.item.crafting.RecipeManager/]: Skipping loading recipe delightful:knives/zinc_knife as it's serializer returned null
[27Aug2026 20:10:17.845] [main/ERROR] [net.minecraft.world.item.crafting.RecipeManager/]: Parsing error loading recipe brewincompatdelight:filling/mulled_wine: com.google.gson.JsonSyntaxException: Invalid or unsupported recipe type 'create:filling'
[27Aug2026 20:10:17.845] [main/INFO] [net.minecraft.world.item.crafting.RecipeManager/]: Skipping loading recipe delightful:integration/biomeswevegone/cutting/barrel_cactus as it's serializer returned null
[27Aug2026 20:10:17.846] [main/INFO] [net.minecraft.world.item.crafting.RecipeManager/]: Skipping loading recipe delightful:integration/immersiveengineering/squeezer/acorn as it's serializer returned null
[27Aug2026 20:10:17.846] [main/INFO] [net.minecraft.world.item.crafting.RecipeManager/]: Skipping loading recipe delightful:knives/refined_obsidian_knife as it's serializer returned null
[27Aug2026 20:10:17.847] [main/INFO] [net.minecraft.world.item.crafting.RecipeManager/]: Skipping loading recipe delightful:knives/blasting/bone/bone_meal_from_blasting_boots as it's serializer returned null
[27Aug2026 20:10:17.847] [main/INFO] [net.minecraft.world.item.crafting.RecipeManager/]: Skipping loading recipe delightful:integration/thermal/tree_extractor/red_maple as it's serializer returned null
[27Aug2026 20:10:17.848] [main/INFO] [net.minecraft.world.item.crafting.RecipeManager/]: Skipping loading recipe delightful:mixing/salmonberry_gummy as it's serializer returned null
[27Aug2026 20:10:17.848] [main/INFO] [net.minecraft.world.item.crafting.RecipeManager/]: Skipping loading recipe delightful:integration/biomeswevegone/green_apple_crate as it's serializer returned null
[27Aug2026 20:10:17.848] [main/INFO] [net.minecraft.world.item.crafting.RecipeManager/]: Skipping loading recipe delightful:integration/biomeswevegone/cutting/flowers/pink_daffodil as it's serializer returned null
[27Aug2026 20:10:17.848] [main/INFO] [net.minecraft.world.item.crafting.RecipeManager/]: Skipping loading recipe endergetic:poise_stairs_from_poise_planks_sawing as it's serializer returned null
[27Aug2026 20:10:17.848] [main/INFO] [net.minecraft.world.item.crafting.RecipeManager/]: Skipping loading recipe delightful:integration/unusualend/cutting/chorus_pie as it's serializer returned null
[27Aug2026 20:10:17.849] [main/INFO] [net.minecraft.world.item.crafting.RecipeManager/]: Skipping loading recipe delightful:integration/unusualend/chorus_pie_from_slices as it's serializer returned null
[27Aug2026 20:10:17.849] [main/INFO] [net.minecraft.world.item.crafting.RecipeManager/]: Skipping loading recipe enderio:enderios as it's serializer returned null
[27Aug2026 20:10:17.849] [main/INFO] [net.minecraft.world.item.crafting.RecipeManager/]: Skipping loading recipe botanypots:rusticdelight/crop/cotton as it's serializer returned null
[27Aug2026 20:10:17.850] [main/INFO] [net.minecraft.world.item.crafting.RecipeManager/]: Skipping loading recipe delightful:integration/biomeswevegone/cutting/horseweed as it's serializer returned null
[27Aug2026 20:10:17.850] [main/INFO] [net.minecraft.world.item.crafting.RecipeManager/]: Skipping loading recipe undergarden:bloody_stew as it's serializer returned null
[27Aug2026 20:10:17.850] [main/INFO] [net.minecraft.world.item.crafting.RecipeManager/]: Skipping loading recipe delightful:knives/blasting/steel_mekanism as it's serializer returned null
[27Aug2026 20:10:17.851] [main/INFO] [net.minecraft.world.item.crafting.RecipeManager/]: Skipping loading recipe delightful:knives/smithing/gilded_netherite_knife as it's serializer returned null
[27Aug2026 20:10:17.851] [main/INFO] [net.minecraft.world.item.crafting.RecipeManager/]: Skipping loading recipe naturalist:cooked_egg_from_smoking as it's serializer returned null
[27Aug2026 20:10:17.851] [main/INFO] [net.minecraft.world.item.crafting.RecipeManager/]: Skipping loading recipe vintagedelight:meat_pizza as it's serializer returned null
[27Aug2026 20:10:17.853] [main/INFO] [net.minecraft.world.item.crafting.RecipeManager/]: Skipping loading recipe rusticdelight:pumpkin_pancakes as it's serializer returned null
[27Aug2026 20:10:17.853] [main/INFO] [net.minecraft.world.item.crafting.RecipeManager/]: Skipping loading recipe delightful:integration/undergarden/cutting/indigo_mushroom as it's serializer returned null
[27Aug2026 20:10:17.854] [main/INFO] [net.minecraft.world.item.crafting.RecipeManager/]: Skipping loading recipe delightful:integration/seasonals/cooking/pumpkin_adzuki_stew as it's serializer returned null
[27Aug2026 20:10:17.854] [main/INFO] [net.minecraft.world.item.crafting.RecipeManager/]: Skipping loading recipe endergetic:cracked_end_stone_bricks_from_baking as it's serializer returned null
[27Aug2026 20:10:17.854] [main/INFO] [net.minecraft.world.item.crafting.RecipeManager/]: Skipping loading recipe delightful:integration/thermal/press/mini_melon_packing as it's serializer returned null
[27Aug2026 20:10:17.854] [main/INFO] [net.minecraft.world.item.crafting.RecipeManager/]: Skipping loading recipe delightful:integration/atmospheric/red_dye_from_blood_orange as it's serializer returned null
[27Aug2026 20:10:17.854] [main/INFO] [net.minecraft.world.item.crafting.RecipeManager/]: Skipping loading recipe ends_delight:food/chorus_cookie as it's serializer returned null
[27Aug2026 20:10:17.854] [main/INFO] [net.minecraft.world.item.crafting.RecipeManager/]: Skipping loading recipe delightful:integration/farmersrespite/brewing/prickly_pear_juice_from_water as it's serializer returned null
[27Aug2026 20:10:17.855] [main/INFO] [net.minecraft.world.item.crafting.RecipeManager/]: Skipping loading recipe delightful:knives/smelting/diamond_diamond_nuggets as it's serializer returned null
[27Aug2026 20:10:17.855] [main/INFO] [net.minecraft.world.item.crafting.RecipeManager/]: Skipping loading recipe brewincompatdelight:margarita as it's serializer returned null
[27Aug2026 20:10:17.855] [main/ERROR] [net.minecraft.world.item.crafting.RecipeManager/]: Parsing error loading recipe brewincompatdelight:emptying/blue_curacao: com.google.gson.JsonSyntaxException: Invalid or unsupported recipe type 'create:emptying'
[27Aug2026 20:10:17.855] [main/INFO] [net.minecraft.world.item.crafting.RecipeManager/]: Skipping loading recipe delightful:integration/habitat/cutting/flowering_orange_ball_cactus_block as it's serializer returned null
[27Aug2026 20:10:17.855] [main/ERROR] [net.minecraft.world.item.crafting.RecipeManager/]: Parsing error loading recipe brewincompatdelight:filling/hard_lemonade: com.google.gson.JsonSyntaxException: Invalid or unsupported recipe type 'create:filling'
[27Aug2026 20:10:17.855] [main/INFO] [net.minecraft.world.item.crafting.RecipeManager/]: Skipping loading recipe delightful:integration/biomeswevegone/cutting/flowers/osiria_rose as it's serializer returned null
[27Aug2026 20:10:17.856] [main/INFO] [net.minecraft.world.item.crafting.RecipeManager/]: Skipping loading recipe delightful:knives/smelting/bone/bone_meal_from_smelting_sword as it's serializer returned null
[27Aug2026 20:10:17.856] [main/INFO] [net.minecraft.world.item.crafting.RecipeManager/]: Skipping loading recipe justenoughbreeding:breeding/minecraft/cod as it's serializer returned null
[27Aug2026 20:10:17.857] [main/INFO] [net.minecraft.world.item.crafting.RecipeManager/]: Skipping loading recipe delightful:knives/blasting/copper_immersiveengineering as it's serializer returned null
[27Aug2026 20:10:17.857] [main/INFO] [net.minecraft.world.item.crafting.RecipeManager/]: Skipping loading recipe delightful:food/roe_blini_from_bread as it's serializer returned null
[27Aug2026 20:10:17.858] [main/INFO] [net.minecraft.world.item.crafting.RecipeManager/]: Skipping loading recipe twilightdelight:meef_wrap as it's serializer returned null
[27Aug2026 20:10:17.860] [main/INFO] [net.minecraft.world.item.crafting.RecipeManager/]: Loaded 28 recipes
[27Aug2026 20:10:17.880] [main/INFO] [com.teamabnormals.blueprint.core.Blueprint/]: Advancement Modification Manager has loaded 5 modifier groups
[27Aug2026 20:10:17.955] [main/ERROR] [net.minecraft.server.ServerAdvancementManager/]: Parsing error loading custom advancement sob:get_prickly_pear: Expected item to be an item, was unknown string 'sob:prickly_pear'
[27Aug2026 20:10:18.078] [main/INFO] [net.minecraft.advancements.AdvancementList/]: Loaded 4717 advancements
[27Aug2026 20:10:18.085] [main/INFO] [placebo/]: Registered 0 additional recipes.
[27Aug2026 20:10:18.103] [main/WARN] [net.minecraftforge.common.loot.LootModifierManager/]: Could not decode GlobalLootModifier with json id bygonenether:soul_stone_from_block - error: Unknown registry key in ResourceKey[minecraft:root / forge:global_loot_modifier_serializers]: bygonenether:replace_item
[27Aug2026 20:10:18.103] [main/WARN] [net.minecraftforge.common.loot.LootModifierManager/]: Could not decode GlobalLootModifier with json id bygonenether:soul_stone_in_catacombs - error: Unknown registry key in ResourceKey[minecraft:root / forge:global_loot_modifier_serializers]: bygonenether:replace_item
[27Aug2026 20:10:18.105] [main/WARN] [net.minecraftforge.common.loot.LootModifierManager/]: Unable to decode loot conditions
com.google.gson.JsonSyntaxException: Unknown type 'minecraft:alternatives'
	at net.minecraft.world.level.storage.loot.GsonAdapterFactory$JsonAdapter.deserialize(GsonAdapterFactory.java:99) ~[server-1.20.1-20230612.114412-srg.jar%23251!/:?]
	at com.google.gson.internal.bind.TreeTypeAdapter.read(TreeTypeAdapter.java:76) ~[gson-2.10.jar%2370!/:?]
	at com.google.gson.internal.bind.TypeAdapterRuntimeTypeWrapper.read(TypeAdapterRuntimeTypeWrapper.java:40) ~[gson-2.10.jar%2370!/:?]
	at com.google.gson.internal.bind.ArrayTypeAdapter.read(ArrayTypeAdapter.java:72) ~[gson-2.10.jar%2370!/:?]
	at com.google.gson.Gson.fromJson(Gson.java:1214) ~[gson-2.10.jar%2370!/:?]
	at com.google.gson.Gson.fromJson(Gson.java:1319) ~[gson-2.10.jar%2370!/:?]
	at com.google.gson.Gson.fromJson(Gson.java:1261) ~[gson-2.10.jar%2370!/:?]
	at net.minecraftforge.common.loot.IGlobalLootModifier.lambda$static$1(IGlobalLootModifier.java:39) ~[forge-1.20.1-47.3.7-universal.jar%23256!/:?]
	at com.mojang.serialization.Decoder$1.lambda$decode$1(Decoder.java:49) ~[datafixerupper-6.0.8.jar%2375!/:?]
	at com.mojang.serialization.DataResult.lambda$flatMap$11(DataResult.java:139) ~[datafixerupper-6.0.8.jar%2375!/:?]
	at com.mojang.datafixers.util.Either$Left.map(Either.java:38) ~[datafixerupper-6.0.8.jar%2375!/:?]
	at com.mojang.serialization.DataResult.flatMap(DataResult.java:137) ~[datafixerupper-6.0.8.jar%2375!/:?]
	at com.mojang.serialization.Decoder$1.decode(Decoder.java:49) ~[datafixerupper-6.0.8.jar%2375!/:?]
	at com.mojang.serialization.Codec$2.decode(Codec.java:71) ~[datafixerupper-6.0.8.jar%2375!/:?]
	at com.mojang.serialization.Decoder.parse(Decoder.java:18) ~[datafixerupper-6.0.8.jar%2375!/:?]
	at com.mojang.serialization.codecs.FieldDecoder.decode(FieldDecoder.java:29) ~[datafixerupper-6.0.8.jar%2375!/:?]
	at com.mojang.serialization.MapCodec$1.decode(MapCodec.java:34) ~[datafixerupper-6.0.8.jar%2375!/:?]
	at com.mojang.serialization.codecs.RecordCodecBuilder$Instance$5.decode(RecordCodecBuilder.java:323) ~[datafixerupper-6.0.8.jar%2375!/:?]
	at com.mojang.serialization.codecs.RecordCodecBuilder$2.decode(RecordCodecBuilder.java:107) ~[datafixerupper-6.0.8.jar%2375!/:?]
	at com.mojang.serialization.codecs.KeyDispatchCodec.lambda$decode$3(KeyDispatchCodec.java:67) ~[datafixerupper-6.0.8.jar%2375!/:?]
	at com.mojang.serialization.DataResult.lambda$flatMap$11(DataResult.java:139) ~[datafixerupper-6.0.8.jar%2375!/:?]
	at com.mojang.datafixers.util.Either$Left.map(Either.java:38) ~[datafixerupper-6.0.8.jar%2375!/:?]
	at com.mojang.serialization.DataResult.flatMap(DataResult.java:137) ~[datafixerupper-6.0.8.jar%2375!/:?]
	at com.mojang.serialization.codecs.KeyDispatchCodec.lambda$decode$4(KeyDispatchCodec.java:58) ~[datafixerupper-6.0.8.jar%2375!/:?]
	at com.mojang.serialization.DataResult.lambda$flatMap$11(DataResult.java:139) ~[datafixerupper-6.0.8.jar%2375!/:?]
	at com.mojang.datafixers.util.Either$Left.map(Either.java:38) ~[datafixerupper-6.0.8.jar%2375!/:?]
	at com.mojang.serialization.DataResult.flatMap(DataResult.java:137) ~[datafixerupper-6.0.8.jar%2375!/:?]
	at com.mojang.serialization.codecs.KeyDispatchCodec.decode(KeyDispatchCodec.java:56) ~[datafixerupper-6.0.8.jar%2375!/:?]
	at com.mojang.serialization.MapDecoder.lambda$compressedDecode$1(MapDecoder.java:52) ~[datafixerupper-6.0.8.jar%2375!/:?]
	at com.mojang.serialization.DataResult.lambda$flatMap$11(DataResult.java:139) ~[datafixerupper-6.0.8.jar%2375!/:?]
	at com.mojang.datafixers.util.Either$Left.map(Either.java:38) ~[datafixerupper-6.0.8.jar%2375!/:?]
	at com.mojang.serialization.DataResult.flatMap(DataResult.java:137) ~[datafixerupper-6.0.8.jar%2375!/:?]
	at com.mojang.serialization.MapDecoder.compressedDecode(MapDecoder.java:52) ~[datafixerupper-6.0.8.jar%2375!/:?]
	at com.mojang.serialization.MapCodec$MapCodecCodec.decode(MapCodec.java:91) ~[datafixerupper-6.0.8.jar%2375!/:?]
	at com.mojang.serialization.Decoder.parse(Decoder.java:18) ~[datafixerupper-6.0.8.jar%2375!/:?]
	at net.minecraftforge.common.loot.LootModifierManager.apply(LootModifierManager.java:79) ~[forge-1.20.1-47.3.7-universal.jar%23256!/:?]
	at net.minecraftforge.common.loot.LootModifierManager.m_5787_(LootModifierManager.java:38) ~[forge-1.20.1-47.3.7-universal.jar%23256!/:?]
	at net.minecraft.server.packs.resources.SimplePreparableReloadListener.m_10789_(SimplePreparableReloadListener.java:13) ~[server-1.20.1-20230612.114412-srg.jar%23251!/:?]
	at java.util.concurrent.CompletableFuture$UniAccept.tryFire(CompletableFuture.java:718) ~[?:?]
	at java.util.concurrent.CompletableFuture$Completion.run(CompletableFuture.java:482) ~[?:?]
	at net.minecraft.server.packs.resources.SimpleReloadInstance.m_143940_(SimpleReloadInstance.java:69) ~[server-1.20.1-20230612.114412-srg.jar%23251!/:?]
	at net.minecraft.Util.m_214652_(Util.java:783) ~[server-1.20.1-20230612.114412-srg.jar%23251!/:?]
	at net.minecraft.Util.m_214679_(Util.java:772) ~[server-1.20.1-20230612.114412-srg.jar%23251!/:?]
	at net.minecraft.server.Main.main(Main.java:166) ~[server-1.20.1-20230612.114412-srg.jar%23251!/:?]
	at jdk.internal.reflect.NativeMethodAccessorImpl.invoke0(Native Method) ~[?:?]
	at jdk.internal.reflect.NativeMethodAccessorImpl.invoke(NativeMethodAccessorImpl.java:77) ~[?:?]
	at jdk.internal.reflect.DelegatingMethodAccessorImpl.invoke(DelegatingMethodAccessorImpl.java:43) ~[?:?]
	at java.lang.reflect.Method.invoke(Method.java:569) ~[?:?]
	at net.minecraftforge.fml.loading.targets.CommonLaunchHandler.runTarget(CommonLaunchHandler.java:111) ~[fmlloader-1.20.1-47.3.7.jar%2367!/:?]
	at net.minecraftforge.fml.loading.targets.CommonLaunchHandler.serverService(CommonLaunchHandler.java:103) ~[fmlloader-1.20.1-47.3.7.jar%2367!/:?]
	at net.minecraftforge.fml.loading.targets.CommonServerLaunchHandler.lambda$makeService$0(CommonServerLaunchHandler.java:27) ~[fmlloader-1.20.1-47.3.7.jar%2367!/:?]
	at cpw.mods.modlauncher.LaunchServiceHandlerDecorator.launch(LaunchServiceHandlerDecorator.java:30) ~[modlauncher-10.0.9.jar%2353!/:?]
	at cpw.mods.modlauncher.LaunchServiceHandler.launch(LaunchServiceHandler.java:53) ~[modlauncher-10.0.9.jar%2353!/:?]
	at cpw.mods.modlauncher.LaunchServiceHandler.launch(LaunchServiceHandler.java:71) ~[modlauncher-10.0.9.jar%2353!/:?]
	at cpw.mods.modlauncher.Launcher.run(Launcher.java:108) ~[modlauncher-10.0.9.jar%2353!/:?]
	at cpw.mods.modlauncher.Launcher.main(Launcher.java:78) ~[modlauncher-10.0.9.jar%2353!/:?]
	at cpw.mods.modlauncher.BootstrapLaunchConsumer.accept(BootstrapLaunchConsumer.java:26) ~[modlauncher-10.0.9.jar%2353!/:?]
	at cpw.mods.modlauncher.BootstrapLaunchConsumer.accept(BootstrapLaunchConsumer.java:23) ~[modlauncher-10.0.9.jar%2353!/:?]
	at cpw.mods.bootstraplauncher.BootstrapLauncher.main(BootstrapLauncher.java:141) ~[bootstraplauncher-1.1.2.jar:?]
[27Aug2026 20:10:18.107] [main/WARN] [net.minecraftforge.common.loot.LootModifierManager/]: Could not decode GlobalLootModifier with json id nethersdelight:chopping_leather - error: Unknown type 'minecraft:alternatives'
[27Aug2026 20:10:18.108] [main/WARN] [net.minecraftforge.common.loot.LootModifierManager/]: Unable to decode loot conditions
com.google.gson.JsonSyntaxException: Unknown type 'minecraft:alternative'
	at net.minecraft.world.level.storage.loot.GsonAdapterFactory$JsonAdapter.deserialize(GsonAdapterFactory.java:99) ~[server-1.20.1-20230612.114412-srg.jar%23251!/:?]
	at com.google.gson.internal.bind.TreeTypeAdapter.read(TreeTypeAdapter.java:76) ~[gson-2.10.jar%2370!/:?]
	at com.google.gson.internal.bind.TypeAdapterRuntimeTypeWrapper.read(TypeAdapterRuntimeTypeWrapper.java:40) ~[gson-2.10.jar%2370!/:?]
	at com.google.gson.internal.bind.ArrayTypeAdapter.read(ArrayTypeAdapter.java:72) ~[gson-2.10.jar%2370!/:?]
	at com.google.gson.Gson.fromJson(Gson.java:1214) ~[gson-2.10.jar%2370!/:?]
	at com.google.gson.Gson.fromJson(Gson.java:1319) ~[gson-2.10.jar%2370!/:?]
	at com.google.gson.Gson.fromJson(Gson.java:1261) ~[gson-2.10.jar%2370!/:?]
	at net.minecraftforge.common.loot.IGlobalLootModifier.lambda$static$1(IGlobalLootModifier.java:39) ~[forge-1.20.1-47.3.7-universal.jar%23256!/:?]
	at com.mojang.serialization.Decoder$1.lambda$decode$1(Decoder.java:49) ~[datafixerupper-6.0.8.jar%2375!/:?]
	at com.mojang.serialization.DataResult.lambda$flatMap$11(DataResult.java:139) ~[datafixerupper-6.0.8.jar%2375!/:?]
	at com.mojang.datafixers.util.Either$Left.map(Either.java:38) ~[datafixerupper-6.0.8.jar%2375!/:?]
	at com.mojang.serialization.DataResult.flatMap(DataResult.java:137) ~[datafixerupper-6.0.8.jar%2375!/:?]
	at com.mojang.serialization.Decoder$1.decode(Decoder.java:49) ~[datafixerupper-6.0.8.jar%2375!/:?]
	at com.mojang.serialization.Codec$2.decode(Codec.java:71) ~[datafixerupper-6.0.8.jar%2375!/:?]
	at com.mojang.serialization.Decoder.parse(Decoder.java:18) ~[datafixerupper-6.0.8.jar%2375!/:?]
	at com.mojang.serialization.codecs.FieldDecoder.decode(FieldDecoder.java:29) ~[datafixerupper-6.0.8.jar%2375!/:?]
	at com.mojang.serialization.MapCodec$1.decode(MapCodec.java:34) ~[datafixerupper-6.0.8.jar%2375!/:?]
	at com.mojang.serialization.codecs.RecordCodecBuilder$Instance$5.decode(RecordCodecBuilder.java:323) ~[datafixerupper-6.0.8.jar%2375!/:?]
	at com.mojang.serialization.codecs.RecordCodecBuilder$2.decode(RecordCodecBuilder.java:107) ~[datafixerupper-6.0.8.jar%2375!/:?]
	at com.mojang.serialization.codecs.KeyDispatchCodec.lambda$decode$3(KeyDispatchCodec.java:67) ~[datafixerupper-6.0.8.jar%2375!/:?]
	at com.mojang.serialization.DataResult.lambda$flatMap$11(DataResult.java:139) ~[datafixerupper-6.0.8.jar%2375!/:?]
	at com.mojang.datafixers.util.Either$Left.map(Either.java:38) ~[datafixerupper-6.0.8.jar%2375!/:?]
	at com.mojang.serialization.DataResult.flatMap(DataResult.java:137) ~[datafixerupper-6.0.8.jar%2375!/:?]
	at com.mojang.serialization.codecs.KeyDispatchCodec.lambda$decode$4(KeyDispatchCodec.java:58) ~[datafixerupper-6.0.8.jar%2375!/:?]
	at com.mojang.serialization.DataResult.lambda$flatMap$11(DataResult.java:139) ~[datafixerupper-6.0.8.jar%2375!/:?]
	at com.mojang.datafixers.util.Either$Left.map(Either.java:38) ~[datafixerupper-6.0.8.jar%2375!/:?]
	at com.mojang.serialization.DataResult.flatMap(DataResult.java:137) ~[datafixerupper-6.0.8.jar%2375!/:?]
	at com.mojang.serialization.codecs.KeyDispatchCodec.decode(KeyDispatchCodec.java:56) ~[datafixerupper-6.0.8.jar%2375!/:?]
	at com.mojang.serialization.MapDecoder.lambda$compressedDecode$1(MapDecoder.java:52) ~[datafixerupper-6.0.8.jar%2375!/:?]
	at com.mojang.serialization.DataResult.lambda$flatMap$11(DataResult.java:139) ~[datafixerupper-6.0.8.jar%2375!/:?]
	at com.mojang.datafixers.util.Either$Left.map(Either.java:38) ~[datafixerupper-6.0.8.jar%2375!/:?]
	at com.mojang.serialization.DataResult.flatMap(DataResult.java:137) ~[datafixerupper-6.0.8.jar%2375!/:?]
	at com.mojang.serialization.MapDecoder.compressedDecode(MapDecoder.java:52) ~[datafixerupper-6.0.8.jar%2375!/:?]
	at com.mojang.serialization.MapCodec$MapCodecCodec.decode(MapCodec.java:91) ~[datafixerupper-6.0.8.jar%2375!/:?]
	at com.mojang.serialization.Decoder.parse(Decoder.java:18) ~[datafixerupper-6.0.8.jar%2375!/:?]
	at net.minecraftforge.common.loot.LootModifierManager.apply(LootModifierManager.java:79) ~[forge-1.20.1-47.3.7-universal.jar%23256!/:?]
	at net.minecraftforge.common.loot.LootModifierManager.m_5787_(LootModifierManager.java:38) ~[forge-1.20.1-47.3.7-universal.jar%23256!/:?]
	at net.minecraft.server.packs.resources.SimplePreparableReloadListener.m_10789_(SimplePreparableReloadListener.java:13) ~[server-1.20.1-20230612.114412-srg.jar%23251!/:?]
	at java.util.concurrent.CompletableFuture$UniAccept.tryFire(CompletableFuture.java:718) ~[?:?]
	at java.util.concurrent.CompletableFuture$Completion.run(CompletableFuture.java:482) ~[?:?]
	at net.minecraft.server.packs.resources.SimpleReloadInstance.m_143940_(SimpleReloadInstance.java:69) ~[server-1.20.1-20230612.114412-srg.jar%23251!/:?]
	at net.minecraft.Util.m_214652_(Util.java:783) ~[server-1.20.1-20230612.114412-srg.jar%23251!/:?]
	at net.minecraft.Util.m_214679_(Util.java:772) ~[server-1.20.1-20230612.114412-srg.jar%23251!/:?]
	at net.minecraft.server.Main.main(Main.java:166) ~[server-1.20.1-20230612.114412-srg.jar%23251!/:?]
	at jdk.internal.reflect.NativeMethodAccessorImpl.invoke0(Native Method) ~[?:?]
	at jdk.internal.reflect.NativeMethodAccessorImpl.invoke(NativeMethodAccessorImpl.java:77) ~[?:?]
	at jdk.internal.reflect.DelegatingMethodAccessorImpl.invoke(DelegatingMethodAccessorImpl.java:43) ~[?:?]
	at java.lang.reflect.Method.invoke(Method.java:569) ~[?:?]
	at net.minecraftforge.fml.loading.targets.CommonLaunchHandler.runTarget(CommonLaunchHandler.java:111) ~[fmlloader-1.20.1-47.3.7.jar%2367!/:?]
	at net.minecraftforge.fml.loading.targets.CommonLaunchHandler.serverService(CommonLaunchHandler.java:103) ~[fmlloader-1.20.1-47.3.7.jar%2367!/:?]
	at net.minecraftforge.fml.loading.targets.CommonServerLaunchHandler.lambda$makeService$0(CommonServerLaunchHandler.java:27) ~[fmlloader-1.20.1-47.3.7.jar%2367!/:?]
	at cpw.mods.modlauncher.LaunchServiceHandlerDecorator.launch(LaunchServiceHandlerDecorator.java:30) ~[modlauncher-10.0.9.jar%2353!/:?]
	at cpw.mods.modlauncher.LaunchServiceHandler.launch(LaunchServiceHandler.java:53) ~[modlauncher-10.0.9.jar%2353!/:?]
	at cpw.mods.modlauncher.LaunchServiceHandler.launch(LaunchServiceHandler.java:71) ~[modlauncher-10.0.9.jar%2353!/:?]
	at cpw.mods.modlauncher.Launcher.run(Launcher.java:108) ~[modlauncher-10.0.9.jar%2353!/:?]
	at cpw.mods.modlauncher.Launcher.main(Launcher.java:78) ~[modlauncher-10.0.9.jar%2353!/:?]
	at cpw.mods.modlauncher.BootstrapLaunchConsumer.accept(BootstrapLaunchConsumer.java:26) ~[modlauncher-10.0.9.jar%2353!/:?]
	at cpw.mods.modlauncher.BootstrapLaunchConsumer.accept(BootstrapLaunchConsumer.java:23) ~[modlauncher-10.0.9.jar%2353!/:?]
	at cpw.mods.bootstraplauncher.BootstrapLauncher.main(BootstrapLauncher.java:141) ~[bootstraplauncher-1.1.2.jar:?]
[27Aug2026 20:10:18.109] [main/WARN] [net.minecraftforge.common.loot.LootModifierManager/]: Could not decode GlobalLootModifier with json id nethersdelight:chopping_string - error: Unknown type 'minecraft:alternative'
[27Aug2026 20:10:18.110] [main/WARN] [net.minecraftforge.common.loot.LootModifierManager/]: Could not decode GlobalLootModifier with json id corn_delight:village_house - error: Unknown registry key in ResourceKey[minecraft:root / forge:global_loot_modifier_serializers]: mmlib:add_loot_table
[27Aug2026 20:10:18.110] [main/WARN] [net.minecraftforge.common.loot.LootModifierManager/]: Could not decode GlobalLootModifier with json id corn_delight:shipwreck_loot - error: Unknown registry key in ResourceKey[minecraft:root / forge:global_loot_modifier_serializers]: mmlib:add_loot_table
[27Aug2026 20:10:18.114] [main/INFO] [com.teamabnormals.blueprint.core.Blueprint/]: Chunk Generator Modification Manager has loaded 1 modifier groups
[27Aug2026 20:10:18.129] [main/INFO] [top.theillusivec4.curios.Curios/]: Loaded 16 curio slots
[27Aug2026 20:10:18.132] [main/INFO] [top.theillusivec4.curios.Curios/]: Loaded 11 curio entities
[27Aug2026 20:10:18.134] [main/INFO] [placebo/]: Registered 0 gear_sets.
[27Aug2026 20:10:18.221] [main/WARN] [ModernFix/]: Initial datapack load took 5.723 s
[27Aug2026 20:10:18.404] [Server thread/INFO] [net.minecraft.server.dedicated.DedicatedServer/]: Starting minecraft server version 1.20.1
[27Aug2026 20:10:18.405] [Server thread/INFO] [net.minecraft.server.dedicated.DedicatedServer/]: Loading properties
[27Aug2026 20:10:18.405] [Server thread/INFO] [net.minecraft.server.dedicated.DedicatedServer/]: Default game type: SURVIVAL
[27Aug2026 20:10:18.406] [Server thread/INFO] [net.minecraft.server.MinecraftServer/]: Generating keypair
[27Aug2026 20:10:18.481] [Server thread/INFO] [net.minecraft.server.dedicated.DedicatedServer/]: Starting Minecraft server on *:25565
[27Aug2026 20:10:18.514] [Server thread/INFO] [net.minecraft.server.network.ServerConnectionListener/]: Using epoll channel type
[27Aug2026 20:10:18.589] [Server thread/WARN] [net.minecraft.server.dedicated.DedicatedServer/]: **** SERVER IS RUNNING IN OFFLINE/INSECURE MODE!
[27Aug2026 20:10:18.590] [Server thread/WARN] [net.minecraft.server.dedicated.DedicatedServer/]: The server will make no attempt to authenticate usernames. Beware.
[27Aug2026 20:10:18.590] [Server thread/WARN] [net.minecraft.server.dedicated.DedicatedServer/]: While this makes the game possible to play without internet access, it also opens up the ability for hackers to connect with any username they choose.
[27Aug2026 20:10:18.590] [Server thread/WARN] [net.minecraft.server.dedicated.DedicatedServer/]: To change this, set "online-mode" to "true" in the server.properties file.
[27Aug2026 20:10:18.771] [Server thread/INFO] [Framework/]: Loading server configs...
[27Aug2026 20:10:18.790] [Server thread/INFO] [terrablender/]: Initialized TerraBlender biomes for level stem minecraft:the_nether
[27Aug2026 20:10:19.253] [Server thread/INFO] [terrablender/]: Initialized TerraBlender biomes for level stem minecraft:overworld
[27Aug2026 20:10:19.254] [Server thread/INFO] [net.minecraft.server.dedicated.DedicatedServer/]: Preparing level "world"
[27Aug2026 20:10:20.260] [Server thread/WARN] [com.structureessentials.StructureEssentials/]: Non-unique structure_set salt:0 potentially creating overlapping structures detected. Structure sets: [minecraft:mineshafts, minecraft:strongholds, minecraft:buried_treasures]
[27Aug2026 20:10:20.261] [Server thread/WARN] [com.structureessentials.StructureEssentials/]: Non-unique structure_set salt:783 potentially creating overlapping structures detected. Structure sets: [nova_structures:taverns, nova_structures:badlands_miner_outpost]
[27Aug2026 20:10:20.261] [Server thread/WARN] [com.structureessentials.StructureEssentials/]: Non-unique structure_set salt:10387313 potentially creating overlapping structures detected. Structure sets: [minecraft:ocean_monuments, minecraft:end_cities]
[27Aug2026 20:10:20.261] [Server thread/WARN] [com.structureessentials.StructureEssentials/]: Non-unique structure_set salt:10387312 potentially creating overlapping structures detected. Structure sets: [minecraft:villages, nova_structures:villages_jungle, nova_structures:villages_swamp]
[27Aug2026 20:10:20.261] [Server thread/WARN] [com.structureessentials.StructureEssentials/]: Non-unique structure_set salt:4533232 potentially creating overlapping structures detected. Structure sets: [nova_structures:illager_camp, nova_structures:nether_camps]
[27Aug2026 20:10:20.261] [Server thread/WARN] [com.structureessentials.StructureEssentials/]: Non-unique structure_set salt:2 potentially creating overlapping structures detected. Structure sets: [alexscaves:ocean_trench, alexscaves:acid_pit]
[27Aug2026 20:10:20.262] [Server thread/WARN] [com.structureessentials.StructureEssentials/]: Non-unique structure_set salt:239021 potentially creating overlapping structures detected. Structure sets: [nova_structures:desert_ruins, nova_structures:jungle_ruins]
[27Aug2026 20:10:20.262] [Server thread/WARN] [com.structureessentials.StructureEssentials/]: Non-unique structure_set salt:3 potentially creating overlapping structures detected. Structure sets: [alexscaves:cake_cave, alexscaves:ferrocave]
[27Aug2026 20:10:20.263] [Server thread/INFO] [net.minecraft.server.MinecraftServer/]: Preparing start region for dimension minecraft:overworld
[27Aug2026 20:10:22.125] [Server thread/INFO] [net.minecraft.server.level.progress.LoggerChunkProgressListener/]: Preparing spawn area: 0%
[27Aug2026 20:10:22.125] [Server thread/INFO] [net.minecraft.server.level.progress.LoggerChunkProgressListener/]: Preparing spawn area: 0%
[27Aug2026 20:10:22.126] [Server thread/INFO] [net.minecraft.server.level.progress.LoggerChunkProgressListener/]: Preparing spawn area: 0%
[27Aug2026 20:10:22.126] [Server thread/INFO] [net.minecraft.server.level.progress.LoggerChunkProgressListener/]: Preparing spawn area: 0%
[27Aug2026 20:10:22.264] [Server thread/INFO] [net.minecraft.server.level.progress.LoggerChunkProgressListener/]: Preparing spawn area: 0%
[27Aug2026 20:10:22.809] [Server thread/INFO] [net.minecraft.server.level.progress.LoggerChunkProgressListener/]: Time elapsed: 2547 ms
[27Aug2026 20:10:22.810] [Server thread/INFO] [net.minecraft.server.dedicated.DedicatedServer/]: Done (4.207s)! For help, type "help"
[27Aug2026 20:10:22.889] [Server thread/INFO] [net.minecraftforge.server.permission.PermissionAPI/]: Successfully initialized permission handler forge:default_handler
[27Aug2026 20:10:22.893] [Server thread/INFO] [com.jkvin114.displaydelight.DisplayDelight/]: HELLO from server starting
[27Aug2026 20:10:22.919] [Server thread/INFO] [com.draconicarcher.brewincompatdelight.Brewincompatdelight/]: HELLO from server starting
[27Aug2026 20:10:22.930] [Server thread/INFO] [com.github.alexthe666.iceandfire.IceAndFire/]: {iceandfire:fire_dragon_roost=true, iceandfire:fire_lily=true, iceandfire:spawn_dragon_skeleton_fire=true, iceandfire:lightning_dragon_roost=true, iceandfire:spawn_dragon_skeleton_lightning=true, iceandfire:ice_dragon_roost=true, iceandfire:ice_dragon_cave=true, iceandfire:lightning_dragon_cave=true, iceandfire:cyclops_cave=true, iceandfire:spawn_wandering_cyclops=true, iceandfire:spawn_sea_serpent=true, iceandfire:frost_lily=true, iceandfire:hydra_cave=true, iceandfire:lightning_lily=true, iceandfire:pixie_village=true, iceandfire:myrmex_hive_jungle=true, iceandfire:myrmex_hive_desert=true, iceandfire:silver_ore=true, iceandfire:siren_island=true, iceandfire:spawn_dragon_skeleton_ice=true, iceandfire:spawn_stymphalian_bird=true, iceandfire:fire_dragon_cave=true, iceandfire:sapphire_ore=true, iceandfire:spawn_hippocampus=true, iceandfire:spawn_death_worm=true}
[27Aug2026 20:10:22.931] [Server thread/INFO] [com.github.alexthe666.iceandfire.IceAndFire/]: {TROLL_S=true, HIPPOGRYPH=true, AMPHITHERE=true, COCKATRICE=true, TROLL_M=true, DREAD_LICH=true, TROLL_F=true}
[27Aug2026 20:10:22.932] [Server thread/INFO] [patchouli/]: Sending reload packet to clients
[27Aug2026 20:10:22.934] [Server thread/WARN] [ModernFix/]: Dedicated server took 54.469 seconds to load
[27Aug2026 20:12:42.188] [Server thread/WARN] [net.minecraft.network.syncher.SynchedEntityData/]: defineId called for: class net.minecraft.world.entity.player.Player from class tschipp.carryon.common.carry.CarryOnDataManager
[27Aug2026 20:12:42.434] [Server thread/INFO] [net.minecraft.server.players.PlayerList/]: Cars0325[/100.108.182.35:54570] logged in with entity id 822 at (832.1750579539904, 63.0, 1326.4589099806458)
[27Aug2026 20:12:42.484] [Server thread/INFO] [ModernFix/]: Using enhanced recipe sync for player Cars0325
[27Aug2026 20:12:42.501] [Server thread/INFO] [net.minecraft.server.MinecraftServer/]: Cars0325 joined the game
[27Aug2026 20:12:42.608] [Server thread/INFO] [me.edoren.skin_changer.server.SkinProviderController/]: Player Cars0325 just logged in with id cdee860c-14b2-399b-9434-7a30a3a1578b
[27Aug2026 20:12:42.613] [ForkJoinPool-4-worker-1/INFO] [me.edoren.skin_changer.server.SkinProviderController/]: Loading local skin for player Cars0325[cdee860c-14b2-399b-9434-7a30a3a1578b]
[27Aug2026 20:12:42.646] [Server thread/INFO] [Jade/]: Syncing config to Cars0325 (cdee860c-14b2-399b-9434-7a30a3a1578b)
[27Aug2026 20:12:42.725] [ForkJoinPool-4-worker-1/INFO] [me.edoren.skin_changer.common.NetworkUtils/]: File https://playerdb.co/api/player/minecraft/Cars0325 downloaded
[27Aug2026 20:12:45.575] [ForkJoinPool-4-worker-1/INFO] [me.edoren.skin_changer.common.NetworkUtils/]: Error downloading file https://crafatar.com/capes/09fdc1a4-d9e5-45b6-8a9e-631408135927
[27Aug2026 20:17:16.503] [Server thread/INFO] [net.minecraft.server.MinecraftServer/]: Cars0325 was turned to ice by Ice Dragon
[27Aug2026 20:17:16.526] [Server thread/INFO] [tombstone/]: The player Cars0325 has successfully been saved
[27Aug2026 20:22:04.845] [Server thread/INFO] [net.minecraft.server.MinecraftServer/]: Cars0325 was slain by Dread Knight
[27Aug2026 20:22:04.991] [Server thread/INFO] [tombstone/]: The player Cars0325 has successfully been saved
[27Aug2026 20:24:11.192] [Server thread/INFO] [net.minecraft.server.MinecraftServer/]: Cars0325 was slain by Dread Ghoul
[27Aug2026 20:24:11.294] [Server thread/INFO] [tombstone/]: The player Cars0325 has successfully been saved
[27Aug2026 20:24:19.201] [Server thread/INFO] [net.minecraft.server.MinecraftServer/]: Cars0325 was slain by Dread Knight
[27Aug2026 20:24:19.233] [Server thread/INFO] [tombstone/]: The player Cars0325 has successfully been saved
[27Aug2026 20:35:40.643] [Server thread/INFO] [net.minecraft.server.MinecraftServer/]: Cars0325 was slain by Dread Knight
[27Aug2026 20:35:40.662] [Server thread/INFO] [tombstone/]: The player Cars0325 has successfully been saved
[27Aug2026 20:45:30.493] [Server thread/INFO] [net.minecraft.server.network.ServerGamePacketListenerImpl/]: Cars0325 lost connection: Timed out
[27Aug2026 20:45:30.493] [Server thread/INFO] [net.minecraft.server.MinecraftServer/]: Cars0325 left the game
[27Aug2026 20:45:30.494] [Server thread/INFO] [me.edoren.skin_changer.server.SkinProviderController/]: Removing session data for player Cars0325[cdee860c-14b2-399b-9434-7a30a3a1578b]
[27Aug2026 20:49:18.440] [Server thread/INFO] [net.minecraft.server.MinecraftServer/]: Stopping the server
[27Aug2026 20:49:18.497] [Server thread/INFO] [net.minecraft.server.MinecraftServer/]: Stopping server
[27Aug2026 20:49:18.499] [Server thread/INFO] [net.minecraft.server.MinecraftServer/]: Saving players
[27Aug2026 20:49:18.499] [Server thread/INFO] [net.minecraft.server.MinecraftServer/]: Saving worlds
[27Aug2026 20:49:18.536] [Server thread/INFO] [net.minecraft.server.MinecraftServer/]: Saving chunks for level 'ServerLevel[world]'/minecraft:overworld
[27Aug2026 20:49:18.704] [Server thread/INFO] [net.minecraft.server.MinecraftServer/]: Saving chunks for level 'ServerLevel[world]'/minecraft:the_nether
[27Aug2026 20:49:18.706] [Server thread/INFO] [net.minecraft.server.MinecraftServer/]: Saving chunks for level 'ServerLevel[world]'/minecraft:the_end
[27Aug2026 20:49:18.774] [Server thread/INFO] [net.minecraft.server.MinecraftServer/]: ThreadedAnvilChunkStorage (world): All chunks are saved
[27Aug2026 20:49:18.774] [Server thread/INFO] [net.minecraft.server.MinecraftServer/]: ThreadedAnvilChunkStorage (DIM-1): All chunks are saved
[27Aug2026 20:49:18.774] [Server thread/INFO] [net.minecraft.server.MinecraftServer/]: ThreadedAnvilChunkStorage (DIM1): All chunks are saved
[27Aug2026 20:49:18.774] [Server thread/INFO] [net.minecraft.server.MinecraftServer/]: ThreadedAnvilChunkStorage: All dimensions are saved
[27Aug2026 20:49:18.882] [Server thread/INFO] [Framework/]: Unloading server configs...
[27Aug2026 20:49:18.884] [Server thread/INFO] [Framework/]: Sending config unload event for refurbished_furniture.server.toml
[27Aug2026 20:49:18.886] [Server thread/INFO] [Framework/]: Finished unloading server configs
